project,part_no,description,vendor_code,new_vendor_code,supplier,monthly_requirement,stock_as_on_date,expected_backorder,shortfall_quantity,coverage,priority,annual_sales_forecast,ncr_stock,blr_stock,open_po,open_sto,sto_intransit,category,vol,hpg_class,series,series_buyer,commodity_head,b_price,total_mard,total_vbbe,actual_stock,inventory_value,fums_value,pan_india_coverage,frequency,scenario,Sep_forecast,Oct_forecast,Nov_forecast,Dec_forecast,Jan_forecast,Feb_forecast,Sep_end_stock,Oct_end_stock,Nov_end_stock,Dec_end_stock,Jan_end_stock,Feb_end_stock,Sep_end_coverage,Oct_end_coverage,Nov_end_coverage,Dec_end_coverage,Jan_end_coverage,Feb_end_coverage
EV-Program,15D-370-926-P,TRANSMISSION COVER,4004,4004,BALANINC PRIVATE LIMITED,1023,12918,139,0,12.63,Gray,10585.75,4884,2689,3,0,4,Transmission,11.54,A,N1,Buyer Alpha,Forging,2709.6,7573,4,7569,20508962.4,36073889.42,7.4,Monthly,excess,1070.5,1120.66,1080.54,1141.24,991.38,906.15,12918,12073.97,11045.91,10252.43,9556.36,8881.68,12.07,10.77,10.22,8.98,9.64,9.8
Commercial-Vehicle,08K-167-316-B,SHOCK ABSORBER,4047,4047,KHATRI-BHARDWAJ PRIVATE LIMITED,304,268,197,0,0.88,Red,3391.9,124,70,2,2,29,Suspension,16.42,D,B1,Buyer Delta,Electronics,588.06,194,29,165,97029.9,173396.83,0.54,Weekly,low_coverage,275.71,329.71,323.21,275.79,281.77,282.77,268,0.0,0.0,0.0,0.0,0.0,0.97,0.0,0.0,0.0,0.0,0.0
India2.0,08K-545-261-C,WIRING HARNESS,4032,4032,UPADHYAYGROUP PRIVATE LIMITED,2227,25078,298,0,11.26,Gray,25827.86,9461,4057,1,3,17,Electrical,23.85,C,N2,Buyer Beta,Metals,3182.39,13518,17,13501,42965447.39,70462042.52,6.06,Monthly,excess,2382.01,2222.0,2357.42,2649.86,2423.2,2478.22,25078,23473.21,21493.3,18937.67,17187.87,14940.02,10.53,10.56,9.12,7.15,7.09,6.03
Passenger-Vehicle,06A-830-419-C,CONSOLE COVER,4065,4065,SANKARLLC PRIVATE LIMITED,646,488,0,158,0.76,Red,8007.67,306,180,8,2,2,Interior,16.28,D,N2,Buyer Delta,Metals,4512.01,486,2,484,2183812.84,2420945.29,0.75,Daily,low_coverage,618.63,747.62,714.58,722.26,763.18,746.36,488,0.0,0.0,0.0,0.0,0.0,0.79,0.0,0.0,0.0,0.0,0.0
India2.0,12B-845-447-P,DOOR PANEL,4009,4009,"SAMI,OAKANDMALL PRIVATE LIMITED",2429,8646,3,0,3.56,Green,24979.77,5374,3155,0,0,29,Body,4.87,D,P2,Buyer Delta,Electronics,6664.9,8529,29,8500,56651650.0,50205957.19,3.5,Weekly,healthy,2266.99,2246.78,2554.52,2751.14,2624.88,2461.69,8646,7032.6,5082.52,2912.2,816.04,0.0,3.81,3.13,1.99,1.06,0.31,0.0
Passenger-Vehicle,04C-865-421-P,FUEL PIPE,4032,4032,UPADHYAYGROUP PRIVATE LIMITED,328,1480,35,0,4.51,Green,3408.46,929,536,4,2,8,Fuel System,14.65,B,P1,Buyer Epsilon,Metals,5339.84,1465,8,1457,7780146.88,7111823.9,4.44,Daily,in_transit,334.55,324.84,279.05,311.55,354.78,312.86,1480,1328.61,1208.09,1062.17,800.92,638.51,4.42,4.09,4.33,3.41,2.26,2.04
Passenger-Vehicle,08K-235-457-P,GEAR HOUSING,4077,4077,GALAGROUP PRIVATE LIMITED,983,4714,145,0,4.8,Green,10798.12,2242,1394,4,0,5,Transmission,9.3,B,N1,Buyer Epsilon,Forging,4869.16,3636,5,3631,17679919.96,23110101.25,3.69,Monthly,healthy,1157.14,1081.96,880.58,944.33,838.75,1178.26,4714,3938.97,3253.43,2385.68,1770.37,919.09,4.07,3.64,3.69,2.53,2.11,0.78
India2.0,04C-807-252-P,BRAKE PAD,4002,4002,KAPOORANDSONS PRIVATE LIMITED,2291,137,541,1613,0.06,Red,23967.79,59,41,2,3,95,Braking,14.6,B,N1,Buyer Beta,Plastics,3620.57,100,95,5,18102.85,528399.96,0.0,Weekly,critical,2110.6,2159.03,2021.36,1982.7,2458.22,2389.71,137,0.0,0.0,0.0,0.0,0.0,0.06,0.0,0.0,0.0,0.0,0.0
India2.0,06A-508-436-B,CHASSIS BRACKET,4006,4006,"BALA,ISSACANDSAINI PRIVATE LIMITED",2200,1164,1597,0,0.53,Red,26926.97,730,243,7,1,79,Chassis,24.18,C,P3,Buyer Epsilon,Machining,8197.52,973,79,894,7328582.88,8575799.62,0.41,Monthly,demand_spike,2485.91,2692.14,3828.18,2920.28,3164.14,3250.02,1164,0.0,0.0,0.0,0.0,0.0,0.47,0.0,0.0,0.0,0.0,0.0
Passenger-Vehicle,06A-296-530-C,BRAKE BRACKET,4043,4043,"ISSAC,DUAANDPRAKASH PRIVATE LIMITED",930,457,39,434,0.49,Red,9703.26,219,180,7,2,44,Braking,18.73,B,N2,Buyer Epsilon,Forging,10529.38,399,44,355,3737929.9,4257081.37,0.38,Weekly,demand_spike,1083.29,1083.64,1595.26,1074.04,1438.87,1385.67,457,0.0,0.0,0.0,0.0,0.0,0.42,0.0,0.0,0.0,0.0,0.0
Commercial-Vehicle,15D-299-835-C,BRAKE PAD,4001,4001,"CHOUDHURY,BAKSHIANDMAHARAJ PRIVATE LIMITED",880,3106,82,0,3.53,Green,10436.76,1563,1082,3,1,86,Braking,10.05,B,B1,Buyer Alpha,Metals,5181.46,2645,86,2559,13259356.14,18313722.5,2.91,Weekly,healthy,974.68,835.41,776.76,955.22,793.39,936.27,3106,2425.79,1718.35,998.29,515.08,0.0,3.19,2.9,2.21,1.05,0.65,0.0
India3.0,08K-443-427-P,DOOR PANEL,4023,4023,MADAN-KANDA PRIVATE LIMITED,2141,23586,62,0,11.02,Gray,25319.14,14977,8794,3,2,85,Body,3.86,D,B1,Buyer Beta,Rubber,5596.02,23771,85,23686,132547329.72,136448344.95,11.06,Daily,excess,2358.84,2442.24,2377.11,2383.19,2393.71,2025.62,23586,21459.81,19460.89,17243.11,15196.87,13711.42,10.0,8.79,8.19,7.24,6.35,6.77
Passenger-Vehicle,15D-127-503-P,RADIATOR PIPE,4053,4053,"IYER,MUNIANDRASTOGI PRIVATE LIMITED",1928,4287,215,0,2.22,Green,22283.65,2602,1463,4,0,89,Cooling,16.1,B,B2,Buyer Delta,Electronics,5012.66,4065,89,3976,19930336.16,20718115.99,2.06,Daily,healthy,1642.78,2147.25,2001.99,1968.26,1658.39,2127.48,4287,2325.42,512.24,0.0,0.0,0.0,2.61,1.08,0.26,0.0,0.0,0.0
EV-Program,06A-720-721-P,DASHBOARD PANEL,4049,4049,"SUNDER,BISWASANDWALIA PRIVATE LIMITED",1882,7837,194,0,4.16,Green,20914.72,3848,2643,3,0,32,Interior,24.12,A,N2,Buyer Alpha,Forging,3949.08,6491,32,6459,25507107.72,26790197.27,3.43,Monthly,healthy,2226.73,1644.9,2096.51,2152.5,1682.84,2223.99,7837,6219.67,4200.57,2312.84,913.06,0.0,3.52,3.78,2.0,1.07,0.54,0.0
India2.0,08K-561-349-C,WATER PUMP,4051,4051,GANDHI-LANKA PRIVATE LIMITED,2109,918,208,983,0.44,Red,26971.52,540,267,5,0,87,Cooling,15.3,D,P3,Buyer Alpha,Fasteners,948.92,807,87,720,683222.4,751174.98,0.34,Weekly,demand_spike,2185.9,2657.28,2873.57,3115.58,3514.37,3126.78,918,0.0,0.0,0.0,0.0,0.0,0.42,0.0,0.0,0.0,0.0,0.0
EV-Program,08K-336-223-A,CONTROL MODULE,4063,4063,"SOLANKI,KIBEANDSOLANKI PRIVATE LIMITED",1078,4938,70,0,4.58,Green,13176.57,2085,1242,4,0,24,Electrical,3.08,B,P2,Buyer Beta,Fasteners,4110.45,3327,24,3303,13576816.35,20633382.23,3.06,Weekly,healthy,1006.97,1184.88,951.41,1031.83,1125.13,1041.11,4938,3920.58,3216.32,2413.43,1612.89,718.12,4.9,3.31,3.38,2.34,1.43,0.69
India3.0,06A-930-676-B,SHOCK ABSORBER,4068,4068,NORI-CHOPRA PRIVATE LIMITED,431,366,116,0,0.85,Red,4932.16,158,144,5,3,1,Suspension,24.85,A,N2,Buyer Delta,Rubber,9998.24,302,1,301,3009470.24,3717933.67,0.7,Monthly,low_coverage,471.56,497.36,452.95,417.75,508.31,426.8,366,0.0,0.0,0.0,0.0,0.0,0.78,0.0,0.0,0.0,0.0,0.0
India2.0,04C-269-911-B,WATER PUMP,4058,4058,AMBLEINC PRIVATE LIMITED,3692,1988,2329,0,#DIV/0!,Red,46091.33,1068,429,2,1,97,Cooling,18.75,C,N1,Buyer Alpha,Fasteners,10327.59,1497,97,1400,14458626.0,17951625.6,0.38,Monthly,demand_spike,3448.15,4455.63,4407.84,4054.01,6268.95,4172.88,1988,0.0,0.0,0.0,0.0,0.0,0.58,0.0,0.0,0.0,0.0,0.0
EV-Program,12B-933-878-P,SEAT BRACKET,4052,4052,"SAMPATH,KAKARANDZACHARIA PRIVATE LIMITED",4462,3341,163,958,0.75,Red,60494.42,1195,692,6,2,77,Interior,2.29,C,P3,Buyer Alpha,Machining,6498.18,1887,77,1810,11761705.8,22845646.57,0.41,Monthly,demand_spike,5136.57,5715.24,5745.98,6433.42,7224.24,7432.99,3341,0.0,0.0,0.0,0.0,0.0,0.65,0.0,0.0,0.0,0.0,0.0
EV-Program,12B-954-594-C,INTAKE MANIFOLD,4070,4070,"SEN,DEYANDSAMI PRIVATE LIMITED",242,213,159,0,0.88,Red,3152.24,87,61,8,1,97,Engine,11.47,B,N1,Buyer Beta,Electronics,2283.49,148,97,51,116457.99,548787.25,0.21,Daily,low_coverage,242.81,215.98,265.82,252.48,244.78,247.91,213,59.47,0.0,0.0,0.0,0.0,0.88,0.28,0.0,0.0,0.0,0.0
Commercial-Vehicle,04C-229-614-B,DASHBOARD PANEL,4054,4054,"PRAKASH,SARMAANDVARUGHESE PRIVATE LIMITED",2099,3167,152,0,1.51,Amber,28021.45,1930,828,4,3,84,Interior,21.87,D,P1,Buyer Epsilon,Fasteners,3235.39,2758,84,2674,8651432.86,10198346.43,1.27,Daily,healthy,2028.38,2061.27,2504.68,1955.74,2017.9,2067.78,3167,1188.33,0.0,0.0,0.0,0.0,1.56,0.58,0.0,0.0,0.0,0.0
India2.0,08K-915-157-B,CONTROL MODULE,4053,4053,"IYER,MUNIANDRASTOGI PRIVATE LIMITED",652,2761,33,0,4.23,Green,7402.97,1672,1007,3,6,42,Electrical,9.43,B,P2,Buyer Epsilon,Machining,934.95,2679,42,2637,2465463.15,2488473.94,4.04,Monthly,in_transit,626.46,727.5,695.1,781.81,777.46,655.45,2761,2065.71,1576.59,955.28,249.4,0.0,4.41,2.84,2.27,1.22,0.32,0.0
Passenger-Vehicle,08K-816-402-P,SENSOR ASSEMBLY,4022,4022,"KONDA,GADEANDSHERE PRIVATE LIMITED",1586,3715,233,0,2.34,Green,19559.55,1812,1176,1,2,59,Electrical,9.96,A,N2,Buyer Alpha,Fasteners,7451.74,2988,59,2929,21826146.46,30996135.19,1.85,Weekly,healthy,1606.36,1651.52,1896.35,1731.29,1458.69,1407.3,3715,2533.86,1077.77,0.0,0.0,0.0,2.31,1.53,0.57,0.0,0.0,0.0
Commercial-Vehicle,04C-244-872-A,BONNET ASSEMBLY,4078,4078,RAMAKRISHNANLLC PRIVATE LIMITED,917,10626,35,0,11.59,Gray,11474.41,3825,2563,0,3,39,Body,18.13,D,B2,Buyer Epsilon,Casting,7653.95,6388,39,6349,48594928.55,72337592.86,6.92,Daily,excess,1071.4,912.81,1060.75,1072.63,1072.81,1019.06,10626,10033.57,9268.99,8306.82,7323.98,6502.39,9.92,10.99,8.74,7.74,6.83,6.38
Commercial-Vehicle,08K-786-860-C,,4002,4002,KAPOORANDSONS PRIVATE LIMITED,526,2027,33,0,3.85,Green,6489.91,996,618,2,1,13,Cooling,18.58,B,N1,Buyer Alpha,Fasteners,5479.24,1614,13,1601,8772263.24,12583026.18,3.04,Monthly,healthy,507.49,566.33,614.52,468.58,503.13,490.33,2027,1630.29,1226.97,879.22,463.91,129.27,3.99,2.88,2.0,1.88,0.92,0.26
EV-Program,06A-907-710-P,COOLING FAN,4036,4036,SIDHU-WADHWA PRIVATE LIMITED,1537,4697,60,0,3.06,Green,20629.31,2411,1852,0,2,87,Cooling,21.47,B,P2,Buyer Epsilon,Forging,2638.55,4263,87,4176,11018584.8,11867821.4,2.72,Daily,healthy,1520.63,1372.17,1355.77,1333.66,1729.8,1417.89,4697,3492.96,2409.24,1329.8,84.71,0.0,3.09,2.55,1.78,1.0,0.05,0.0
India2.0,04C-429-722-A,GEAR HOUSING,4004,4004,BALANINC PRIVATE LIMITED,1487,3468,82,0,2.33,Green,14963.87,1985,976,2,1,6,Transmission,3.24,C,N1,Buyer Epsilon,Forging,9488.22,2961,6,2955,28037690.1,35330242.55,1.99,Weekly,healthy,1511.81,1531.06,1379.26,1420.93,1295.61,1485.8,3468,2405.96,1292.42,5.19,0.0,0.0,2.29,1.57,0.94,0.0,0.0,0.0
Passenger-Vehicle,15D-437-786-P,BRAKE PAD,4078,4078,RAMAKRISHNANLLC PRIVATE LIMITED,488,1843,70,0,3.78,Green,6287.08,1136,467,1,3,55,Braking,8.9,D,B2,Buyer Alpha,Forging,10239.4,1603,55,1548,15850591.2,20724853.7,3.17,Monthly,healthy,482.9,468.18,478.73,426.27,488.56,553.45,1843,1520.29,1263.97,878.63,516.27,174.2,3.82,3.25,2.64,2.06,1.06,0.31
India2.0,06A-858-748-P,DASHBOARD PANEL,4046,4046,CHOUDHURYLLC PRIVATE LIMITED,2098,7969,114,0,3.8,Green,28090.33,3063,1750,2,2,71,Interior,18.68,B,N1,Buyer Delta,Fasteners,2584.36,4813,71,4742,12255035.12,18902858.12,2.26,Weekly,healthy,2098.4,2346.83,1802.58,1804.56,2459.99,2422.04,7969,5986.11,4283.49,2885.79,870.92,0.0,3.8,2.55,2.38,1.6,0.35,0.0
EV-Program,08K-435-222-P,CONTROL MODULE,4048,4048,BRARINC PRIVATE LIMITED,1348,4699,21,0,3.49,Green,18242.98,2594,1024,1,0,20,Electrical,18.7,B,P2,Buyer Delta,Rubber,9330.95,3618,20,3598,33572758.1,45976249.74,2.67,Monthly,healthy,1374.94,1274.68,1308.65,1394.41,1332.29,1242.25,4699,3531.41,2637.64,1540.32,342.48,0.0,3.42,2.77,2.02,1.1,0.26,0.0
Passenger-Vehicle,04C-643-622-A,BRAKE PAD,4046,4046,CHOUDHURYLLC PRIVATE LIMITED,193,600,2,0,3.11,Green,2595.55,337,152,4,3,54,Braking,8.84,B,P2,Buyer Alpha,Electronics,5257.19,489,54,435,2286877.65,2790154.79,2.25,Weekly,healthy,165.46,218.18,170.0,193.48,190.78,179.02,600,494.65,393.26,248.78,176.9,26.77,3.63,2.27,2.31,1.29,0.93,0.15
Passenger-Vehicle,15D-910-856-P,BODY BRACKET,4023,4023,MADAN-KANDA PRIVATE LIMITED,328,485,252,0,1.48,Amber,3888.71,295,148,8,6,87,Body,22.74,B,P3,Buyer Epsilon,Fasteners,2158.67,443,87,356,768486.52,937325.39,1.09,Monthly,low_coverage,286.64,313.56,319.2,330.68,287.61,349.4,485,242.3,114.98,0.0,0.0,0.0,1.69,0.77,0.36,0.0,0.0,0.0
EV-Program,08K-771-815-C,WIRING HARNESS,4008,4008,AHUJA-DUTTA PRIVATE LIMITED,1426,885,1033,0,0.62,Red,17945.51,572,248,1,8,31,Electrical,14.92,A,P3,Buyer Epsilon,Machining,11789.33,820,31,789,9301781.37,10777255.34,0.55,Monthly,low_coverage,1393.72,1405.46,1606.0,1376.65,1353.92,1378.48,885,0.0,0.0,0.0,0.0,0.0,0.63,0.0,0.0,0.0,0.0,0.0
Commercial-Vehicle,04C-520-473-A,CROSS MEMBER,4017,4017,BUCH-KAUL PRIVATE LIMITED,2176,520,741,915,0.24,Red,21918.68,235,177,5,4,23,Chassis,15.3,D,P2,Buyer Epsilon,Rubber,1157.7,412,23,389,450345.3,546379.78,0.18,Weekly,critical,2611.18,2074.88,2436.7,1878.35,2304.46,2482.75,520,0.0,0.0,0.0,0.0,0.0,0.2,0.0,0.0,0.0,0.0,0.0
Commercial-Vehicle,08K-127-524-P,FUEL RAIL,4025,4025,MUTTIGROUP PRIVATE LIMITED,2356,7341,144,0,3.12,Green,30893.04,4697,2600,4,3,67,Fuel System,12.6,B,N1,Buyer Alpha,Casting,11813.9,7297,67,7230,85414497.0,94563927.67,3.07,Daily,healthy,2116.72,2531.32,2773.02,2704.47,2227.54,2687.88,7341,5030.34,2589.39,409.3,0.0,0.0,3.47,1.99,0.93,0.15,0.0,0.0
Passenger-Vehicle,08K-346-684-C,INTAKE MANIFOLD,4041,4041,"LALL,TELLAANDGOKHALE PRIVATE LIMITED",2377,1062,1878,0,0.45,Red,31659.37,514,160,3,3,97,Engine,16.64,A,N2,Buyer Gamma,Metals,9504.91,674,97,577,5484333.07,8819998.83,0.24,Monthly,demand_spike,2233.37,3659.2,3351.23,3571.78,3735.02,3681.68,1062,0.0,0.0,0.0,0.0,0.0,0.48,0.0,0.0,0.0,0.0,0.0
India2.0,08K-306-144-A,BRAKE CALIPER,4065,4065,SANKARLLC PRIVATE LIMITED,2099,19970,240,0,9.51,Gray,21355.52,11466,4778,3,2,47,Braking,7.96,C,N2,Buyer Delta,Fasteners,6667.66,16244,47,16197,107996089.02,115878925.46,7.72,Weekly,excess,1961.29,1860.31,1882.16,2381.79,2504.71,2380.32,19970,18389.14,16897.75,15125.15,12992.97,11287.18,10.18,9.88,8.98,6.35,5.19,4.74
EV-Program,12B-143-844-B,OIL FILTER HOUSING,4025,4025,,215,572,7,0,2.66,Green,2837.43,353,141,3,3,51,Engine,24.95,C,B1,Buyer Alpha,Metals,10394.95,494,51,443,4604962.85,6790926.94,2.06,Monthly,healthy,220.09,252.3,237.46,223.8,207.43,228.1,572,371.02,234.24,68.42,11.52,0.0,2.6,1.47,0.99,0.31,0.06,0.0
EV-Program,12B-319-726-B,WATER PUMP,4047,4047,KHATRI-BHARDWAJ PRIVATE LIMITED,675,483,448,0,0.72,Red,6843.96,221,187,2,6,30,Cooling,22.92,D,P2,Buyer Alpha,Electronics,11435.36,408,30,378,4322566.08,4748449.0,0.56,Daily,low_coverage,610.0,661.39,709.34,648.02,579.87,665.18,483,0.0,0.0,0.0,0.0,0.0,0.79,0.0,0.0,0.0,0.0,0.0
Passenger-Vehicle,04C-228-424-P,FUEL RAIL,4023,4023,MADAN-KANDA PRIVATE LIMITED,5005,2310,2735,0,0.46,Red,57005.45,1426,838,2,2,70,Fuel System,11.7,C,P2,Buyer Epsilon,Electronics,11967.26,2264,70,2194,26256168.44,29400969.41,0.44,Daily,demand_spike,5878.69,7783.58,7089.04,6875.83,6937.08,8848.74,2310,0.0,0.0,0.0,0.0,0.0,0.39,0.0,0.0,0.0,0.0,0.0
Commercial-Vehicle,15D-396-757-B,COOLING FAN,4065,4065,SANKARLLC PRIVATE LIMITED,560,267,84,209,0.48,Red,5962.81,161,56,4,2,44,Cooling,6.2,D,P3,Buyer Delta,Metals,9983.43,217,44,173,1727133.39,2773577.28,0.31,Monthly,demand_spike,583.96,744.18,835.48,899.92,775.68,902.49,267,0.0,0.0,0.0,0.0,0.0,0.46,0.0,0.0,0.0,0.0,0.0
Commercial-Vehicle,12B-415-609-P,INTAKE MANIFOLD,4021,4021,"LOKE,BORAANDGARG PRIVATE LIMITED",2003,5389,73,0,2.69,Green,22534.41,3463,984,2,2,93,Engine,23.64,D,P2,Buyer Beta,Casting,5594.73,4447,93,4354,24359454.42,28979036.06,2.17,Daily,healthy,2096.3,2029.57,1801.31,2308.37,2272.84,1835.63,5389,3794.11,2518.34,585.76,0.0,0.0,2.57,1.87,1.4,0.25,0.0,0.0
Commercial-Vehicle,15D-141-146-P,INTAKE MANIFOLD,4037,4037,APTE-CONTRACTOR PRIVATE LIMITED,1947,989,220,738,0.51,Red,22826.07,572,238,5,6,93,Engine,17.87,D,N2,Buyer Delta,Electronics,3457.55,810,93,717,2479063.35,3317528.1,0.37,Monthly,low_coverage,2043.57,2031.94,1961.84,1742.63,2196.63,2169.42,989,0.0,0.0,0.0,0.0,0.0,0.48,0.0,0.0,0.0,0.0,0.0
Passenger-Vehicle,04C-295-119-C,BRAKE PAD,4018,4018,RAILLC PRIVATE LIMITED,1324,6576,189,0,4.97,Green,17702.42,3699,1479,4,3,43,Braking,10.53,D,B1,Buyer Beta,Machining,1983.52,5178,43,5135,10185375.2,14279180.57,3.88,Monthly,healthy,1296.1,1579.48,1402.01,1393.08,1348.04,1193.88,6576,5166.9,4170.32,3023.27,1932.57,841.98,5.07,3.27,2.97,2.17,1.43,0.71
EV-Program,04C-687-792-C,CONTROL ARM,4061,4061,"KHANNA,MALLICKANDSUNDER PRIVATE LIMITED",275,911,35,0,3.31,Green,3107.55,404,176,3,7,270,Suspension,20.48,B,P3,Buyer Alpha,Forging,8481.07,580,270,310,2629131.7,8681507.65,1.13,Monthly,in_transit,266.7,308.05,292.47,260.6,307.98,264.27,911,691.44,521.03,382.13,221.87,70.62,3.42,2.24,1.78,1.47,0.72,0.27
India3.0,15D-856-840-P,GEAR HOUSING,4045,4045,NAIKGROUP PRIVATE LIMITED,1948,1492,555,0,0.77,Red,26750.12,797,442,5,0,17,Transmission,10.51,B,P1,Buyer Delta,Fasteners,8978.17,1239,17,1222,10971323.74,12360464.07,0.63,Daily,demand_spike,2112.49,2453.75,2581.09,2835.99,2456.36,2177.22,1492,0.0,0.0,0.0,0.0,0.0,0.71,0.0,0.0,0.0,0.0,0.0
Commercial-Vehicle,04C-289-243-C,SEAT BRACKET,4005,4005,KAULPLC PRIVATE LIMITED,2346,11142,171,0,4.75,Green,26130.33,6872,2045,4,3,67,Interior,23.4,A,P3,Buyer Delta,Rubber,7249.28,8917,67,8850,64156128.0,80873556.92,3.77,Weekly,healthy,2218.13,2265.62,2584.14,2643.4,2138.2,2673.14,11142,9093.68,7232.48,4923.71,2965.41,638.2,5.02,4.01,2.8,1.86,1.39,0.24
India3.0,15D-994-906-P,CONSOLE COVER,4043,4043,"ISSAC,DUAANDPRAKASH PRIVATE LIMITED",2366,8962,354,0,3.79,Green,25896.37,3566,2881,0,2,59,Interior,11.22,C,P1,Buyer Epsilon,Metals,176.77,6447,59,6388,1129206.76,1785299.72,2.7,Daily,healthy,2746.29,2582.73,2315.46,2407.08,2355.46,2638.26,8962,6687.55,4857.11,2873.01,902.99,0.0,3.26,2.59,2.1,1.19,0.38,0.0
India2.0,12B-132-393-C,BRAKE CALIPER,4065,4065,SANKARLLC PRIVATE LIMITED,2218,5874,266,0,2.65,Green,26100.01,2216,1630,1,3,91,Braking,19.25,D,P3,Buyer Delta,Fasteners,1832.23,3846,91,3755,6880023.65,11759210.34,1.69,Weekly,healthy,2237.3,2239.91,2407.57,2192.67,2334.24,2429.01,5874,4279.74,2293.58,256.52,0.0,0.0,2.63,1.91,0.95,0.12,0.0,0.0
Commercial-Vehicle,15D-788-820-P,RADIATOR PIPE,4011,4011,CHANDAGROUP PRIVATE LIMITED,2228,121,365,1742,0.05,Red,31128.25,68,24,7,3,67,Cooling,18.54,D,N1,Buyer Beta,Rubber,1630.56,92,67,25,40764.0,167908.68,0.01,Daily,critical,1911.53,2419.0,2189.56,2163.74,1918.92,2081.47,121,0.0,0.0,0.0,0.0,0.0,0.06,0.0,0.0,0.0,0.0,0.0
Passenger-Vehicle,12B-346-969-A,CONTROL MODULE,4065,4065,SANKARLLC PRIVATE LIMITED,0,294,1,0,,Gray,0.0,180,116,2,2,30,Electrical,21.45,B,B2,Buyer Delta,Plastics,9796.8,296,30,266,2605948.8,2898621.76,,Monthly,zero_demand,0.0,0.0,0.0,0.0,0.0,0.0,294,338.0,464.0,561.0,667.0,714.0,,,,,,
Commercial-Vehicle,06A-812-718-A,COOLING FAN,4054,4054,"PRAKASH,SARMAANDVARUGHESE PRIVATE LIMITED",569,545,104,0,0.96,Red,6441.68,205,180,2,6,57,Cooling,22.89,C,B2,Buyer Gamma,Machining,4685.49,385,57,328,1536840.72,2316476.95,0.58,Weekly,low_coverage,537.11,603.72,643.9,526.87,544.03,670.29,545,8.35,0.0,0.0,0.0,0.0,1.01,0.01,0.0,0.0,0.0,0.0
Commercial-Vehicle,06A-850-914-B,BRAKE CALIPER,4046,4046,CHOUDHURYLLC PRIVATE LIMITED,1493,4838,25,0,3.24,Green,19724.42,3020,1174,3,2,97,Braking,3.58,D,P2,Buyer Epsilon,Plastics,6173.29,4194,97,4097,25291969.13,29095198.83,2.74,Monthly,healthy,1563.0,1345.3,1571.68,1371.57,1704.52,1403.52,4838,3890.32,2586.49,1623.94,218.78,0.0,3.1,2.89,1.65,1.18,0.13,0.0
India2.0,08K-515-570-A,OIL FILTER HOUSING,4010,4010,KALELLC PRIVATE LIMITED,461,210,34,217,0.46,Red,5914.02,97,63,1,3,27,Engine,5.72,A,B1,Buyer Alpha,Metals,9181.49,160,27,133,1221138.17,2024569.48,0.29,Weekly,demand_spike,491.33,542.55,581.95,598.21,488.22,621.5,210,0.0,0.0,0.0,0.0,0.0,0.43,0.0,0.0,0.0,0.0,0.0
Commercial-Vehicle,04C-406-266-A,WATER PUMP,4049,4049,"SUNDER,BISWASANDWALIA PRIVATE LIMITED",249,303,43,0,1.22,Amber,2572.36,157,110,7,6,82,Cooling,20.88,D,B1,Buyer Epsilon,Casting,7655.51,267,82,185,1416269.35,2038037.55,0.74,Weekly,low_coverage,257.68,230.07,253.09,271.3,260.76,213.01,303,225.52,51.76,0.0,0.0,0.0,1.18,0.98,0.2,0.0,0.0,0.0
Commercial-Vehicle,08K-469-209-P,WIRING HARNESS,4011,4011,CHANDAGROUP PRIVATE LIMITED,1436,1613,475,0,1.12,Amber,19177.35,1033,373,6,7,77,Electrical,23.58,D,P3,Buyer Gamma,Metals,682.21,1406,77,1329,906657.09,1144681.59,0.93,Daily,low_coverage,1614.41,1335.26,1437.65,1263.67,1579.01,1411.59,1613,522.94,0.0,0.0,0.0,0.0,1.0,0.39,0.0,0.0,0.0,0.0
EV-Program,08K-352-838-C,TRANSMISSION COVER,4024,4024,"NAIR,BHALLAANDKARNIK PRIVATE LIMITED",2301,6737,13,0,2.93,Green,23834.85,4103,1031,4,2,11,Transmission,15.46,D,P1,Buyer Beta,Forging,6674.69,5134,11,5123,34194436.87,43804665.76,2.23,Daily,healthy,2583.35,2406.47,2416.48,2092.36,2352.99,2178.1,6737,4396.9,2579.09,937.15,0.0,0.0,2.61,1.83,1.07,0.45,0.0,0.0
India2.0,12B-825-314-C,COOLING FAN,4043,4043,"ISSAC,DUAANDPRAKASH PRIVATE LIMITED",1576,4181,85,0,2.65,Green,18474.6,1865,1617,4,5,70,Cooling,20.8,A,B2,Buyer Delta,Fasteners,9656.75,3482,70,3412,32948831.0,36751446.92,2.16,Daily,in_transit,1512.9,1873.95,1873.42,1547.03,1540.94,1666.27,4181,2764.0,1075.69,0.0,0.0,0.0,2.76,1.47,0.57,0.0,0.0,0.0
EV-Program,12B-208-110-P,SEAT BRACKET,4031,4031,"RASTOGI,PATHAKANDKANDA PRIVATE LIMITED",651,2774,9,0,4.26,Green,7679.37,1415,1056,4,3,61,Interior,5.63,B,N1,Buyer Gamma,Machining,8594.23,2471,61,2410,20712094.3,26484058.11,3.7,Weekly,healthy,648.66,774.01,688.65,728.56,591.25,777.47,2774,2194.72,1547.81,971.61,581.61,0.0,4.28,2.84,2.25,1.33,0.98,0.0
Passenger-Vehicle,12B-573-337-C,SUSPENSION BRACKET,4065,4065,SANKARLLC PRIVATE LIMITED,120,304,2,0,2.53,Green,1255.71,137,105,1,2,44,Suspension,4.69,D,N1,Buyer Alpha,Rubber,5813.94,242,44,198,1151160.12,1778633.5,1.65,Weekly,healthy,116.63,132.32,114.61,102.95,130.44,123.67,304,206.79,126.62,67.58,26.39,0.57,2.61,1.56,1.1,0.66,0.2,0.0
India3.0,08K-810-244-C,CONTROL ARM,4055,4055,DARA-KOTA PRIVATE LIMITED,899,3715,16,0,4.13,Green,11066.14,1663,982,4,2,23,Suspension,14.95,D,N1,Buyer Beta,Fasteners,2501.18,2645,23,2622,6558093.96,8629428.32,2.92,Monthly,healthy,1035.58,965.25,948.85,958.4,1053.21,862.69,3715,2947.01,2269.84,1432.07,520.77,0.0,3.59,3.05,2.39,1.49,0.49,0.0
Passenger-Vehicle,15D-215-686-P,BRAKE PAD,4023,4023,MADAN-KANDA PRIVATE LIMITED,2025,1395,644,0,0.69,Red,27070.08,691,277,1,1,45,Braking,19.4,C,N2,Buyer Alpha,Fasteners,3494.46,968,45,923,3225386.58,4705048.01,0.46,Monthly,low_coverage,2119.27,2011.22,2067.62,2285.33,1916.05,2274.6,1395,0.0,0.0,0.0,0.0,0.0,0.66,0.0,0.0,0.0,0.0,0.0
EV-Program,15D-795-934-P,DOOR PANEL,4055,4055,DARA-KOTA PRIVATE LIMITED,1033,5162,115,0,5,Green,11415.95,3007,1080,0,0,56,Body,24.07,D,P1,Buyer Gamma,Electronics,3600.6,4087,56,4031,14514018.6,20318741.11,3.9,Monthly,healthy,1090.61,1135.02,1100.82,1169.26,979.68,1232.01,5162,4173.18,3183.57,2275.98,1491.26,623.12,4.73,3.68,2.89,1.95,1.52,0.51
India3.0,12B-944-316-C,CONTROL MODULE,4032,4032,UPADHYAYGROUP PRIVATE LIMITED,1339,5577,173,0,4.17,Green,15493.31,3002,1359,1,2,73,Electrical,8.14,C,P3,Buyer Epsilon,Electronics,9948.64,4361,73,4288,42659768.32,48418004.11,3.2,Monthly,healthy,1510.54,1326.95,1351.24,1139.31,1480.7,1536.55,5577,4427.05,3396.75,2344.77,1155.54,0.0,3.69,3.34,2.51,2.06,0.78,0.0
India2.0,04C-812-451-P,FUEL RAIL,4044,4044,ZACHARIAPLC PRIVATE LIMITED,531,341,8,182,0.64,Red,5573.88,119,132,3,3,56,Fuel System,17.38,D,P1,Buyer Beta,Machining,589.48,251,56,195,114948.6,183061.34,0.37,Daily,demand_spike,579.32,698.91,615.02,659.9,632.59,653.2,341,0.0,0.0,0.0,0.0,0.0,0.59,0.0,0.0,0.0,0.0,0.0
Passenger-Vehicle,15D-714-838-B,TRANSMISSION COVER,4014,4014,"DASH,RADHAKRISHNANANDBRAR PRIVATE LIMITED",1245,5237,34,0,4.21,Green,15645.05,2791,1000,1,0,8,Transmission,0.77,C,P2,Buyer Epsilon,Rubber,1680.07,3791,8,3783,6355704.81,8405727.95,3.04,Monthly,healthy,1151.09,1459.09,1432.98,1119.26,1211.43,1166.22,5237,4030.95,2950.16,2174.25,1170.63,171.02,4.55,2.76,2.06,1.94,0.97,0.15
India2.0,15D-650-730-A,COOLING FAN,4038,4038,"YADAV,LOKEANDOAK PRIVATE LIMITED",1000,63,653,284,0.06,Red,12375.72,24,23,1,6,46,Cooling,2.18,A,N2,Buyer Beta,Electronics,5958.86,47,46,1,5958.86,383109.35,0.0,Monthly,critical,977.89,1116.95,855.84,925.51,1027.31,1118.49,63,0.0,0.0,0.0,0.0,0.0,0.06,0.0,0.0,0.0,0.0,0.0
India2.0,04C-443-926-C,CROSS MEMBER,4051,4051,GANDHI-LANKA PRIVATE LIMITED,290,368,186,0,1.27,Amber,4005.98,138,95,4,4,7,Chassis,13.14,C,B1,Buyer Epsilon,Metals,3749.63,233,7,226,847416.38,1360561.69,0.78,Weekly,low_coverage,308.3,321.78,247.79,263.13,299.0,263.45,368,97.08,0.0,0.0,0.0,0.0,1.19,0.3,0.0,0.0,0.0,0.0
India2.0,15D-789-153-A,FUEL PIPE,4066,4066,ROY-SIBAL PRIVATE LIMITED,2066,4305,80,0,2.08,Green,22768.28,1801,1193,0,0,73,Fuel System,20.13,A,N1,Buyer Alpha,Fasteners,10317.94,2994,73,2921,30138702.74,38342754.34,1.41,Weekly,healthy,2380.08,2097.23,1885.51,2155.88,1918.45,1952.25,4305,2569.28,711.46,0.0,0.0,0.0,1.81,1.23,0.38,0.0,0.0,0.0
India3.0,15D-343-529-C,DASHBOARD PANEL,4042,4042,"CHERIAN,MISRAANDTRIPATHI PRIVATE LIMITED",1890,4162,155,0,2.2,Green,24491.19,2195,1137,1,2,59,Interior,24.32,B,B1,Buyer Gamma,Metals,135.31,3332,59,3273,442869.63,609217.7,1.73,Daily,healthy,1735.77,2109.56,2223.28,1835.66,2235.58,2168.12,4162,2451.55,908.8,0.0,0.0,0.0,2.4,1.16,0.41,0.0,0.0,0.0
EV-Program,12B-223-648-B,DOOR PANEL,4067,4067,"BHAGAT,CHAUDHARIANDBHAT PRIVATE LIMITED",1545,6361,148,0,4.12,Green,16040.67,2369,1857,1,3,81,Body,11.35,D,P3,Buyer Alpha,Metals,5523.16,4226,81,4145,22893498.2,34447550.3,2.68,Daily,healthy,1834.65,1454.38,1692.17,1558.08,1386.85,1397.29,6361,5255.68,3756.47,2547.91,1267.75,281.36,3.47,3.61,2.22,1.64,0.91,0.2
Passenger-Vehicle,15D-365-932-P,DASHBOARD PANEL,4078,4078,RAMAKRISHNANLLC PRIVATE LIMITED,1362,5433,91,0,3.99,Green,15778.74,2325,2160,0,2,86,Interior,24.93,B,B1,Buyer Delta,Electronics,1813.95,4485,86,4399,7979566.05,8468807.78,3.23,Daily,healthy,1350.47,1514.31,1206.28,1163.4,1220.01,1484.85,5433,4320.68,3207.58,2149.52,1078.29,0.0,4.02,2.85,2.66,1.85,0.88,0.0
India2.0,12B-900-830-B,CROSS MEMBER,4016,4016,"BOASE,BATHANDKARI PRIVATE LIMITED",1908,9033,221,0,4.73,Green,25351.1,4198,2318,3,0,63,Chassis,13.66,D,P3,Buyer Epsilon,Casting,645.63,6516,63,6453,4166250.39,5576435.97,3.38,Weekly,healthy,2228.37,1919.65,2054.05,1941.7,1713.45,1788.18,9033,7583.93,5927.21,4526.35,3289.82,1643.28,4.05,3.95,2.89,2.33,1.92,0.92
Passenger-Vehicle,04C-820-817-B,CONSOLE COVER,4024,4024,"NAIR,BHALLAANDKARNIK PRIVATE LIMITED",2465,11425,143,0,4.63,Green,25227.71,6627,4568,3,2,67,Interior,14.13,B,B2,Buyer Delta,Forging,2659.48,11195,67,11128,29594693.44,34705059.72,4.51,Daily,healthy,2181.64,2325.2,2754.43,2825.57,2902.1,2247.18,11425,9220.59,6649.1,4056.65,1204.69,0.0,5.24,3.97,2.41,1.44,0.42,0.0
Commercial-Vehicle,08K-278-824-B,FUEL PIPE,4005,4005,KAULPLC PRIVATE LIMITED,972,1525,122,0,1.57,Amber,9722.66,689,296,4,1,25,Fuel System,16.67,B,N1,Buyer Gamma,Forging,7235.89,985,25,960,6946454.4,12035884.08,0.99,Daily,healthy,1121.57,876.45,1089.64,1152.98,1025.56,872.62,1525,749.25,0.0,0.0,0.0,0.0,1.36,0.85,0.0,0.0,0.0,0.0
Commercial-Vehicle,15D-766-876-A,WIRING HARNESS,4001,4001,"CHOUDHURY,BAKSHIANDMAHARAJ PRIVATE LIMITED",7077,1680,1491,3906,0.24,Red,87822.42,1060,311,4,0,81,Electrical,11.34,A,P3,Buyer Alpha,Casting,4723.55,1371,81,1290,6093379.5,8519645.3,0.18,Weekly,demand_spike,6604.95,9958.19,9039.94,10353.99,10315.32,9555.61,1680,0.0,0.0,0.0,0.0,0.0,0.25,0.0,0.0,0.0,0.0,0.0
India2.0,12B-189-401-C,GEAR HOUSING,4010,4010,KALELLC PRIVATE LIMITED,1557,2744,229,0,1.76,Amber,21661.24,1540,707,2,3,76,Transmission,2.51,B,P2,Buyer Gamma,Metals,1964.42,2247,76,2171,4264755.82,5638813.54,1.39,Weekly,healthy,1654.41,1352.64,1546.49,1468.01,1375.72,1781.13,2744,1665.56,429.46,0.0,0.0,0.0,1.66,1.23,0.28,0.0,0.0,0.0
Commercial-Vehicle,15D-803-987-C,TRANSMISSION COVER,4040,4040,SETTYINC PRIVATE LIMITED,1948,23277,46,0,11.95,Gray,24481.42,14330,5641,3,2,23,Transmission,22.05,D,P3,Buyer Alpha,Machining,5889.6,19971,23,19948,117485740.8,134862082.66,10.24,Monthly,excess,1835.32,1810.05,1758.84,1714.24,1938.06,2033.25,23277,21812.93,20211.55,18916.53,17154.47,15335.14,12.68,12.05,11.49,11.03,8.85,7.54
Passenger-Vehicle,12B-215-524-A,INTAKE MANIFOLD,4065,4065,SANKARLLC PRIVATE LIMITED,2136,1671,246,219,0.78,Red,29470.43,1072,588,8,3,22,Engine,14.21,A,P1,Buyer Epsilon,Metals,9613.39,1660,22,1638,15746732.82,14262493.09,0.77,Weekly,low_coverage,2132.12,2141.1,2439.18,1880.66,2059.41,2501.27,1671,0.0,0.0,0.0,0.0,0.0,0.78,0.0,0.0,0.0,0.0,0.0
Commercial-Vehicle,08K-375-846-C,BRAKE BRACKET,4045,4045,NAIKGROUP PRIVATE LIMITED,1101,3522,155,0,3.2,Green,13093.3,1384,1064,1,7,142,Braking,16.17,B,N1,Buyer Beta,Machining,4621.2,2448,142,2306,10656487.2,17221467.81,2.09,Monthly,in_transit,950.79,1063.59,1290.69,1066.05,1043.88,1310.6,3522,2782.14,1529.68,597.62,0.0,0.0,3.7,2.62,1.19,0.56,0.0,0.0
Passenger-Vehicle,08K-452-267-B,FUEL FILTER,4067,4067,"BHAGAT,CHAUDHARIANDBHAT PRIVATE LIMITED",250,514,19,0,2.06,Green,3209.57,206,189,3,1,70,Fuel System,20.79,A,P3,Buyer Alpha,Machining,6202.63,395,70,325,2015854.75,2901913.28,1.3,Daily,in_transit,217.54,216.92,236.47,247.23,233.67,228.04,514,381.77,284.73,49.25,0.0,0.0,2.36,1.76,1.2,0.2,0.0,0.0
Passenger-Vehicle,15D-506-698-P,WIRING HARNESS,4074,4074,CHANDERANDSONS PRIVATE LIMITED,897,10608,52,0,11.83,Gray,9935.47,6464,4156,3,0,65,Electrical,12.84,C,N2,Buyer Epsilon,Forging,10291.05,10620,65,10555,108622032.75,115134542.88,11.77,Weekly,excess,911.29,816.83,841.69,986.21,895.5,906.55,10608,9888.83,9166.15,8321.6,7654.69,7002.32,11.64,12.11,10.89,8.44,8.55,7.72
Passenger-Vehicle,12B-787-467-B,GEAR HOUSING,4062,4062,ZACHARIAANDSONS PRIVATE LIMITED,1152,5201,66,0,4.51,Green,14543.4,2627,1092,2,1,24,Transmission,21.03,B,P3,Buyer Alpha,Fasteners,7701.51,3719,24,3695,28457079.45,34729462.79,3.21,Daily,healthy,1324.87,1142.13,1270.02,1083.8,1276.25,1308.22,5201,4288.15,3202.54,2375.28,1378.07,340.67,3.93,3.75,2.52,2.19,1.08,0.26
Passenger-Vehicle,12B-246-423-A,,4072,4072,BORRAGROUP PRIVATE LIMITED,769,10840,83,0,14.1,Gray,7964.69,5161,4029,2,2,28,Interior,12.24,B,P3,Buyer Alpha,Plastics,11365.2,9190,28,9162,104127962.4,118456198.03,11.91,Weekly,excess,811.26,685.35,809.84,893.04,796.26,690.62,10840,10465.79,9852.75,9168.23,8526.8,8078.25,13.36,15.27,12.17,10.27,10.71,11.7
EV-Program,06A-166-943-P,SEAT BRACKET,4027,4027,"MURTY,KALAANDTATA PRIVATE LIMITED",710,5272,100,0,7.43,Green,9268.54,2847,1322,0,3,16,Interior,23.72,D,B1,Buyer Epsilon,Casting,6932.3,4169,16,4153,28789841.9,41648998.52,5.85,Weekly,excess,698.75,653.05,825.16,650.86,659.73,635.54,5272,4724.3,4084.3,3549.04,2988.6,2601.0,7.54,7.23,4.95,5.45,4.53,4.09
Commercial-Vehicle,04C-660-358-C,SENSOR ASSEMBLY,4044,4044,ZACHARIAPLC PRIVATE LIMITED,0,96,0,0,,Gray,0.0,40,38,3,1,2,Electrical,3.91,A,P3,Buyer Delta,Metals,4336.64,78,2,76,329584.64,380246.48,,Monthly,zero_demand,0.0,0.0,0.0,0.0,0.0,0.0,96,105.0,241.0,253.0,258.0,371.0,,,,,,
India3.0,04C-898-623-P,BRAKE BRACKET,4035,4035,BHATT-RAJAN PRIVATE LIMITED,581,397,261,0,0.68,Red,7480.41,232,108,2,2,36,Braking,18.12,C,B1,Buyer Beta,Fasteners,5049.16,340,36,304,1534944.64,2070065.3,0.52,Weekly,low_coverage,652.05,691.73,553.91,678.97,561.08,678.26,397,0.0,0.0,0.0,0.0,0.0,0.61,0.0,0.0,0.0,0.0,0.0
Commercial-Vehicle,06A-215-235-P,DASHBOARD PANEL,4060,4060,NARAYANANINC PRIVATE LIMITED,735,3294,46,0,4.48,Green,9706.69,1246,1118,2,0,54,Interior,2.68,D,B2,Buyer Epsilon,Fasteners,10494.72,2364,54,2310,24242803.2,29860076.85,3.14,Daily,healthy,843.93,668.61,870.45,720.61,727.85,839.74,3294,2844.78,2156.56,1583.36,931.37,278.73,3.9,4.25,2.48,2.2,1.28,0.33
India3.0,15D-727-155-P,SUSPENSION BRACKET,4049,4049,"SUNDER,BISWASANDWALIA PRIVATE LIMITED",138,1920,4,0,13.91,Gray,1646.66,925,318,3,3,14,Suspension,23.37,D,B2,Buyer Delta,Electronics,10356.41,1243,14,1229,12728027.89,20808769.82,8.91,Daily,excess,117.9,142.65,128.12,142.37,138.21,134.0,1920,1930.49,1889.79,1782.52,1776.75,1751.59,16.28,13.53,14.75,12.52,12.86,13.07
India3.0,12B-439-673-C,FUEL FILTER,4042,4042,"CHERIAN,MISRAANDTRIPATHI PRIVATE LIMITED",1159,2641,164,0,2.28,Green,13345.36,1276,774,1,3,10,Fuel System,16.46,D,P1,Buyer Alpha,Rubber,642.19,2050,10,2040,1310067.6,1486405.36,1.76,Daily,healthy,1187.35,1382.96,1026.79,1207.89,1346.22,1370.66,2641,1350.12,616.18,0.0,0.0,0.0,2.22,0.98,0.6,0.0,0.0,0.0
Commercial-Vehicle,04C-643-853-P,FRAME SUPPORT,4046,4046,CHOUDHURYLLC PRIVATE LIMITED,1215,3412,27,0,2.81,Green,12372.48,2035,1145,1,3,253,Chassis,23.39,D,N2,Buyer Beta,Electronics,6590.38,3180,253,2927,19290042.26,21873920.23,2.41,Monthly,in_transit,1140.89,1084.1,1227.11,1078.58,1085.15,1312.76,3412,2422.96,1348.91,578.22,0.0,0.0,2.99,2.23,1.1,0.54,0.0,0.0
India3.0,15D-655-810-B,SENSOR ASSEMBLY,4014,4014,"DASH,RADHAKRISHNANANDBRAR PRIVATE LIMITED",2479,6510,196,0,2.63,Green,28941.48,2812,2544,4,1,88,Electrical,2.97,C,N2,Buyer Delta,Machining,7289.68,5356,88,5268,38402034.24,54154086.46,2.13,Monthly,healthy,2500.06,2465.27,2366.5,2724.81,2281.45,2702.89,6510,4360.62,2250.72,0.0,0.0,0.0,2.6,1.77,0.95,0.0,0.0,0.0
India2.0,12B-496-526-B,BRAKE BRACKET,4037,4037,APTE-CONTRACTOR PRIVATE LIMITED,1750,5826,12,0,3.33,Green,20166.09,2505,2018,0,4,29,Braking,1.44,C,P2,Buyer Epsilon,Fasteners,9707.33,4523,29,4494,43624741.02,64758743.09,2.57,Daily,in_transit,1906.08,1525.5,1949.08,1550.27,2017.22,1725.69,5826,4434.74,3072.19,1716.07,0.0,0.0,3.06,2.91,1.58,1.11,0.0,0.0
India2.0,08K-638-325-A,FRAME SUPPORT,4076,4076,KALA-RATTAN PRIVATE LIMITED,2491,2037,602,0,0.82,Red,29381.99,1162,366,2,3,23,Chassis,1.8,B,N1,Buyer Epsilon,Machining,2389.77,1528,23,1505,3596603.85,4197109.03,0.6,Daily,low_coverage,2360.69,2257.66,2405.55,2152.17,2791.87,2545.04,2037,0.0,0.0,0.0,0.0,0.0,0.86,0.0,0.0,0.0,0.0,0.0
Passenger-Vehicle,04C-741-167-A,FRAME SUPPORT,4029,4029,DEWAN-KOSHY PRIVATE LIMITED,2675,2076,1945,0,0.78,Red,37413.95,1004,780,1,2,14,Chassis,15.77,B,B2,Buyer Delta,Metals,3999.56,1784,14,1770,7079221.2,8586307.58,0.66,Daily,demand_spike,2855.28,3770.38,3670.87,4013.49,3503.05,4343.61,2076,0.0,0.0,0.0,0.0,0.0,0.73,0.0,0.0,0.0,0.0,0.0
EV-Program,15D-188-388-C,BRAKE PAD,4056,4056,BHATTLLC PRIVATE LIMITED,315,29,183,103,0.09,Red,3567.96,11,6,2,1,9,Braking,9.94,A,N1,Buyer Beta,Rubber,8972.81,17,9,8,71782.48,226678.72,0.03,Daily,critical,358.33,312.69,315.49,326.72,351.09,307.19,29,0.0,0.0,0.0,0.0,0.0,0.08,0.0,0.0,0.0,0.0,0.0
Commercial-Vehicle,15D-174-397-P,COOLING FAN,4070,4070,"SEN,DEYANDSAMI PRIVATE LIMITED",610,2808,82,0,4.6,Green,7010.44,1086,424,0,1,70,Cooling,2.55,D,P3,Buyer Gamma,Electronics,3604.76,1510,70,1440,5190854.4,10415673.13,2.36,Monthly,healthy,633.18,583.55,563.71,548.91,559.99,700.46,2808,2349.17,1929.76,1556.83,1256.45,722.01,4.43,4.03,3.42,2.84,2.24,1.03
India3.0,15D-301-369-P,BONNET ASSEMBLY,4013,4013,"LALLA,BASSIANDSHARAF PRIVATE LIMITED",305,796,28,0,2.61,Green,3450.58,413,191,2,1,88,Body,1.98,A,B2,Buyer Epsilon,Plastics,10805.42,604,88,516,5575596.72,8127192.47,1.69,Monthly,healthy,304.97,285.53,288.79,352.96,341.96,278.01,796,677.04,518.49,303.93,32.83,0.0,2.61,2.37,1.8,0.86,0.1,0.0
India2.0,06A-879-599-A,SHOCK ABSORBER,4052,4052,"SAMPATH,KAKARANDZACHARIA PRIVATE LIMITED",891,9769,120,0,10.96,Gray,11240.53,4073,3351,1,3,46,Suspension,6.68,B,P1,Buyer Beta,Casting,10879.39,7424,46,7378,80268139.42,113717018.31,8.28,Weekly,excess,848.1,916.52,760.65,993.48,813.22,986.85,9769,9118.69,8544.78,7804.81,7039.02,6270.6,11.52,9.95,11.23,7.86,8.66,6.35
India3.0,12B-930-438-P,FUEL RAIL,4059,4059,"BHARGAVA,KARNIKANDBIR PRIVATE LIMITED",363,252,266,0,0.69,Red,4549.94,131,73,5,2,94,Fuel System,16.91,D,P2,Buyer Epsilon,Electronics,11767.85,204,94,110,1294463.5,2855768.45,0.3,Monthly,demand_spike,356.64,500.87,489.7,634.03,456.82,413.95,252,0.0,0.0,0.0,0.0,0.0,0.71,0.0,0.0,0.0,0.0,0.0
EV-Program,12B-710-704-P,RADIATOR PIPE,4003,4003,"CHAUDRY,CHAHALANDSAMI PRIVATE LIMITED",543,1120,80,0,2.06,Green,6543.46,447,426,4,0,18,Cooling,9.52,B,P1,Buyer Alpha,Rubber,6898.9,873,18,855,5898559.5,7765341.63,1.57,Monthly,healthy,538.61,582.73,641.58,626.38,575.74,579.99,1120,626.97,231.04,0.0,0.0,0.0,2.08,1.08,0.36,0.0,0.0,0.0
India2.0,12B-237-360-C,BRAKE CALIPER,4054,4054,"PRAKASH,SARMAANDVARUGHESE PRIVATE LIMITED",2500,7913,314,0,3.17,Green,30998.14,2990,2491,4,2,258,Braking,22.76,A,P3,Buyer Epsilon,Machining,1191.73,5481,258,5223,6224405.79,10567393.6,2.09,Weekly,in_transit,2596.88,2945.52,2581.79,2735.44,2815.86,2829.04,7913,5314.18,3149.78,927.85,0.0,0.0,3.05,1.8,1.22,0.34,0.0,0.0
India2.0,06A-557-901-A,DOOR PANEL,4001,4001,"CHOUDHURY,BAKSHIANDMAHARAJ PRIVATE LIMITED",49,0,24,25,0,Red,618.29,0,0,6,6,52,Body,5.44,D,B2,Buyer Gamma,Plastics,6952.73,0,52,0,0.0,0.0,0.0,Daily,critical,46.13,51.33,54.6,49.92,49.95,47.56,0,54.65,150.06,250.0,347.19,338.13,0.0,1.06,2.75,5.01,6.95,7.11
India2.0,08K-344-770-P,RADIATOR PIPE,4001,4001,"CHOUDHURY,BAKSHIANDMAHARAJ PRIVATE LIMITED",615,7012,11,0,11.4,Gray,6307.64,3735,2321,1,0,47,Cooling,2.26,C,B2,Buyer Delta,Casting,5681.16,6056,47,6009,34138090.44,44983362.09,9.77,Monthly,excess,608.99,584.41,726.32,617.24,584.31,633.78,7012,6446.92,5879.24,5517.18,5204.04,4735.0,11.51,11.03,8.09,8.94,8.91,7.47
EV-Program,12B-797-571-P,COOLING FAN,4052,4052,"SAMPATH,KAKARANDZACHARIA PRIVATE LIMITED",2140,1351,184,605,0.63,Red,26104.51,564,527,6,5,44,Cooling,3.0,A,N1,Buyer Beta,Rubber,223.78,1091,44,1047,234297.66,298223.51,0.49,Weekly,low_coverage,2121.56,1950.1,1873.22,2420.4,2428.05,2542.58,1351,0.0,0.0,0.0,0.0,0.0,0.64,0.0,0.0,0.0,0.0,0.0
Commercial-Vehicle,15D-106-882-P,COOLING FAN,4046,4046,CHOUDHURYLLC PRIVATE LIMITED,59,45,15,0,0.76,Red,657.8,16,17,7,6,86,Cooling,9.34,C,N1,Buyer Epsilon,Forging,8421.79,33,86,0,0.0,376315.04,0.0,Weekly,low_coverage,57.45,55.71,60.45,68.17,67.39,53.37,45,38.03,50.68,47.03,73.4,51.95,0.78,0.68,0.84,0.69,1.09,0.97
India3.0,12B-534-315-C,SENSOR ASSEMBLY,4066,4066,ROY-SIBAL PRIVATE LIMITED,929,1810,134,0,1.95,Amber,12260.09,906,449,3,0,69,Electrical,18.83,C,B2,Buyer Delta,Forging,9012.03,1355,69,1286,11589470.58,17223628.48,1.38,Weekly,healthy,846.49,1016.68,793.49,822.41,850.5,942.91,1810,932.55,443.63,0.0,0.0,0.0,2.14,0.92,0.56,0.0,0.0,0.0
India2.0,12B-862-442-B,CONTROL MODULE,4074,4074,CHANDERANDSONS PRIVATE LIMITED,2378,10343,138,0,4.35,Green,31428.48,4228,3620,4,3,55,Electrical,9.07,C,P3,Buyer Alpha,Machining,8244.7,7848,55,7793,64250947.1,91377428.31,3.28,Daily,healthy,2414.97,2372.13,2465.73,2271.02,2061.01,2071.27,10343,8616.16,6696.24,4818.82,3263.07,1409.21,4.28,3.63,2.72,2.12,1.58,0.68
EV-Program,12B-899-983-B,FRAME SUPPORT,4078,4078,RAMAKRISHNANLLC PRIVATE LIMITED,2378,8048,145,0,3.38,Green,27157.8,4964,1973,4,3,62,Chassis,14.71,D,N1,Buyer Beta,Electronics,7812.39,6937,62,6875,53710181.25,58847472.38,2.89,Daily,healthy,2547.07,2160.77,2372.38,2727.84,2307.3,2612.59,8048,6077.1,4037.66,1984.13,146.83,0.0,3.16,2.81,1.7,0.73,0.06,0.0
Commercial-Vehicle,15D-378-661-C,WIRING HARNESS,4031,4031,"RASTOGI,PATHAKANDKANDA PRIVATE LIMITED",347,12,32,303,0.03,Red,4770.27,4,2,8,1,70,Electrical,24.24,B,N2,Buyer Epsilon,Fasteners,2558.44,6,70,0,0.0,33142.0,0.0,Monthly,critical,305.06,313.81,332.52,348.77,396.79,399.44,12,0.0,0.0,0.0,0.0,0.0,0.04,0.0,0.0,0.0,0.0,0.0
Commercial-Vehicle,15D-547-504-A,SHOCK ABSORBER,4056,4056,BHATTLLC PRIVATE LIMITED,2206,2525,986,0,1.14,Amber,26822.03,1160,542,2,5,56,Suspension,17.9,D,B2,Buyer Delta,Rubber,3743.55,1702,56,1646,6161883.3,8895447.78,0.75,Weekly,low_coverage,1875.17,2529.8,2288.25,2606.25,2466.43,2490.28,2525,530.16,0.0,0.0,0.0,0.0,1.35,0.21,0.0,0.0,0.0,0.0
India3.0,08K-530-419-C,CLUTCH PLATE,4055,4055,DARA-KOTA PRIVATE LIMITED,2136,2181,583,0,1.02,Amber,26900.42,1321,426,5,4,52,Transmission,11.65,A,P3,Buyer Alpha,Electronics,9183.88,1747,52,1695,15566676.6,18765717.76,0.79,Daily,low_coverage,2291.74,2019.05,2055.31,1832.15,2016.85,1989.65,2181,400.37,0.0,0.0,0.0,0.0,0.95,0.2,0.0,0.0,0.0,0.0
EV-Program,04C-984-782-A,DASHBOARD PANEL,4051,4051,GANDHI-LANKA PRIVATE LIMITED,1945,9014,128,0,4.63,Green,25808.21,4195,3549,0,1,15,Interior,5.98,D,P3,Buyer Alpha,Electronics,2211.98,7744,15,7729,17096393.42,18426403.9,3.97,Weekly,healthy,2330.28,2153.82,1975.13,2290.58,2160.22,1825.69,9014,7401.04,5662.21,3863.45,1977.48,366.78,3.87,3.44,2.87,1.69,0.92,0.2
EV-Program,06A-356-140-C,SUSPENSION BRACKET,4016,4016,"BOASE,BATHANDKARI PRIVATE LIMITED",1015,1671,121,0,1.65,Amber,12944.93,709,459,1,0,47,Suspension,10.99,C,N2,Buyer Delta,Rubber,146.8,1168,47,1121,164562.8,258986.62,1.1,Monthly,healthy,982.97,1132.58,1091.74,907.45,1142.89,1123.22,1671,895.56,0.0,0.0,0.0,0.0,1.7,0.79,0.0,0.0,0.0,0.0
EV-Program,12B-756-429-P,WIRING HARNESS,4070,4070,"SEN,DEYANDSAMI PRIVATE LIMITED",1938,8546,283,0,4.41,Green,20622.98,3749,1844,4,3,19,Electrical,13.13,A,P1,Buyer Beta,Electronics,3332.88,5593,19,5574,18577473.12,27347292.12,2.88,Daily,healthy,1647.79,1904.41,2067.67,1864.83,2202.86,2166.7,8546,7033.36,5355.41,4064.26,2434.55,798.04,5.19,3.69,2.59,2.18,1.11,0.37
India2.0,06A-631-199-P,BONNET ASSEMBLY,4014,4014,"DASH,RADHAKRISHNANANDBRAR PRIVATE LIMITED",424,540,198,0,1.27,Amber,5355.83,224,177,5,6,6,Body,5.85,D,P2,Buyer Beta,Rubber,420.53,401,6,395,166109.35,193914.77,0.93,Monthly,low_coverage,497.08,498.18,479.27,470.73,478.27,438.91,540,181.73,0.0,0.0,0.0,0.0,1.09,0.36,0.0,0.0,0.0,0.0
EV-Program,12B-558-506-P,SENSOR ASSEMBLY,4072,4072,BORRAGROUP PRIVATE LIMITED,1720,22182,183,0,12.9,Gray,21840.51,13037,6377,3,1,13,Electrical,0.96,C,N2,Buyer Alpha,Electronics,8963.46,19414,13,19401,173900087.46,199107385.82,11.28,Weekly,excess,1857.83,1823.15,1793.15,1710.23,1828.26,1687.79,22182,20469.15,18772.41,17300.99,15726.4,14293.39,11.94,11.23,10.47,10.12,8.6,8.47
India2.0,15D-490-180-P,ENGINE MOUNT,4039,4039,MEMONGROUP PRIVATE LIMITED,0,11,1,0,,Gray,0.0,4,2,4,1,71,Engine,8.76,D,N1,Buyer Alpha,Rubber,10274.42,6,71,0,0.0,101358.73,,Monthly,zero_demand,0.0,0.0,0.0,0.0,0.0,0.0,11,87.0,142.0,265.0,412.0,488.0,,,,,,
India3.0,12B-672-302-C,CONTROL ARM,4002,4002,KAPOORANDSONS PRIVATE LIMITED,1586,163,1105,318,0.1,Red,19443.81,64,51,6,4,64,Suspension,16.34,B,N2,Buyer Epsilon,Rubber,687.37,115,64,51,35055.87,128759.02,0.03,Daily,critical,1887.12,1667.42,1508.96,1534.71,1652.38,1626.66,163,0.0,0.0,0.0,0.0,0.0,0.09,0.0,0.0,0.0,0.0,0.0
EV-Program,04C-412-560-C,GEAR HOUSING,4035,4035,BHATT-RAJAN PRIVATE LIMITED,1344,15031,28,0,11.18,Gray,17051.31,6119,3549,3,2,46,Transmission,8.36,B,P2,Buyer Epsilon,Forging,8229.47,9668,46,9622,79183960.34,129464291.15,7.16,Monthly,excess,1504.46,1306.91,1435.54,1236.33,1195.26,1551.06,15031,13895.38,12719.65,11697.86,10822.12,9343.81,9.99,10.63,8.86,9.46,9.05,6.02
India2.0,06A-303-612-C,FUEL FILTER,4080,4080,"SUR,DUBEYANDGUPTA PRIVATE LIMITED",598,96,298,204,0.16,Red,8147.25,35,19,1,3,32,Fuel System,23.17,A,P1,Buyer Beta,Forging,8353.05,54,32,22,183767.1,849170.8,0.04,Weekly,critical,565.08,706.13,647.06,689.19,556.68,697.48,96,0.0,0.0,0.0,0.0,0.0,0.17,0.0,0.0,0.0,0.0,0.0
Commercial-Vehicle,15D-234-311-A,FUEL FILTER,4051,4051,GANDHI-LANKA PRIVATE LIMITED,95,870,10,0,#DIV/0!,Gray,1064.88,467,321,4,0,35,Fuel System,13.58,B,B2,Buyer Beta,Forging,4187.49,788,35,753,3153179.97,4069800.36,7.93,Monthly,excess,107.84,99.2,92.11,83.67,94.63,113.02,870,826.65,783.52,770.77,795.24,768.77,8.07,8.33,8.51,9.21,8.4,6.8
India3.0,04C-467-181-C,BRAKE CALIPER,4018,4018,RAILLC PRIVATE LIMITED,614,2134,20,0,3.48,Green,6919.77,864,767,4,0,68,Braking,12.61,D,B1,Buyer Gamma,Electronics,7888.53,1631,68,1563,12329772.39,15043929.34,2.55,Weekly,healthy,528.24,730.98,617.1,554.56,561.6,652.04,2134,1487.11,950.23,541.25,81.0,0.0,4.04,2.03,1.54,0.98,0.14,0.0
Passenger-Vehicle,04C-562-567-P,FUEL PIPE,4061,4061,"KHANNA,MALLICKANDSUNDER PRIVATE LIMITED",811,2376,1,0,2.93,Green,11112.11,1371,395,3,1,28,Fuel System,13.02,D,B1,Buyer Alpha,Machining,2746.23,1766,28,1738,4772947.74,7361102.45,2.14,Monthly,healthy,969.12,828.42,941.29,861.91,801.23,857.9,2376,1804.4,1007.82,263.76,0.0,0.0,2.45,2.18,1.07,0.31,0.0,0.0
India3.0,04C-193-216-C,OIL FILTER HOUSING,4025,4025,MUTTIGROUP PRIVATE LIMITED,1650,6942,73,0,4.21,Green,19544.89,3866,2609,3,0,37,Engine,9.14,D,B1,Buyer Epsilon,Electronics,10617.4,6475,37,6438,68354821.2,72900656.0,3.9,Weekly,healthy,1775.62,1691.63,1944.1,1629.5,1505.8,1912.17,6942,5746.25,3983.85,2635.96,1335.39,0.0,3.91,3.4,2.05,1.62,0.89,0.0
Commercial-Vehicle,12B-552-181-P,BRAKE CALIPER,4049,4049,"SUNDER,BISWASANDWALIA PRIVATE LIMITED",719,2501,84,0,3.48,Green,9671.05,1452,407,1,1,18,Braking,22.07,C,N2,Buyer Epsilon,Rubber,10950.54,1859,18,1841,20159944.14,25810303.12,2.56,Daily,healthy,794.9,683.82,852.84,614.22,747.92,671.01,2501,1990.24,1413.86,1003.78,567.76,86.72,3.15,2.91,1.66,1.63,0.76,0.13
Passenger-Vehicle,04C-399-582-A,WIRING HARNESS,4019,4019,PATLA-GABA PRIVATE LIMITED,1449,6503,170,0,4.49,Green,17840.63,4071,1055,4,2,38,Electrical,17.4,C,P3,Buyer Epsilon,Machining,479.18,5126,38,5088,2438067.84,3038476.19,3.51,Monthly,healthy,1322.05,1541.56,1630.93,1611.68,1278.88,1686.83,6503,5226.33,4046.79,2701.9,1741.05,239.02,4.92,3.39,2.48,1.68,1.36,0.14
India3.0,15D-524-523-P,BODY BRACKET,4027,4027,"MURTY,KALAANDTATA PRIVATE LIMITED",467,555,270,0,1.19,Amber,6514.07,265,200,8,5,92,Body,8.81,B,P1,Buyer Beta,Forging,6873.55,465,92,373,2563834.15,3539764.13,0.8,Weekly,low_coverage,490.96,548.49,481.9,529.01,512.77,416.27,555,186.4,0.0,0.0,0.0,0.0,1.13,0.34,0.0,0.0,0.0,0.0
Passenger-Vehicle,15D-119-313-B,CLUTCH PLATE,4040,4040,SETTYINC PRIVATE LIMITED,2272,3456,170,0,1.52,Amber,25822.29,2072,686,4,0,78,Transmission,1.75,B,P3,Buyer Alpha,Casting,3914.13,2758,78,2680,10489868.4,14881953.09,1.18,Weekly,healthy,2664.6,2308.52,2314.09,2643.64,2668.98,2169.24,3456,1738.09,0.0,0.0,0.0,0.0,1.3,0.75,0.0,0.0,0.0,0.0
EV-Program,08K-246-887-P,BRAKE BRACKET,4022,4022,"KONDA,GADEANDSHERE PRIVATE LIMITED",1615,1046,631,0,0.65,Red,20706.02,451,179,6,1,90,Braking,16.95,B,P2,Buyer Alpha,Fasteners,2281.05,630,90,540,1231767.0,2655867.33,0.33,Weekly,low_coverage,1582.79,1543.81,1436.19,1889.02,1824.4,1480.27,1046,0.0,0.0,0.0,0.0,0.0,0.66,0.0,0.0,0.0,0.0,0.0
Passenger-Vehicle,06A-275-172-B,BRAKE BRACKET,4015,4015,"MEMON,PATHAKANDHANDA PRIVATE LIMITED",200,716,2,0,3.58,Green,2266.63,255,243,0,2,13,Braking,22.32,D,P1,Buyer Beta,Plastics,8257.15,498,13,485,4004717.75,6158390.24,2.42,Weekly,healthy,184.69,190.06,216.98,189.15,205.98,208.46,716,660.16,522.63,523.05,446.93,348.46,3.88,3.47,2.41,2.77,2.17,1.67
Commercial-Vehicle,06A-816-781-B,ENGINE MOUNT,4014,4014,"DASH,RADHAKRISHNANANDBRAR PRIVATE LIMITED",372,791,38,0,2.13,Green,5046.22,350,280,3,2,78,Engine,11.39,A,P1,Buyer Delta,Metals,5140.53,630,78,552,2837572.56,4325863.22,1.48,Weekly,healthy,403.55,442.97,390.13,328.86,377.47,428.31,791,494.08,311.42,158.26,0.0,0.0,1.96,1.12,0.8,0.48,0.0,0.0
Passenger-Vehicle,12B-217-706-C,FUEL RAIL,4060,4060,NARAYANANINC PRIVATE LIMITED,1176,4251,32,0,3.61,Green,14149.4,2197,713,3,6,55,Fuel System,13.92,D,P2,Buyer Gamma,Machining,9224.58,2910,55,2855,26336175.9,36885786.07,2.43,Daily,in_transit,1189.34,1097.8,1400.45,1085.31,1322.42,1223.73,4251,3400.77,2303.05,1410.75,362.0,0.0,3.57,3.1,1.64,1.3,0.27,0.0
Passenger-Vehicle,04C-726-622-C,SHOCK ABSORBER,4014,4014,"DASH,RADHAKRISHNANANDBRAR PRIVATE LIMITED",2462,506,1320,636,0.21,Red,31121.3,311,190,2,3,27,Suspension,21.33,A,P3,Buyer Epsilon,Plastics,9265.27,501,27,474,4391737.98,4879693.07,0.19,Daily,critical,2092.86,2221.28,2623.14,2679.96,2777.19,2711.22,506,0.0,0.0,0.0,0.0,0.0,0.24,0.0,0.0,0.0,0.0,0.0
Commercial-Vehicle,12B-907-812-C,BRAKE BRACKET<br>,4046,4046,CHOUDHURYLLC PRIVATE LIMITED,1175,2729,151,0,2.32,Green,13603.06,1287,706,2,3,91,Braking,4.58,D,N2,Buyer Delta,Machining,10393.53,1993,91,1902,19768494.06,25906628.1,1.62,Weekly,healthy,1070.06,1227.17,1344.18,1053.97,1057.97,1399.71,2729,1641.9,613.92,0.0,0.0,0.0,2.55,1.34,0.46,0.0,0.0,0.0
EV-Program,15D-154-451-P,BODY BRACKET,4024,4024,"NAIR,BHALLAANDKARNIK PRIVATE LIMITED",50,223,3,0,4.46,Green,642.43,80,35,2,2,52,Body,11.41,D,N2,Buyer Gamma,Machining,6952.14,115,52,63,437984.82,1542545.26,1.26,Weekly,healthy,48.95,59.33,59.71,50.64,46.79,54.47,223,311.31,322.84,305.87,282.4,382.2,4.56,5.25,5.41,6.04,6.04,7.02
EV-Program,06A-367-901-A,SEAT BRACKET,4038,4038,"YADAV,LOKEANDOAK PRIVATE LIMITED",2467,9977,288,0,4.04,Green,27240.05,5206,3133,3,1,74,Interior,4.6,A,P3,Buyer Alpha,Electronics,9003.13,8339,74,8265,74410869.45,84212545.83,3.35,Monthly,healthy,2733.64,2515.52,2832.13,2628.66,2109.21,2882.8,9977,8029.6,5741.78,3654.42,2057.69,0.0,3.65,3.19,2.03,1.39,0.98,0.0
India2.0,04C-644-752-B,CONTROL MODULE,4064,4064,GUPTA-CHANDRA PRIVATE LIMITED,1711,13930,225,0,8.14,Gray,22078.74,5102,3010,1,2,26,Electrical,15.3,C,P3,Buyer Gamma,Forging,9253.6,8112,26,8086,74824609.6,141259165.97,4.73,Daily,excess,1485.8,1739.54,1594.28,1738.56,1461.45,1683.11,13930,12554.22,11185.08,9929.07,8608.21,7348.04,9.38,7.22,7.02,5.71,5.89,4.37
Passenger-Vehicle,06A-213-812-A,SEAT BRACKET,4075,4075,RAYGROUP PRIVATE LIMITED,1010,3596,49,0,3.56,Green,12200.61,1984,1287,1,0,40,Interior,7.43,A,B1,Buyer Delta,Forging,8822.39,3271,40,3231,28505142.09,27080361.13,3.2,Weekly,healthy,893.04,1016.14,947.55,878.61,1194.5,889.04,3596,2850.16,2154.43,1419.97,363.55,0.0,4.03,2.8,2.27,1.62,0.3,0.0
India3.0,04C-138-780-C,CROSS MEMBER,4033,4033,BATTAINC PRIVATE LIMITED,323,555,24,0,1.72,Amber,3659.79,223,92,0,2,33,Chassis,3.88,C,N1,Buyer Epsilon,Plastics,3356.36,315,33,282,946493.52,2130697.07,0.87,Monthly,healthy,297.24,347.52,361.45,377.72,278.49,362.42,555,422.94,159.12,0.0,0.0,0.0,1.87,1.22,0.44,0.0,0.0,0.0
Commercial-Vehicle,04C-747-548-A,FUEL PIPE,4062,4062,ZACHARIAANDSONS PRIVATE LIMITED,307,464,44,0,1.51,Amber,4074.48,208,104,3,2,15,Fuel System,0.99,A,B1,Buyer Epsilon,Rubber,6499.94,312,15,297,1930482.18,2613516.02,0.97,Weekly,healthy,368.08,300.21,269.6,330.56,364.91,335.72,464,261.8,102.62,0.0,0.0,0.0,1.26,0.87,0.38,0.0,0.0,0.0
India3.0,04C-414-940-P,COOLING FAN,4009,4009,"SAMI,OAKANDMALL PRIVATE LIMITED",1280,18796,115,0,14.68,Gray,17748.86,6894,6521,0,2,4,Cooling,15.32,A,B2,Buyer Alpha,Metals,6016.22,13415,4,13411,80683526.42,97571191.87,10.48,Weekly,excess,1140.95,1386.96,1154.73,1104.52,1299.11,1196.72,18796,17733.84,16718.55,15855.06,14593.58,13504.94,16.47,12.79,14.48,14.35,11.23,11.28
India2.0,04C-107-283-P,SUSPENSION BRACKET,4079,4079,MANGAL-SAMPATH PRIVATE LIMITED,850,3689,102,0,4.34,Green,9602.4,1647,1443,4,1,69,Suspension,16.33,C,N1,Buyer Delta,Electronics,5137.49,3090,69,3021,15520357.29,17321734.29,3.55,Daily,healthy,736.06,741.31,772.5,853.0,762.18,953.85,3689,3188.26,2579.44,1752.29,1125.92,530.81,5.01,4.3,3.34,2.05,1.48,0.56
Commercial-Vehicle,06A-263-786-P,WIRING HARNESS,4035,4035,BHATT-RAJAN PRIVATE LIMITED,1707,1210,1250,0,0.71,Red,21792.75,645,208,3,8,91,Electrical,16.16,C,P2,Buyer Delta,Forging,2901.47,853,91,762,2210920.14,3854642.2,0.45,Weekly,low_coverage,1630.9,1784.15,2034.53,1754.18,1616.1,1860.35,1210,0.0,0.0,0.0,0.0,0.0,0.74,0.0,0.0,0.0,0.0,0.0
India3.0,12B-482-239-C,SUSPENSION BRACKET,4059,4059,"BHARGAVA,KARNIKANDBIR PRIVATE LIMITED",234,495,1,0,2.12,Green,2794.02,280,147,0,1,9,Suspension,4.93,C,P3,Buyer Beta,Casting,11101.34,427,9,418,4640360.12,5208270.13,1.79,Daily,healthy,215.18,225.57,217.56,270.14,204.92,271.83,495,364.89,293.82,121.85,0.0,0.0,2.3,1.62,1.35,0.45,0.0,0.0
Passenger-Vehicle,06A-687-105-C,INTAKE MANIFOLD,4073,4073,"CHAUDHARI,BEDIANDZACHARIAH PRIVATE LIMITED",579,1811,53,0,3.13,Green,6186.5,961,629,2,2,28,Engine,1.1,D,B1,Buyer Epsilon,Plastics,1368.87,1590,28,1562,2138174.94,2581654.56,2.7,Weekly,healthy,616.08,688.75,575.58,612.03,495.09,542.37,1811,1169.22,717.46,201.37,0.0,0.0,2.94,1.7,1.25,0.33,0.0,0.0
India2.0,12B-807-440-P,BRAKE PAD,4051,4051,GANDHI-LANKA PRIVATE LIMITED,421,333,42,46,0.79,Red,5150.49,211,60,1,7,88,Braking,10.7,C,B1,Buyer Epsilon,Rubber,5451.2,271,88,183,997569.6,1704042.2,0.43,Monthly,low_coverage,453.28,428.55,484.26,501.73,486.66,450.21,333,95.93,0.0,0.0,0.0,0.0,0.73,0.22,0.0,0.0,0.0,0.0
Commercial-Vehicle,15D-794-945-B,CLUTCH PLATE,4080,4080,"SUR,DUBEYANDGUPTA PRIVATE LIMITED",699,325,52,322,0.46,Red,7300.26,149,62,6,0,59,Transmission,15.56,A,P2,Buyer Delta,Metals,6196.25,211,59,152,941830.0,2049298.59,0.22,Daily,demand_spike,610.54,1025.34,1115.72,1161.7,961.47,928.88,325,0.0,0.0,0.0,0.0,0.0,0.53,0.0,0.0,0.0,0.0,0.0
Passenger-Vehicle,12B-568-411-A,COOLING FAN,4023,4023,MADAN-KANDA PRIVATE LIMITED,335,826,44,0,2.47,Green,3548.26,361,324,1,0,26,Cooling,4.38,C,P2,Buyer Delta,Casting,1348.0,685,26,659,888332.0,1127288.7,1.97,Weekly,healthy,300.23,336.79,306.92,382.65,333.02,341.75,826,593.13,420.25,168.55,0.0,0.0,2.75,1.76,1.37,0.44,0.0,0.0
India2.0,04C-514-611-A,ENGINE MOUNT,4019,4019,PATLA-GABA PRIVATE LIMITED,1887,6916,82,0,3.67,Green,24242.76,4162,2235,2,1,23,Engine,23.2,B,P1,Buyer Epsilon,Casting,11476.32,6397,23,6374,73150063.68,83331342.46,3.38,Monthly,healthy,1705.32,1631.13,1895.13,1975.44,2249.89,1960.5,6916,5595.54,4051.05,2633.34,976.71,0.0,4.06,3.43,2.14,1.33,0.43,0.0
Commercial-Vehicle,08K-495-481-P,SEAT BRACKET,4061,4061,"KHANNA,MALLICKANDSUNDER PRIVATE LIMITED",6394,4262,3621,0,0.67,Red,72602.19,2642,787,2,3,93,Interior,8.69,C,N1,Buyer Epsilon,Metals,8015.98,3429,93,3336,26741309.28,34686407.52,0.52,Daily,demand_spike,6124.36,9882.57,8412.06,6974.74,10113.79,11762.93,4262,0.0,0.0,0.0,0.0,0.0,0.7,0.0,0.0,0.0,0.0,0.0
India2.0,08K-954-699-B,FUEL RAIL,4054,4054,"PRAKASH,SARMAANDVARUGHESE PRIVATE LIMITED",1202,15087,108,0,12.55,Gray,15523.14,5930,3406,3,0,17,Fuel System,14.03,D,P2,Buyer Alpha,Plastics,1998.93,9336,17,9319,18628028.67,34576427.12,7.75,Daily,excess,1242.69,1414.28,1058.91,1196.09,1339.43,1371.84,15087,13913.44,13079.86,12161.59,11158.17,10155.02,12.14,9.84,12.35,10.17,8.33,7.4
EV-Program,06A-154-379-B,SEAT BRACKET,4039,4039,MEMONGROUP PRIVATE LIMITED,0,147,1,0,,Gray,0.0,85,40,1,0,3,Interior,15.94,C,P1,Buyer Gamma,Forging,1525.16,125,3,122,186069.52,255852.57,,Monthly,zero_demand,0.0,0.0,0.0,0.0,0.0,0.0,147,213.0,243.0,247.0,261.0,295.0,,,,,,
Passenger-Vehicle,15D-819-874-P,CLUTCH PLATE,4066,4066,ROY-SIBAL PRIVATE LIMITED,770,2768,21,0,3.59,Green,9374.63,1194,898,2,2,87,Transmission,11.57,A,P1,Buyer Beta,Plastics,9185.68,2092,87,2005,18417288.4,24377314.28,2.6,Weekly,healthy,798.53,693.23,755.03,902.68,696.15,868.78,2768,2296.34,1725.54,1066.74,554.15,0.0,3.47,3.31,2.29,1.18,0.8,0.0
India2.0,04C-716-310-A,CHASSIS BRACKET,4040,4040,SETTYINC PRIVATE LIMITED,589,175,88,326,0.3,Red,7562.51,72,63,1,2,95,Chassis,16.8,A,P1,Buyer Beta,Forging,9811.78,135,95,40,392471.2,1532834.2,0.07,Monthly,critical,547.36,527.49,516.68,509.41,622.93,509.57,175,0.0,0.0,0.0,0.0,0.0,0.32,0.0,0.0,0.0,0.0,0.0
India3.0,12B-215-879-B,CHASSIS BRACKET,4046,4046,CHOUDHURYLLC PRIVATE LIMITED,2070,7545,258,0,3.64,Green,25421.55,3837,2481,0,0,74,Chassis,11.7,B,N1,Buyer Gamma,Forging,9378.39,6318,74,6244,58558667.16,80615337.86,3.02,Monthly,healthy,1883.95,1762.64,2426.39,2025.0,2247.47,2470.45,7545,5957.39,3742.2,2037.08,381.18,0.0,4.0,3.38,1.54,1.01,0.17,0.0
India2.0,08K-303-446-A,OIL FILTER HOUSING,4011,4011,CHANDAGROUP PRIVATE LIMITED,493,1527,39,0,3.1,Green,6284.86,667,555,3,3,28,Engine,21.12,D,P1,Buyer Beta,Machining,4641.98,1222,28,1194,5542524.12,6426507.52,2.42,Monthly,healthy,431.06,501.13,421.26,487.44,439.62,546.98,1527,1111.07,750.13,341.86,0.0,0.0,3.54,2.22,1.78,0.7,0.0,0.0
Passenger-Vehicle,12B-911-577-A,FUEL RAIL,4036,4036,SIDHU-WADHWA PRIVATE LIMITED,2403,30774,329,0,12.81,Gray,33096.28,19887,8550,2,3,60,Fuel System,16.59,D,N2,Buyer Gamma,Casting,7140.05,28437,60,28377,202613198.85,196483374.24,11.81,Monthly,excess,2424.92,2454.11,2067.55,2461.51,2364.36,2297.18,30774,28825.8,26910.78,25093.19,22957.45,20895.65,12.69,11.75,13.02,10.19,9.71,9.1
Commercial-Vehicle,08K-606-705-C,BRAKE BRACKET,4003,4003,"CHAUDRY,CHAHALANDSAMI PRIVATE LIMITED",0,60,1,0,,Gray,0.0,21,11,3,3,56,Braking,16.94,C,P3,Buyer Alpha,Plastics,11888.91,32,56,0,0.0,747448.62,,Monthly,zero_demand,0.0,0.0,0.0,0.0,0.0,0.0,60,139.0,167.0,308.0,429.0,443.0,,,,,,
India2.0,12B-702-122-B,ENGINE MOUNT,4017,4017,BUCH-KAUL PRIVATE LIMITED,1448,5131,195,0,3.54,Green,19642.66,2454,2042,2,2,195,Engine,14.3,C,N2,Buyer Alpha,Fasteners,9722.26,4496,195,4301,41815440.26,48566900.74,2.97,Daily,in_transit,1259.41,1349.71,1692.19,1288.81,1396.08,1518.69,5131,4034.41,2815.56,1931.25,831.32,0.0,4.07,2.99,1.66,1.5,0.6,0.0
Commercial-Vehicle,15D-420-304-C,BODY BRACKET,4044,4044,ZACHARIAPLC PRIVATE LIMITED,1410,1318,744,0,0.93,Red,19567.57,793,374,4,2,63,Body,6.36,D,B1,Buyer Epsilon,Electronics,2032.86,1167,63,1104,2244277.44,2508387.4,0.78,Daily,low_coverage,1221.96,1396.9,1552.69,1333.41,1433.04,1520.03,1318,214.44,0.0,0.0,0.0,0.0,1.08,0.15,0.0,0.0,0.0,0.0
India2.0,06A-916-947-B,BRAKE PAD,4024,4024,"NAIR,BHALLAANDKARNIK PRIVATE LIMITED",892,1289,478,0,1.45,Amber,9876.0,653,310,7,1,72,Braking,12.19,D,N1,Buyer Alpha,Rubber,7943.24,963,72,891,7077426.84,9156827.94,1.0,Daily,low_coverage,805.18,851.95,1026.75,1022.31,959.89,884.91,1289,638.31,0.0,0.0,0.0,0.0,1.6,0.75,0.0,0.0,0.0,0.0
Commercial-Vehicle,04C-343-714-P,SEAT BRACKET,4018,4018,RAILLC PRIVATE LIMITED,1157,2448,10,0,2.12,Green,16030.41,897,915,3,0,100,Interior,8.3,D,B2,Buyer Beta,Machining,7917.7,1812,100,1712,13555102.4,18300430.73,1.48,Daily,healthy,1104.12,1370.21,1144.17,1079.03,1361.24,1368.02,2448,1136.15,72.8,0.0,0.0,0.0,2.22,0.83,0.06,0.0,0.0,0.0
India2.0,15D-987-342-C,CONTROL MODULE,4014,4014,"DASH,RADHAKRISHNANANDBRAR PRIVATE LIMITED",1144,2734,150,0,2.39,Green,11695.91,1216,699,4,0,47,Electrical,0.3,D,P3,Buyer Gamma,Metals,5296.13,1915,47,1868,9893170.84,15273414.37,1.63,Daily,healthy,1358.11,1347.56,1301.27,1309.33,1248.95,1073.69,2734,1695.04,720.23,0.0,0.0,0.0,2.01,1.26,0.55,0.0,0.0,0.0
Commercial-Vehicle,06A-103-510-A,CONSOLE COVER,4027,4027,"MURTY,KALAANDTATA PRIVATE LIMITED",676,2507,98,0,3.71,Green,8502.54,1496,965,0,2,141,Interior,7.71,A,P1,Buyer Beta,Rubber,10994.05,2461,141,2320,25506196.0,27323048.01,3.43,Monthly,in_transit,672.31,744.33,769.65,590.3,749.16,754.88,2507,1810.6,1227.97,863.14,223.38,0.0,3.73,2.43,1.6,1.46,0.3,0.0
India3.0,04C-476-274-P,WIRING HARNESS,4077,4077,GALAGROUP PRIVATE LIMITED,1328,136,533,659,0.1,Red,14201.52,51,32,6,4,36,Electrical,17.99,D,B2,Buyer Delta,Fasteners,5439.82,83,36,47,255671.54,716177.12,0.04,Daily,critical,1304.18,1393.92,1557.86,1550.3,1250.48,1315.2,136,0.0,0.0,0.0,0.0,0.0,0.1,0.0,0.0,0.0,0.0,0.0
Commercial-Vehicle,12B-853-711-B,DOOR PANEL,4027,4027,"MURTY,KALAANDTATA PRIVATE LIMITED",1110,3584,33,0,3.23,Green,13015.01,2324,791,1,1,76,Body,2.47,A,P1,Buyer Gamma,Rubber,3484.03,3115,76,3039,10587967.17,13150517.36,2.74,Weekly,healthy,1106.02,1000.2,1034.99,1087.1,976.81,1322.05,3584,2828.29,1998.36,1114.07,348.96,0.0,3.24,2.83,1.93,1.02,0.36,0.0
Passenger-Vehicle,08K-546-268-B,FRAME SUPPORT,4078,4078,RAMAKRISHNANLLC PRIVATE LIMITED,6705,1362,2077,3266,0.2,Red,80581.82,750,249,7,3,38,Chassis,24.86,B,N2,Buyer Delta,Plastics,8526.41,999,38,961,8193880.01,12979442.92,0.14,Daily,demand_spike,5795.76,8364.94,7768.18,8146.49,11816.04,9828.74,1362,0.0,0.0,0.0,0.0,0.0,0.23,0.0,0.0,0.0,0.0,0.0
India3.0,12B-178-352-C,SENSOR ASSEMBLY,4007,4007,SENPLC PRIVATE LIMITED,166,344,14,0,2.07,Green,1949.79,157,112,3,3,5,Electrical,2.45,C,P1,Buyer Gamma,Metals,5664.16,269,5,264,1495338.24,1939819.54,1.59,Weekly,healthy,169.74,191.47,152.94,184.67,192.86,199.08,344,217.48,134.91,102.43,78.55,75.03,2.03,1.14,0.88,0.55,0.41,0.38
EV-Program,06A-223-405-C,CROSS MEMBER,4076,4076,KALA-RATTAN PRIVATE LIMITED,785,198,471,116,0.25,Red,10458.4,104,29,8,2,58,Chassis,18.42,C,B1,Buyer Epsilon,Electronics,10050.25,133,58,75,753768.75,2270395.38,0.1,Weekly,demand_spike,847.53,1119.04,1081.21,888.34,876.12,1060.84,198,0.0,0.0,0.0,0.0,0.0,0.23,0.0,0.0,0.0,0.0,0.0
India3.0,15D-537-402-P,TRANSMISSION COVER,4048,4048,BRARINC PRIVATE LIMITED,2025,1806,975,0,0.89,Red,22424.68,1071,548,7,7,11,Transmission,2.01,A,N2,Buyer Alpha,Machining,5367.49,1619,11,1608,8630923.92,9502059.97,0.79,Weekly,low_coverage,2023.19,1963.46,2180.24,2094.96,1927.29,1934.15,1806,162.88,0.0,0.0,0.0,0.0,0.89,0.08,0.0,0.0,0.0,0.0
India2.0,04C-504-219-P,GEAR HOUSING,4060,4060,NARAYANANINC PRIVATE LIMITED,2348,299,167,1882,0.13,Red,30699.13,120,58,1,8,14,Transmission,16.43,D,B1,Buyer Delta,Fasteners,9761.38,178,14,164,1600866.32,2824926.52,0.07,Weekly,critical,2064.25,2240.41,2618.19,2276.31,2169.26,2712.09,299,0.0,0.0,0.0,0.0,0.0,0.14,0.0,0.0,0.0,0.0,0.0
Passenger-Vehicle,06A-306-401-C,SHOCK ABSORBER,4079,4079,MANGAL-SAMPATH PRIVATE LIMITED,1637,2957,34,0,1.81,Amber,16460.86,1796,598,0,1,2,Suspension,8.41,A,B1,Buyer Delta,Machining,9663.5,2394,2,2392,23115092.0,29849040.71,1.46,Weekly,healthy,1763.72,1750.15,1440.78,1663.02,1908.49,1943.7,2957,1346.73,25.9,0.0,0.0,0.0,1.68,0.77,0.02,0.0,0.0,0.0
EV-Program,15D-973-962-C,SHOCK ABSORBER,4077,4077,GALAGROUP PRIVATE LIMITED,1211,11622,131,0,9.6,Gray,14972.99,4876,1919,4,3,86,Suspension,22.09,D,N1,Buyer Gamma,Fasteners,482.73,6795,86,6709,3238635.57,4800756.58,5.54,Daily,excess,1273.66,1142.88,1078.92,1219.37,1151.42,1215.04,11622,10700.61,9811.46,8804.95,7974.06,7058.58,9.12,9.36,9.09,7.22,6.93,5.81
EV-Program,04C-888-998-B,SHOCK ABSORBER,4027,4027,"MURTY,KALAANDTATA PRIVATE LIMITED",373,728,12,0,1.95,Amber,3963.22,460,199,3,3,12,Suspension,21.35,A,B1,Buyer Alpha,Fasteners,8018.0,659,12,647,5187646.0,5372562.0,1.73,Weekly,healthy,389.74,363.89,339.86,321.22,331.93,346.31,728,471.36,271.44,135.41,10.65,0.0,1.87,1.3,0.8,0.42,0.03,0.0
EV-Program,12B-469-744-A,GEAR HOUSING,4014,4014,"DASH,RADHAKRISHNANANDBRAR PRIVATE LIMITED",437,2787,13,0,6.38,Green,4662.0,1106,621,0,2,26,Transmission,18.85,D,B2,Buyer Beta,Electronics,9890.38,1727,26,1701,16823536.38,27080880.38,3.89,Weekly,excess,448.83,386.64,496.74,438.61,408.97,415.31,2787,2519.47,2182.64,1809.09,1506.63,1245.37,6.21,6.52,4.39,4.12,3.68,3.0
Commercial-Vehicle,12B-759-310-C,WATER PUMP,4053,4053,"IYER,MUNIANDRASTOGI PRIVATE LIMITED",4359,992,1812,1555,0.23,Red,46128.41,372,226,1,0,91,Cooling,8.7,D,B2,Buyer Beta,Forging,9543.5,598,91,507,4838554.5,10835945.76,0.12,Daily,demand_spike,3955.85,7037.74,5440.51,6946.57,7429.35,4742.79,992,0.0,0.0,0.0,0.0,0.0,0.25,0.0,0.0,0.0,0.0,0.0
Commercial-Vehicle,08K-341-924-A,ENGINE MOUNT,4069,4069,HANDAANDSONS PRIVATE LIMITED,536,1818,27,0,3.39,Green,5559.01,1049,345,4,2,39,Engine,7.55,B,B1,Buyer Delta,Rubber,6264.82,1394,39,1355,8488831.1,9776326.0,2.53,Daily,healthy,605.04,500.88,640.75,613.48,522.1,539.78,1818,1453.4,970.15,599.2,232.39,0.0,3.0,2.9,1.51,0.98,0.45,0.0
India3.0,15D-983-641-P,FRAME SUPPORT,4067,4067,"BHAGAT,CHAUDHARIANDBHAT PRIVATE LIMITED",1499,1049,871,0,0.7,Red,19957.31,500,191,2,1,11,Chassis,5.39,D,P1,Buyer Beta,Casting,5473.54,691,11,680,3722007.2,5250453.02,0.45,Daily,low_coverage,1315.11,1485.45,1731.65,1796.97,1658.05,1349.88,1049,0.0,0.0,0.0,0.0,0.0,0.8,0.0,0.0,0.0,0.0,0.0
Commercial-Vehicle,12B-954-837-A,SHOCK ABSORBER,4053,4053,"IYER,MUNIANDRASTOGI PRIVATE LIMITED",1533,2515,39,0,1.64,Amber,16052.0,1102,394,2,2,47,Suspension,12.67,D,B2,Buyer Delta,Fasteners,6878.31,1496,47,1449,9966671.19,15445554.33,0.95,Daily,healthy,1723.59,1805.7,1418.72,1304.17,1770.08,1469.22,2515,1094.97,0.0,0.0,0.0,0.0,1.46,0.61,0.0,0.0,0.0,0.0
India3.0,04C-381-905-A,CHASSIS BRACKET,4012,4012,PARMERLLC PRIVATE LIMITED,1697,23931,86,0,14.1,Gray,20642.27,13013,8770,3,2,94,Chassis,20.76,D,P1,Buyer Epsilon,Casting,4671.33,21783,94,21689,101316476.37,118738728.95,12.78,Weekly,excess,1782.19,1862.61,1824.9,1785.07,1752.35,1975.14,23931,22303.79,21034.27,19816.87,18301.8,16897.05,13.43,11.97,11.53,11.1,10.44,8.55
India2.0,06A-345-870-A,CONTROL ARM,4006,4006,"BALA,ISSACANDSAINI PRIVATE LIMITED",115,80,53,0,0.7,Red,1161.07,30,31,6,5,48,Suspension,12.76,D,P1,Buyer Gamma,Plastics,4105.88,61,48,13,53376.44,332587.38,0.11,Weekly,low_coverage,109.24,128.67,125.06,105.05,113.45,133.69,80,82.54,69.9,48.38,59.22,0.0,0.73,0.64,0.56,0.46,0.52,0.0
Passenger-Vehicle,08K-768-271-P,FUEL PIPE,4071,4071,MALLICKGROUP PRIVATE LIMITED,2003,7445,9,0,3.72,Green,22186.51,3155,2149,4,0,86,Fuel System,23.34,D,P3,Buyer Epsilon,Forging,385.72,5304,86,5218,2012686.96,3117399.02,2.61,Monthly,healthy,1916.1,1761.37,2251.39,2393.3,2370.38,2019.24,7445,5896.0,4265.33,2139.45,0.0,0.0,3.89,3.35,1.89,0.89,0.0,0.0
India2.0,06A-761-102-C,RADIATOR PIPE,4045,4045,NAIKGROUP PRIVATE LIMITED,891,2927,11,0,3.29,Green,9485.29,1288,728,4,2,289,Cooling,22.55,B,N1,Buyer Epsilon,Fasteners,7038.5,2016,289,1727,12155489.5,18271496.05,1.94,Weekly,in_transit,800.9,844.5,1055.92,955.43,842.49,863.89,2927,2331.43,1542.46,706.89,17.53,0.0,3.65,2.76,1.46,0.74,0.02,0.0
EV-Program,04C-387-604-A,BRAKE CALIPER,4011,4011,CHANDAGROUP PRIVATE LIMITED,337,4729,42,0,14.03,Gray,3970.1,2829,1132,0,3,45,Braking,4.98,D,P1,Buyer Gamma,Fasteners,6482.25,3961,45,3916,25384491.0,27685849.74,11.62,Daily,excess,377.03,287.44,338.89,375.91,309.04,381.8,4729,4529.17,4261.23,4006.34,3788.49,3607.03,12.54,15.76,12.57,10.66,12.26,9.45
Commercial-Vehicle,08K-629-877-P,BRAKE BRACKET,4025,4025,MUTTIGROUP PRIVATE LIMITED,2337,179,133,2025,0.08,Red,28868.16,112,65,2,5,16,Braking,5.69,C,N1,Buyer Epsilon,Fasteners,8079.22,177,16,161,1300754.42,1611480.14,0.07,Weekly,critical,2582.65,2679.8,2489.04,1988.05,2684.86,2210.6,179,0.0,0.0,0.0,0.0,0.0,0.07,0.0,0.0,0.0,0.0,0.0
India2.0,12B-692-227-P,INTAKE MANIFOLD,4051,4051,GANDHI-LANKA PRIVATE LIMITED,355,1536,47,0,4.33,Green,3870.39,628,356,3,1,9,Engine,22.93,D,P3,Buyer Alpha,Electronics,10565.98,984,9,975,10301830.5,14100919.19,2.75,Daily,healthy,379.44,355.42,406.18,331.37,403.84,418.99,1536,1352.3,1143.57,879.81,584.46,300.96,4.05,3.8,2.82,2.66,1.45,0.72
Passenger-Vehicle,06A-686-229-B,FUEL RAIL,4008,4008,AHUJA-DUTTA PRIVATE LIMITED,1788,6922,26,0,3.87,Green,19989.24,3704,1749,3,0,51,Fuel System,10.58,D,P2,Buyer Beta,Electronics,826.85,5453,51,5402,4466643.7,6349457.66,3.02,Daily,healthy,2012.6,1803.54,2070.47,1927.15,1803.96,1587.39,6922,5469.04,3681.66,1916.72,464.74,0.0,3.44,3.03,1.78,0.99,0.26,0.0
Commercial-Vehicle,15D-809-439-B,OIL FILTER HOUSING,4017,4017,BUCH-KAUL PRIVATE LIMITED,1805,6824,183,0,3.78,Green,20296.78,2690,1550,4,1,99,Engine,7.56,C,P2,Buyer Alpha,Fasteners,6176.98,4240,99,4141,25578874.18,40165105.35,2.29,Daily,healthy,1767.26,1904.73,1684.22,2076.74,2151.16,2030.34,6824,5086.46,3621.37,1894.69,0.0,0.0,3.86,2.67,2.15,0.91,0.0,0.0
India2.0,06A-488-770-P,FUEL RAIL,4029,4029,DEWAN-KOSHY PRIVATE LIMITED,2052,846,489,717,0.41,Red,24465.96,348,165,6,3,94,Fuel System,23.41,C,N1,Buyer Beta,Casting,8330.92,513,94,419,3490655.48,8083750.33,0.2,Weekly,demand_spike,2004.78,2122.15,3429.87,2411.56,2945.2,2317.06,846,0.0,0.0,0.0,0.0,0.0,0.42,0.0,0.0,0.0,0.0,0.0
Commercial-Vehicle,15D-166-271-C,SENSOR ASSEMBLY,4068,4068,NORI-CHOPRA PRIVATE LIMITED,0,33,0,0,,Gray,0.0,16,10,1,1,24,Electrical,18.8,C,N1,Buyer Epsilon,Fasteners,10545.52,26,24,2,21091.04,328996.19,,Daily,zero_demand,0.0,0.0,0.0,0.0,0.0,0.0,33,183.0,221.0,292.0,441.0,461.0,,,,,,
Commercial-Vehicle,12B-578-542-C,CROSS MEMBER,4048,4048,BRARINC PRIVATE LIMITED,1999,2012,970,0,1.01,Amber,22135.61,829,751,7,1,81,Chassis,20.13,C,P3,Buyer Delta,Plastics,8599.17,1580,81,1499,12890155.83,17052803.61,0.75,Daily,low_coverage,1863.14,1996.52,2353.67,1758.45,2010.15,1727.94,2012,366.4,0.0,0.0,0.0,0.0,1.08,0.18,0.0,0.0,0.0,0.0
EV-Program,08K-901-513-C,FUEL FILTER,4030,4030,"YOHANNAN,LALLANDSANGHA PRIVATE LIMITED",330,590,32,0,1.79,Amber,3976.88,370,103,0,2,100,Fuel System,18.97,A,N1,Buyer Epsilon,Electronics,4334.75,473,100,373,1616861.75,2228619.45,1.13,Weekly,healthy,284.92,303.21,366.57,302.52,395.82,385.88,590,414.64,139.29,0.0,0.0,0.0,2.07,1.37,0.38,0.0,0.0,0.0
EV-Program,15D-123-681-P,DOOR PANEL,4030,4030,"YOHANNAN,LALLANDSANGHA PRIVATE LIMITED",879,201,565,113,0.23,Red,11453.8,89,39,8,2,43,Body,3.93,C,N2,Buyer Epsilon,Machining,5714.28,128,43,85,485713.8,1241649.63,0.1,Weekly,critical,961.87,885.58,789.9,1037.37,851.7,981.84,201,0.0,0.0,0.0,0.0,0.0,0.21,0.0,0.0,0.0,0.0,0.0
Passenger-Vehicle,12B-589-860-P,BODY BRACKET,4051,4051,GANDHI-LANKA PRIVATE LIMITED,1602,3012,145,0,1.88,Amber,22184.1,1148,868,2,1,11,Body,23.88,B,P2,Buyer Beta,Forging,2292.53,2016,11,2005,4596522.65,5935746.81,1.25,Weekly,healthy,1748.04,1466.38,1520.84,1400.94,1367.89,1580.99,3012,1984.74,889.51,0.0,0.0,0.0,1.72,1.35,0.58,0.0,0.0,0.0
Commercial-Vehicle,12B-774-287-P,FUEL RAIL,4021,4021,"LOKE,BORAANDGARG PRIVATE LIMITED",1291,1674,939,0,1.3,Amber,14332.38,618,418,1,8,18,Fuel System,17.5,A,P2,Buyer Beta,Forging,7066.4,1036,18,1018,7193595.2,12920626.64,0.79,Monthly,low_coverage,1334.96,1494.63,1115.01,1254.04,1274.06,1284.89,1674,528.07,0.0,0.0,0.0,0.0,1.25,0.35,0.0,0.0,0.0,0.0
Commercial-Vehicle,12B-169-184-A,BRAKE BRACKET,4038,4038,"YADAV,LOKEANDOAK PRIVATE LIMITED",293,27,232,34,0.09,Red,3508.37,15,7,2,2,47,Braking,23.76,B,N1,Buyer Gamma,Electronics,8388.61,22,47,0,0.0,245484.59,0.0,Daily,critical,291.11,270.32,256.56,288.14,289.73,321.77,27,0.0,0.0,0.0,0.0,0.0,0.09,0.0,0.0,0.0,0.0,0.0
India3.0,06A-193-116-C,INTAKE MANIFOLD,4078,4078,RAMAKRISHNANLLC PRIVATE LIMITED,1224,5012,43,0,4.09,Green,12619.86,1984,1200,0,2,86,Engine,24.73,C,B2,Buyer Beta,Metals,1524.85,3184,86,3098,4723985.3,6992944.82,2.53,Daily,healthy,1055.16,1133.01,1315.01,1207.74,1296.67,1369.03,5012,4097.89,2902.11,1916.21,1023.93,0.0,4.75,3.62,2.21,1.59,0.79,0.0
Passenger-Vehicle,15D-275-357-P,TRANSMISSION COVER,4022,4022,"KONDA,GADEANDSHERE PRIVATE LIMITED",200,10,82,108,0.05,Red,2449.64,6,2,4,4,79,Transmission,8.18,D,B1,Buyer Beta,Casting,5011.53,8,79,0,0.0,49031.01,0.0,Daily,critical,186.27,192.64,170.84,174.62,173.08,191.11,10,0.0,0.0,0.0,0.0,0.0,0.05,0.0,0.0,0.0,0.0,0.0
EV-Program,04C-633-910-C,FRAME SUPPORT,4062,4062,ZACHARIAANDSONS PRIVATE LIMITED,92,326,6,0,3.54,Green,1108.06,136,99,1,0,64,Chassis,20.34,A,P2,Buyer Gamma,Casting,7318.06,235,64,171,1251388.26,2669665.08,1.86,Daily,healthy,88.14,102.58,82.63,83.08,85.87,102.0,326,248.17,226.9,169.34,202.37,188.49,3.7,2.42,2.75,2.04,2.36,1.85
Commercial-Vehicle,06A-720-354-B,BODY BRACKET,4070,4070,"SEN,DEYANDSAMI PRIVATE LIMITED",1037,4082,56,0,3.94,Green,12892.25,1653,1254,3,2,66,Body,14.45,B,P3,Buyer Delta,Metals,9625.36,2907,66,2841,27345647.76,34158764.71,2.74,Weekly,healthy,1059.89,900.36,927.02,1183.14,1065.62,994.5,4082,3235.44,2639.92,1536.95,743.18,0.0,3.85,3.59,2.85,1.3,0.7,0.0
EV-Program,12B-514-525-C,WATER PUMP,4049,4049,"SUNDER,BISWASANDWALIA PRIVATE LIMITED",1827,6637,221,0,3.63,Green,23826.45,3173,1133,3,3,2,Cooling,9.39,D,P3,Buyer Epsilon,Metals,5095.46,4306,2,4304,21930859.84,37942306.5,2.36,Weekly,healthy,1744.93,1906.47,1849.43,1912.41,1640.33,2138.77,6637,5220.41,3719.61,2140.41,756.73,0.0,3.8,2.74,2.01,1.12,0.46,0.0
Commercial-Vehicle,15D-182-630-A,ENGINE MOUNT,4016,4016,"BOASE,BATHANDKARI PRIVATE LIMITED",2336,9741,130,0,4.17,Green,30566.75,5264,2357,2,3,65,Engine,4.23,D,P3,Buyer Gamma,Machining,1981.85,7621,65,7556,14974858.6,16743620.49,3.23,Monthly,healthy,2300.65,2187.38,2501.47,2199.26,2193.51,1995.69,9741,7931.22,5669.1,3806.23,1871.89,88.47,4.23,3.63,2.27,1.73,0.85,0.04
India3.0,04C-867-287-A,SEAT BRACKET,4053,4053,"IYER,MUNIANDRASTOGI PRIVATE LIMITED",384,4282,51,0,11.15,Gray,4368.99,2693,1068,1,1,34,Interior,24.58,D,N1,Buyer Epsilon,Metals,1346.92,3761,34,3727,5019970.84,5435476.4,9.71,Monthly,excess,459.06,326.61,396.95,349.33,353.01,386.97,4282,4137.34,3884.67,3623.95,3371.13,3049.12,9.33,12.67,9.79,10.37,9.55,7.88
Commercial-Vehicle,12B-725-158-B,CONTROL MODULE,4011,4011,CHANDAGROUP PRIVATE LIMITED,1567,2702,7,0,1.72,Amber,19340.83,953,585,3,0,62,Electrical,20.18,A,N1,Buyer Delta,Electronics,1531.19,1538,62,1476,2260036.44,4702278.75,0.94,Daily,healthy,1696.85,1354.91,1537.98,1843.18,1663.42,1880.1,2702,1615.32,329.87,0.0,0.0,0.0,1.59,1.19,0.21,0.0,0.0,0.0
Commercial-Vehicle,08K-721-299-A,SUSPENSION BRACKET,4016,4016,"BOASE,BATHANDKARI PRIVATE LIMITED",1164,4807,63,0,4.13,Green,13355.41,2634,724,4,7,244,Suspension,21.92,A,P2,Buyer Delta,Metals,11414.7,3358,244,3114,35545375.8,57143305.97,2.68,Weekly,in_transit,1373.15,1247.6,1265.59,1152.43,1131.31,1391.45,4807,3681.88,2782.79,1761.98,768.9,0.0,3.5,2.95,2.2,1.53,0.68,0.0
EV-Program,12B-834-860-C,BRAKE BRACKET,4060,4060,NARAYANANINC PRIVATE LIMITED,1847,5887,276,0,3.19,Green,20249.78,2246,2345,1,0,21,Braking,16.09,D,B2,Buyer Beta,Rubber,11462.41,4591,21,4570,52383213.7,57948885.32,2.47,Weekly,healthy,2170.5,1817.86,2000.44,2000.15,1628.42,2172.3,5887,4461.19,2516.0,679.48,0.0,0.0,2.71,2.45,1.26,0.34,0.0,0.0
EV-Program,06A-935-403-A,CLUTCH PLATE,4038,4038,"YADAV,LOKEANDOAK PRIVATE LIMITED",385,1375,12,0,3.57,Green,4996.71,533,313,0,2,73,Transmission,17.03,B,N2,Buyer Gamma,Electronics,4109.24,846,73,773,3176442.52,5447128.34,2.01,Monthly,healthy,426.55,406.76,459.28,434.72,397.29,341.61,1375,1149.62,861.46,465.92,164.2,24.21,3.22,2.83,1.88,1.07,0.41,0.07
Commercial-Vehicle,12B-456-875-C,ENGINE MOUNT,4077,4077,GALAGROUP PRIVATE LIMITED,2077,4013,293,0,1.93,Amber,24743.57,2252,979,1,2,63,Engine,1.89,C,P3,Buyer Beta,Machining,11884.41,3231,63,3168,37649810.88,54576155.81,1.53,Daily,healthy,2007.63,1918.56,2274.61,2388.29,2481.05,2485.9,4013,2279.67,588.82,0.0,0.0,0.0,2.0,1.19,0.26,0.0,0.0,0.0
EV-Program,15D-544-252-C,WIRING HARNESS,4042,4042,"CHERIAN,MISRAANDTRIPATHI PRIVATE LIMITED",2397,15549,155,0,6.49,Green,28356.82,7503,4207,1,1,73,Electrical,0.95,B,N1,Buyer Delta,Forging,10395.63,11710,73,11637,120973946.31,180903747.07,4.85,Monthly,excess,2213.43,2201.59,2646.49,2353.36,2814.31,2188.15,15549,13631.37,11302.62,9002.44,6945.13,5406.31,7.02,6.19,4.27,3.83,2.47,2.47
Passenger-Vehicle,06A-515-932-P,CONTROL ARM,4023,4023,MADAN-KANDA PRIVATE LIMITED,1557,686,183,688,0.44,Red,20413.71,315,123,7,8,35,Suspension,13.95,D,P1,Buyer Epsilon,Metals,9319.16,438,35,403,3755621.48,5592490.29,0.26,Daily,critical,1590.05,1601.24,1861.51,1756.33,1868.38,1634.85,686,0.0,0.0,0.0,0.0,0.0,0.43,0.0,0.0,0.0,0.0,0.0
Passenger-Vehicle,08K-720-651-A,TRANSMISSION COVER,4024,4024,"NAIR,BHALLAANDKARNIK PRIVATE LIMITED",757,2320,40,0,3.06,Green,7942.58,1266,398,1,4,295,Transmission,2.57,A,P2,Buyer Alpha,Rubber,103.68,1664,295,1369,141937.92,222985.13,1.81,Daily,in_transit,842.98,676.49,688.92,709.25,883.13,761.33,2320,1901.14,1216.16,808.04,216.92,0.0,2.75,2.81,1.77,1.14,0.25,0.0
EV-Program,12B-488-126-A,DASHBOARD PANEL,4028,4028,SHANKER-DHAR PRIVATE LIMITED,0,183,1,0,,Gray,0.0,94,39,4,0,54,Interior,6.83,A,B1,Buyer Epsilon,Machining,6642.76,133,54,79,524778.04,1270243.94,,Daily,zero_demand,0.0,0.0,0.0,0.0,0.0,0.0,183,219.0,287.0,336.0,466.0,505.0,,,,,,
India3.0,08K-925-859-C,CROSS MEMBER,4012,4012,PARMERLLC PRIVATE LIMITED,1386,2788,204,0,2.01,Green,15111.64,1795,573,0,3,12,Chassis,14.85,C,P1,Buyer Epsilon,Electronics,9345.73,2368,12,2356,22018539.88,29587377.31,1.7,Monthly,healthy,1557.8,1433.49,1576.53,1347.35,1445.65,1260.93,2788,1549.12,308.75,0.0,0.0,0.0,1.79,1.08,0.2,0.0,0.0,0.0
India2.0,08K-667-604-P,CONTROL MODULE,4019,4019,PATLA-GABA PRIVATE LIMITED,1115,4503,94,0,4.04,Green,14305.46,2530,881,1,3,86,Electrical,16.96,B,N1,Buyer Delta,Metals,672.26,3411,86,3325,2235264.5,3468774.27,2.98,Weekly,healthy,1259.35,1055.39,1066.85,1106.39,1195.43,1316.48,4503,3656.59,2705.63,1812.34,953.85,0.0,3.58,3.46,2.54,1.64,0.8,0.0
EV-Program,12B-400-371-A,INTAKE MANIFOLD,4079,4079,MANGAL-SAMPATH PRIVATE LIMITED,49,193,5,0,3.94,Green,537.87,102,75,4,0,87,Engine,18.48,D,P2,Buyer Gamma,Plastics,8581.35,177,87,90,772321.5,1742913.66,1.84,Weekly,healthy,56.78,45.51,50.46,50.15,47.45,56.24,193,192.01,250.15,238.4,332.76,352.52,3.4,4.22,4.96,4.75,7.01,6.27
Commercial-Vehicle,06A-243-462-C,SHOCK ABSORBER,4063,4063,"SOLANKI,KIBEANDSOLANKI PRIVATE LIMITED",44,116,2,0,2.64,Green,458.86,54,17,2,1,92,Suspension,9.04,B,P1,Buyer Beta,Forging,7401.74,71,92,0,0.0,840778.25,0.0,Daily,healthy,40.44,51.24,37.51,40.88,43.01,49.9,116,196.31,224.96,266.26,361.41,434.63,2.87,3.83,6.0,6.51,8.4,8.71
Commercial-Vehicle,12B-396-388-C,WIRING HARNESS,4051,4051,GANDHI-LANKA PRIVATE LIMITED,1376,2836,50,0,2.06,Green,18979.86,1408,776,2,3,15,Electrical,19.05,B,N2,Buyer Beta,Electronics,10815.93,2184,15,2169,23459752.17,32346351.71,1.58,Daily,healthy,1230.97,1545.41,1232.89,1230.34,1539.17,1376.53,2836,1621.45,406.6,0.0,0.0,0.0,2.3,1.05,0.33,0.0,0.0,0.0
Passenger-Vehicle,12B-759-152-B,DASHBOARD PANEL,4015,4015,"MEMON,PATHAKANDHANDA PRIVATE LIMITED",1033,3101,121,0,3,Green,13249.1,1260,1127,0,3,258,Interior,6.8,C,P3,Buyer Delta,Rubber,8009.31,2387,258,2129,17051820.99,25797371.01,2.06,Weekly,in_transit,931.82,1023.13,1213.97,910.93,1067.85,958.23,3101,2312.6,1323.74,732.94,0.0,0.0,3.33,2.26,1.09,0.8,0.0,0.0
Passenger-Vehicle,04C-142-700-A,INTAKE MANIFOLD,4024,4024,"NAIR,BHALLAANDKARNIK PRIVATE LIMITED",233,611,18,0,2.62,Green,2769.96,247,236,4,3,12,Engine,17.65,A,P1,Buyer Epsilon,Casting,7938.75,483,12,471,3739151.25,4652063.37,2.02,Weekly,healthy,222.87,199.16,225.06,258.64,217.48,229.37,611,467.16,348.66,211.6,182.49,0.0,2.74,2.35,1.55,0.82,0.84,0.0
Passenger-Vehicle,04C-269-548-C,FUEL FILTER,4026,4026,BHATTI-KAKAR PRIVATE LIMITED,649,520,428,0,0.8,Red,7919.09,321,136,5,6,97,Fuel System,19.51,D,N2,Buyer Gamma,Rubber,563.98,457,97,360,203032.8,312390.12,0.55,Daily,low_coverage,758.55,646.83,731.3,709.91,768.76,719.9,520,12.27,0.0,0.0,0.0,0.0,0.69,0.02,0.0,0.0,0.0,0.0
India2.0,15D-370-839-A,ENGINE MOUNT,4021,4021,"LOKE,BORAANDGARG PRIVATE LIMITED",2445,3322,932,0,1.36,Amber,29377.34,1458,721,5,4,38,Engine,22.47,C,P3,Buyer Alpha,Plastics,8372.79,2179,38,2141,17926143.39,24636084.27,0.88,Weekly,low_coverage,2269.88,2327.99,2871.74,2628.0,2535.73,2619.67,3322,1274.75,0.0,0.0,0.0,0.0,1.46,0.55,0.0,0.0,0.0,0.0
India3.0,15D-602-846-A,BONNET ASSEMBLY,4036,4036,SIDHU-WADHWA PRIVATE LIMITED,84,413,12,0,4.92,Green,1155.51,261,88,4,3,13,Body,7.12,C,P2,Buyer Beta,Machining,6467.17,349,13,336,2172969.12,2772086.8,4.0,Monthly,healthy,89.17,84.4,88.5,75.98,82.24,85.98,413,394.86,411.61,461.22,403.99,374.63,4.63,4.68,4.65,6.07,4.91,4.36
India3.0,06A-591-877-C,SHOCK ABSORBER,4025,4025,MUTTIGROUP PRIVATE LIMITED,315,974,41,0,3.09,Green,4372.69,553,342,0,1,92,Suspension,7.75,D,P2,Buyer Beta,Plastics,5139.68,895,92,803,4127163.04,5161176.02,2.55,Monthly,healthy,309.41,358.88,282.32,283.48,355.11,327.55,974,647.34,449.25,195.18,0.0,0.0,3.15,1.8,1.59,0.69,0.0,0.0
India2.0,04C-719-254-A,SEAT BRACKET,4070,4070,"SEN,DEYANDSAMI PRIVATE LIMITED",202,512,16,0,2.53,Green,2736.26,319,79,3,0,18,Interior,13.31,B,B1,Buyer Delta,Electronics,1269.67,398,18,380,482474.6,635860.9,1.88,Monthly,healthy,182.12,187.67,220.25,206.47,178.89,177.09,512,428.01,251.46,102.47,16.55,0.0,2.81,2.28,1.14,0.5,0.09,0.0
Commercial-Vehicle,15D-912-751-B,DASHBOARD PANEL,4080,4080,"SUR,DUBEYANDGUPTA PRIVATE LIMITED",1446,3541,127,0,2.45,Green,18287.46,2154,1396,2,1,40,Interior,20.07,B,N1,Buyer Delta,Fasteners,10509.81,3550,40,3510,36889433.1,40316576.89,2.43,Monthly,in_transit,1303.29,1455.17,1641.39,1714.75,1392.6,1407.56,3541,2281.73,1113.25,0.0,0.0,0.0,2.72,1.57,0.68,0.0,0.0,0.0
India2.0,06A-486-850-P,BRAKE BRACKET,4064,4064,GUPTA-CHANDRA PRIVATE LIMITED,962,1075,732,0,1.12,Amber,11243.24,452,162,4,2,89,Braking,24.13,C,P1,Buyer Alpha,Metals,4640.14,614,89,525,2436073.5,5727252.71,0.55,Weekly,low_coverage,823.48,1140.13,1124.56,916.92,1144.91,888.66,1075,0.0,0.0,0.0,0.0,0.0,1.31,0.0,0.0,0.0,0.0,0.0
Passenger-Vehicle,08K-826-332-C,SHOCK ABSORBER,4021,4021,"LOKE,BORAANDGARG PRIVATE LIMITED",1516,3574,3,0,2.36,Green,18611.53,1754,661,3,1,19,Suspension,6.87,A,N2,Buyer Delta,Electronics,1729.68,2415,19,2396,4144313.28,6232784.14,1.58,Monthly,healthy,1792.02,1671.99,1440.76,1609.17,1294.37,1582.64,3574,2137.43,1008.71,0.0,0.0,0.0,1.99,1.28,0.7,0.0,0.0,0.0
India3.0,04C-346-375-P,BONNET ASSEMBLY,4052,4052,"SAMPATH,KAKARANDZACHARIA PRIVATE LIMITED",916,1300,572,0,1.42,Amber,11377.03,641,407,2,8,88,Body,14.16,D,P1,Buyer Alpha,Casting,4731.8,1048,88,960,4542528.0,5976211.12,1.05,Daily,low_coverage,900.58,897.7,813.35,787.59,812.73,1021.14,1300,600.52,59.69,0.0,0.0,0.0,1.44,0.67,0.07,0.0,0.0,0.0
India3.0,06A-887-835-A,CONSOLE COVER,4002,4002,KAPOORANDSONS PRIVATE LIMITED,0,256,0,0,,Gray,0.0,164,83,3,2,92,Interior,12.96,C,N1,Buyer Beta,Casting,11506.52,247,92,155,1783510.6,2589873.38,,Weekly,zero_demand,0.0,0.0,0.0,0.0,0.0,0.0,256,294.0,416.0,490.0,510.0,569.0,,,,,,
Commercial-Vehicle,08K-881-997-C,FRAME SUPPORT,4080,4080,"SUR,DUBEYANDGUPTA PRIVATE LIMITED",1784,7126,198,0,3.99,Green,19546.29,3706,2840,4,3,39,Chassis,23.11,A,N2,Buyer Delta,Plastics,518.55,6546,39,6507,3374204.85,3248889.28,3.65,Weekly,in_transit,1525.73,1709.68,1827.92,2099.62,1876.37,1628.28,7126,5494.94,3959.16,2370.69,815.65,0.0,4.67,3.21,2.17,1.13,0.43,0.0
EV-Program,12B-579-757-C,DASHBOARD PANEL,4052,4052,,548,1804,79,0,3.29,Green,7566.88,905,389,2,3,10,Interior,2.24,A,N1,Buyer Delta,Rubber,5312.3,1294,10,1284,6820993.2,10663062.81,2.34,Weekly,healthy,596.71,589.29,600.01,629.42,575.15,540.26,1804,1314.86,819.73,341.93,0.0,0.0,3.02,2.23,1.37,0.54,0.0,0.0
EV-Program,12B-992-529-A,FRAME SUPPORT,4009,4009,"SAMI,OAKANDMALL PRIVATE LIMITED",2495,9875,243,0,3.96,Green,26090.98,6266,1840,3,1,4,Chassis,22.34,B,B2,Buyer Alpha,Metals,5856.09,8106,4,8102,47446041.18,52857977.75,3.25,Weekly,healthy,2616.94,2796.82,2810.23,2167.97,2356.39,2244.52,9875,7825.75,5084.58,3096.14,975.37,0.0,3.77,2.8,1.81,1.43,0.41,0.0
India3.0,12B-754-692-P,CHASSIS BRACKET,4039,4039,MEMONGROUP PRIVATE LIMITED,1450,4619,137,0,3.19,Green,18495.22,2108,1492,1,3,89,Chassis,5.54,B,N1,Buyer Epsilon,Electronics,11305.62,3600,89,3511,39694031.82,50483872.26,2.42,Monthly,healthy,1237.54,1535.54,1545.38,1239.7,1485.97,1365.87,4619,3585.48,2382.37,1211.75,83.73,0.0,3.73,2.33,1.54,0.98,0.06,0.0
EV-Program,15D-977-201-P,RADIATOR PIPE,4028,4028,SHANKER-DHAR PRIVATE LIMITED,802,2822,1,0,3.52,Green,9207.78,1746,777,2,2,2,Cooling,2.33,A,N2,Buyer Delta,Metals,11662.06,2523,2,2521,29400053.26,36541246.29,3.14,Weekly,healthy,878.0,809.7,914.17,713.53,786.44,834.05,2822,2221.65,1523.7,1066.19,408.68,0.0,3.21,2.74,1.67,1.49,0.52,0.0
India2.0,04C-126-257-B,SUSPENSION BRACKET,4070,4070,"SEN,DEYANDSAMI PRIVATE LIMITED",1839,7945,148,0,4.32,Green,24655.14,4095,1419,1,3,28,Suspension,20.52,C,P3,Buyer Beta,Machining,6060.2,5514,28,5486,33246257.2,53295475.41,2.98,Daily,healthy,2174.97,2074.05,1568.05,1889.84,1761.01,1996.52,7945,6249.9,4984.0,3507.19,1895.03,501.56,3.65,3.01,3.18,1.86,1.08,0.25
India2.0,15D-824-656-P,BRAKE BRACKET,4051,4051,GANDHI-LANKA PRIVATE LIMITED,1631,7020,147,0,4.3,Green,19109.46,3305,1611,3,1,93,Braking,9.62,B,N1,Buyer Gamma,Electronics,9949.46,4916,93,4823,47986245.58,62688386.9,2.96,Daily,healthy,1518.2,1458.47,1834.06,1864.34,1502.67,1392.94,7020,6029.99,4333.9,2943.51,1892.47,618.61,4.62,4.13,2.36,1.58,1.26,0.44
Commercial-Vehicle,04C-315-803-C,BODY BRACKET,4039,4039,MEMONGROUP PRIVATE LIMITED,1024,4428,96,0,4.32,Green,13395.52,2791,1358,0,0,35,Body,22.25,D,B2,Buyer Beta,Electronics,8726.7,4149,35,4114,35901643.8,40246080.59,4.02,Weekly,healthy,1078.04,1034.95,921.23,903.65,1197.52,1046.39,4428,3524.61,2819.35,2121.96,1186.56,414.02,4.11,3.41,3.06,2.35,0.99,0.4
Commercial-Vehicle,12B-546-624-C,INTAKE MANIFOLD,4023,4023,MADAN-KANDA PRIVATE LIMITED,148,11,61,76,0.07,Red,2068.99,6,2,1,5,20,Engine,6.33,B,B1,Buyer Gamma,Machining,1441.8,8,20,0,0.0,13621.45,0.0,Daily,critical,126.99,133.69,172.35,137.18,139.66,143.86,11,0.0,0.0,0.0,0.0,0.0,0.09,0.0,0.0,0.0,0.0,0.0
EV-Program,06A-174-320-B,CONTROL ARM,4076,4076,KALA-RATTAN PRIVATE LIMITED,863,2767,114,0,3.21,Green,10092.74,1472,712,2,0,40,Suspension,3.71,C,P1,Buyer Alpha,Casting,11446.99,2184,40,2144,24542346.56,32311814.77,2.48,Monthly,healthy,846.5,752.96,1022.94,822.19,839.95,977.92,2767,2178.8,1450.88,799.31,209.06,0.0,3.27,2.89,1.42,0.97,0.25,0.0
Passenger-Vehicle,12B-342-690-P,ENGINE MOUNT,4043,4043,"ISSAC,DUAANDPRAKASH PRIVATE LIMITED",2344,10889,287,0,4.65,Green,24061.02,5533,1913,2,1,77,Engine,0.54,A,N1,Buyer Gamma,Electronics,9551.06,7446,77,7369,70381761.14,97076505.19,3.14,Weekly,healthy,2491.12,2697.87,2552.02,2154.96,2401.49,2090.24,10889,8922.13,6811.45,5294.48,3005.84,1284.55,4.37,3.31,2.67,2.46,1.25,0.61
Passenger-Vehicle,04C-804-988-P,ENGINE MOUNT,4069,4069,HANDAANDSONS PRIVATE LIMITED,274,174,24,76,0.64,Red,3649.52,75,58,7,2,92,Engine,22.09,A,P1,Buyer Alpha,Forging,4075.18,133,92,41,167082.38,687882.13,0.15,Daily,demand_spike,286.26,386.98,403.08,386.18,393.21,302.88,174,0.0,0.0,0.0,0.0,0.0,0.61,0.0,0.0,0.0,0.0,0.0
India3.0,04C-176-606-P,DASHBOARD PANEL,4043,4043,"ISSAC,DUAANDPRAKASH PRIVATE LIMITED",1574,35,1194,345,0.02,Red,18640.53,20,13,3,3,40,Interior,0.43,B,N1,Buyer Delta,Rubber,3268.15,33,40,0,0.0,130370.69,0.0,Weekly,critical,1565.58,1405.32,1601.19,1515.24,1388.47,1532.37,35,0.0,0.0,0.0,0.0,0.0,0.02,0.0,0.0,0.0,0.0,0.0
India3.0,04C-571-291-B,GEAR HOUSING,4044,4044,ZACHARIAPLC PRIVATE LIMITED,2438,8042,160,0,3.3,Green,31796.28,4395,2910,2,3,90,Transmission,11.96,D,P3,Buyer Gamma,Metals,9148.77,7305,90,7215,66008375.55,64870419.17,2.96,Monthly,healthy,2183.28,2401.31,2245.54,2309.38,2884.21,2197.98,8042,6100.41,4208.59,2459.76,0.0,0.0,3.68,2.54,1.87,1.07,0.0,0.0
EV-Program,06A-735-816-C,CLUTCH PLATE,4046,4046,CHOUDHURYLLC PRIVATE LIMITED,636,1913,42,0,3.01,Green,6495.23,697,469,2,0,47,Transmission,9.88,B,B1,Buyer Gamma,Fasteners,4787.26,1166,47,1119,5356943.94,10333974.06,1.76,Daily,healthy,583.77,579.92,656.04,684.48,566.24,599.85,1913,1564.06,1066.12,444.66,40.28,0.0,3.28,2.7,1.63,0.65,0.07,0.0
India2.0,12B-994-353-C,WIRING HARNESS,4027,4027,"MURTY,KALAANDTATA PRIVATE LIMITED",1199,3007,0,0,2.51,Green,12441.99,1719,1091,4,3,89,Electrical,1.22,A,N2,Buyer Gamma,Rubber,8482.01,2810,89,2721,23079549.21,26943418.55,2.27,Monthly,healthy,1090.59,1089.08,1078.67,1198.73,1388.97,1268.42,3007,2215.75,1524.31,686.02,0.0,0.0,2.76,2.03,1.41,0.57,0.0,0.0
EV-Program,06A-862-191-A,BRAKE PAD,4022,4022,"KONDA,GADEANDSHERE PRIVATE LIMITED",404,5346,21,0,13.23,Gray,4771.43,2935,1140,2,2,69,Braking,16.0,C,B1,Buyer Epsilon,Fasteners,1235.91,4075,69,4006,4951055.46,6525412.58,9.92,Monthly,excess,460.44,390.59,359.34,364.31,436.63,347.77,5346,5125.49,4799.38,4544.78,4328.85,4127.81,11.61,13.12,13.36,12.48,9.91,11.87
India2.0,08K-241-458-B,SENSOR ASSEMBLY,4034,4034,DUTTALTD PRIVATE LIMITED,3021,1458,1131,432,0.48,Red,33947.86,875,263,1,2,74,Electrical,16.67,B,P1,Buyer Gamma,Electronics,10660.42,1138,74,1064,11342686.88,16919990.62,0.35,Monthly,demand_spike,3167.01,3520.48,3726.97,4207.66,3019.61,3378.83,1458,0.0,0.0,0.0,0.0,0.0,0.46,0.0,0.0,0.0,0.0,0.0
Commercial-Vehicle,12B-198-241-C,BONNET ASSEMBLY,4056,4056,BHATTLLC PRIVATE LIMITED,350,191,242,0,0.55,Red,4806.11,91,74,4,7,86,Body,7.9,C,N1,Buyer Gamma,Machining,3517.99,165,86,79,277921.21,590928.56,0.23,Weekly,low_coverage,329.5,335.57,396.04,328.13,334.38,411.07,191,0.0,0.0,0.0,0.0,0.0,0.58,0.0,0.0,0.0,0.0,0.0
Passenger-Vehicle,12B-807-439-P,RADIATOR PIPE,4053,4053,"IYER,MUNIANDRASTOGI PRIVATE LIMITED",2309,2878,181,0,1.25,Amber,30071.09,1508,700,5,4,100,Cooling,18.54,A,B1,Buyer Beta,Electronics,356.01,2208,100,2108,750469.08,1061755.75,0.91,Monthly,low_coverage,2689.91,2005.92,2288.29,2334.58,2180.99,2232.15,2878,981.76,0.0,0.0,0.0,0.0,1.07,0.49,0.0,0.0,0.0,0.0
Passenger-Vehicle,04C-542-249-P,FUEL PIPE,4018,4018,RAILLC PRIVATE LIMITED,653,1690,0,0,2.59,Green,8634.27,649,253,4,1,88,Fuel System,3.63,B,P2,Buyer Epsilon,Rubber,3638.67,902,88,814,2961877.38,6340825.9,1.25,Weekly,healthy,582.71,601.74,656.48,623.6,742.52,614.54,1690,1296.43,825.94,329.83,0.0,0.0,2.9,2.15,1.26,0.53,0.0,0.0
Passenger-Vehicle,12B-625-164-A,FUEL FILTER,4038,4038,"YADAV,LOKEANDOAK PRIVATE LIMITED",429,1383,35,0,3.22,Green,4961.28,821,258,0,3,59,Fuel System,3.87,C,N1,Buyer Beta,Forging,11510.73,1079,59,1020,11740944.6,14885007.02,2.38,Monthly,healthy,382.69,451.82,371.05,434.91,366.02,493.15,1383,1153.29,825.86,491.06,330.06,0.0,3.61,2.55,2.23,1.13,0.9,0.0
Commercial-Vehicle,04C-163-726-B,DASHBOARD PANEL,4051,4051,GANDHI-LANKA PRIVATE LIMITED,2001,6305,92,0,3.15,Green,24620.62,2451,1456,4,2,99,Interior,1.03,A,N1,Buyer Gamma,Plastics,4543.21,3907,99,3808,17300543.68,32556645.49,1.9,Daily,healthy,1944.64,1983.63,1863.12,2355.14,2388.12,1774.69,6305,4835.0,3254.79,1266.93,0.0,0.0,3.24,2.44,1.75,0.54,0.0,0.0
Commercial-Vehicle,15D-460-465-A,CHASSIS BRACKET,4014,4014,"DASH,RADHAKRISHNANANDBRAR PRIVATE LIMITED",1566,204,400,962,0.13,Red,17241.63,85,68,8,5,86,Chassis,11.03,D,B2,Buyer Alpha,Metals,1633.27,153,86,67,109429.09,326596.27,0.04,Daily,critical,1620.79,1378.25,1442.66,1528.18,1804.93,1603.05,204,0.0,0.0,0.0,0.0,0.0,0.13,0.0,0.0,0.0,0.0,0.0
EV-Program,04C-242-309-B,BRAKE BRACKET,4039,4039,MEMONGROUP PRIVATE LIMITED,2062,7433,169,0,3.6,Green,20805.93,4169,1241,2,3,32,Braking,22.82,A,P2,Buyer Delta,Metals,2797.66,5410,32,5378,15045815.48,23112443.94,2.61,Monthly,healthy,2451.39,2167.93,1978.04,2256.1,2428.88,1775.99,7433,5472.64,3822.18,2187.57,0.0,0.0,3.03,2.52,1.93,0.97,0.0,0.0
Passenger-Vehicle,06A-218-548-P,SUSPENSION BRACKET,4005,4005,KAULPLC PRIVATE LIMITED,309,1110,39,0,3.59,Green,4238.69,478,178,4,1,61,Suspension,24.57,C,P3,Buyer Beta,Casting,11400.9,656,61,595,6783535.5,10891904.86,1.93,Weekly,healthy,317.55,309.32,264.97,320.42,322.4,337.86,1110,912.55,760.16,454.93,304.93,124.24,3.5,2.95,2.87,1.42,0.95,0.37
India3.0,12B-830-409-B,OIL FILTER HOUSING,4031,4031,"RASTOGI,PATHAKANDKANDA PRIVATE LIMITED",2430,7158,274,0,2.95,Green,29821.43,4250,1210,0,1,92,Engine,7.39,B,N2,Buyer Gamma,Casting,160.19,5460,92,5368,859899.92,1018233.27,2.21,Monthly,healthy,2219.09,2362.89,2914.37,2472.64,2130.46,2486.44,7158,5060.79,2881.5,970.37,0.0,0.0,3.23,2.14,0.99,0.39,0.0,0.0
Passenger-Vehicle,12B-607-119-C,BRAKE PAD,4065,4065,SANKARLLC PRIVATE LIMITED,1439,5711,159,0,3.97,Green,17188.61,3440,1600,0,1,26,Braking,11.16,B,P2,Buyer Delta,Electronics,10809.09,5040,26,5014,54196777.26,58118340.33,3.48,Monthly,healthy,1501.65,1588.25,1715.67,1703.15,1359.29,1639.76,5711,4215.95,2745.67,1467.24,323.88,0.0,3.8,2.65,1.6,0.86,0.24,0.0
India3.0,06A-115-387-B,RADIATOR PIPE,4069,4069,HANDAANDSONS PRIVATE LIMITED,1269,5292,6,0,4.17,Green,17309.43,3054,1244,2,1,33,Cooling,24.97,C,P3,Buyer Epsilon,Machining,414.42,4298,33,4265,1767501.3,2409728.21,3.36,Daily,healthy,1271.44,1402.54,1437.26,1459.96,1266.9,1194.17,5292,3996.23,2792.48,1473.16,427.19,0.0,4.16,2.85,1.94,1.01,0.34,0.0
India3.0,06A-745-278-A,SUSPENSION BRACKET,4036,4036,SIDHU-WADHWA PRIVATE LIMITED,1046,4535,155,0,4.34,Green,10511.63,2724,1641,2,2,72,Suspension,16.43,B,P1,Buyer Alpha,Electronics,9397.82,4365,72,4293,40344841.26,41900666.5,4.1,Monthly,healthy,895.42,902.65,968.85,990.31,1238.1,1169.52,4535,3919.06,3198.23,2384.39,1385.49,553.61,5.06,4.34,3.3,2.41,1.12,0.47
EV-Program,12B-767-483-C,BRAKE PAD,4057,4057,KARPEPLC PRIVATE LIMITED,191,153,15,23,0.8,Red,2637.1,84,55,5,1,32,Braking,15.59,B,P3,Buyer Alpha,Forging,6658.76,139,32,107,712487.32,973964.03,0.56,Daily,low_coverage,210.37,185.73,169.92,184.13,167.12,171.91,153,123.1,44.37,0.0,0.0,0.0,0.73,0.66,0.26,0.0,0.0,0.0
Commercial-Vehicle,08K-375-299-B,SHOCK ABSORBER,4004,4004,BALANINC PRIVATE LIMITED,886,2912,130,0,3.29,Green,11636.61,1744,460,2,3,27,Suspension,8.28,C,P2,Buyer Delta,Casting,9704.09,2204,27,2177,21125803.93,30176425.63,2.46,Monthly,healthy,871.28,777.43,928.43,980.7,1015.94,941.36,2912,2370.9,1582.98,746.31,0.0,0.0,3.34,3.05,1.71,0.76,0.0,0.0
India3.0,12B-115-270-P,CLUTCH PLATE,4031,4031,"RASTOGI,PATHAKANDKANDA PRIVATE LIMITED",1699,4641,129,0,2.73,Green,17509.51,2466,1217,2,3,83,Transmission,6.66,D,B1,Buyer Alpha,Electronics,4368.1,3683,83,3600,15725160.0,19778823.09,2.12,Daily,healthy,1782.71,1518.65,1845.01,1917.41,1492.62,1786.68,4641,3401.9,1776.99,205.2,0.0,0.0,2.6,2.24,0.96,0.11,0.0,0.0
Passenger-Vehicle,04C-255-107-B,WATER PUMP,4004,4004,BALANINC PRIVATE LIMITED,319,99,216,4,0.31,Red,3642.17,55,17,7,4,89,Cooling,16.27,D,P3,Buyer Delta,Electronics,1623.24,72,89,0,0.0,179860.77,0.0,Monthly,critical,371.45,340.0,279.38,372.83,303.45,353.04,99,0.0,0.0,0.0,0.0,0.0,0.27,0.0,0.0,0.0,0.0,0.0
Passenger-Vehicle,15D-872-272-P,SUSPENSION BRACKET,4036,4036,SIDHU-WADHWA PRIVATE LIMITED,931,235,577,119,0.25,Red,11237.83,109,79,7,2,36,Suspension,22.57,B,P1,Buyer Delta,Plastics,2817.87,188,36,152,428316.24,752294.4,0.16,Weekly,demand_spike,805.01,1595.59,1396.65,1081.6,1382.0,1584.16,235,0.0,0.0,0.0,0.0,0.0,0.29,0.0,0.0,0.0,0.0,0.0
India3.0,15D-776-957-P,BONNET ASSEMBLY,4037,4037,APTE-CONTRACTOR PRIVATE LIMITED,5112,1538,3403,171,0.3,Red,60400.31,743,396,2,0,91,Body,15.72,B,P2,Buyer Epsilon,Machining,5140.97,1139,91,1048,5387736.56,7344771.63,0.21,Daily,demand_spike,5891.97,6798.7,7096.64,6692.9,6564.8,8037.12,1538,0.0,0.0,0.0,0.0,0.0,0.26,0.0,0.0,0.0,0.0,0.0
Commercial-Vehicle,12B-915-745-C,BONNET ASSEMBLY,4034,4034,DUTTALTD PRIVATE LIMITED,2004,2504,1017,0,1.25,Amber,22305.32,1590,912,4,2,81,Body,8.99,D,P3,Buyer Alpha,Rubber,9773.87,2502,81,2421,23662539.27,26305235.55,1.21,Daily,low_coverage,1705.64,2094.6,1730.62,2146.0,2043.04,2319.15,2504,868.84,0.0,0.0,0.0,0.0,1.47,0.41,0.0,0.0,0.0,0.0
Commercial-Vehicle,08K-155-374-C,CONSOLE COVER,4054,4054,"PRAKASH,SARMAANDVARUGHESE PRIVATE LIMITED",0,217,0,0,,Gray,0.0,98,54,2,0,84,Interior,5.55,A,P3,Buyer Delta,Machining,2998.86,152,84,68,203922.48,578139.92,,Daily,zero_demand,0.0,0.0,0.0,0.0,0.0,0.0,217,277.0,332.0,347.0,428.0,536.0,,,,,,
India2.0,04C-965-120-P,SUSPENSION BRACKET,4022,4022,"KONDA,GADEANDSHERE PRIVATE LIMITED",471,549,312,0,1.17,Amber,5331.12,324,94,1,1,92,Suspension,10.01,D,P1,Buyer Beta,Forging,11376.62,418,92,326,3708778.12,6629373.96,0.69,Weekly,low_coverage,550.73,491.49,435.04,538.52,448.19,455.0,549,231.91,0.0,0.0,0.0,0.0,1.0,0.47,0.0,0.0,0.0,0.0
EV-Program,15D-582-485-B,ENGINE MOUNT,4030,4030,"YOHANNAN,LALLANDSANGHA PRIVATE LIMITED",1032,193,671,168,0.19,Red,11974.3,71,63,5,2,10,Engine,2.42,D,N2,Buyer Gamma,Fasteners,443.99,134,10,124,55054.76,92435.23,0.12,Weekly,critical,1027.24,1177.09,911.72,947.38,1160.66,986.34,193,0.0,0.0,0.0,0.0,0.0,0.19,0.0,0.0,0.0,0.0,0.0
India3.0,04C-885-605-B,BRAKE PAD,4065,4065,SANKARLLC PRIVATE LIMITED,90,364,5,0,4.04,Green,1174.57,190,56,0,1,57,Braking,7.86,C,B2,Buyer Beta,Plastics,11918.12,246,57,189,2252524.68,4691158.82,2.1,Weekly,healthy,90.58,79.93,102.0,94.17,95.19,95.92,364,333.85,256.47,305.95,335.56,397.27,4.02,4.18,2.51,3.25,3.53,4.14
Passenger-Vehicle,12B-243-866-C,CONTROL ARM,4077,4077,GALAGROUP PRIVATE LIMITED,42,93,4,0,2.21,Green,553.51,59,19,4,2,63,Suspension,0.33,A,N1,Buyer Gamma,Forging,3247.01,78,63,15,48705.15,298472.56,0.36,Monthly,healthy,42.8,46.57,41.96,46.83,38.14,36.27,93,75.54,75.26,69.24,65.46,77.41,2.17,1.62,1.79,1.48,1.72,2.13
India3.0,08K-743-114-A,CROSS MEMBER,4079,4079,MANGAL-SAMPATH PRIVATE LIMITED,3987,2940,2805,0,0.74,Red,43130.76,1445,595,6,2,66,Chassis,7.18,D,N2,Buyer Gamma,Casting,7816.64,2040,66,1974,15430047.36,21810116.07,0.5,Monthly,demand_spike,4431.02,5732.42,4550.49,5503.36,6065.49,6040.08,2940,0.0,0.0,0.0,0.0,0.0,0.66,0.0,0.0,0.0,0.0,0.0
EV-Program,04C-153-240-C,COOLING FAN,4033,4033,BATTAINC PRIVATE LIMITED,849,580,105,164,0.68,Red,10971.31,301,105,5,5,22,Cooling,16.65,C,P3,Buyer Epsilon,Metals,966.61,406,22,384,371178.24,564387.43,0.45,Daily,low_coverage,913.26,892.71,1008.89,783.85,1015.56,764.24,580,0.0,0.0,0.0,0.0,0.0,0.64,0.0,0.0,0.0,0.0,0.0
India3.0,12B-483-283-P,BRAKE CALIPER,4051,4051,GANDHI-LANKA PRIVATE LIMITED,1599,4385,214,0,2.74,Green,19328.62,2791,1694,4,1,10,Braking,11.11,B,P1,Buyer Epsilon,Forging,8486.69,4485,10,4475,37977937.75,40938581.43,2.8,Weekly,healthy,1757.26,1672.83,1742.72,1724.09,1837.86,1766.85,4385,2989.42,1550.31,273.52,0.0,0.0,2.5,1.79,0.89,0.16,0.0,0.0
EV-Program,04C-978-657-B,GEAR HOUSING,4048,4048,BRARINC PRIVATE LIMITED,5010,1139,2651,1220,0.23,Red,55610.03,738,371,8,0,50,Transmission,16.41,A,P3,Buyer Gamma,Electronics,11061.9,1109,50,1059,11714552.1,11745914.78,0.21,Monthly,demand_spike,4358.85,6351.85,6976.43,6623.0,6757.73,7644.21,1139,0.0,0.0,0.0,0.0,0.0,0.26,0.0,0.0,0.0,0.0,0.0
India3.0,08K-705-741-P,CHASSIS BRACKET,4067,4067,"BHAGAT,CHAUDHARIANDBHAT PRIVATE LIMITED",1671,6411,15,0,3.84,Green,17144.16,2405,1672,4,2,18,Chassis,19.74,B,B1,Buyer Gamma,Fasteners,5019.89,4077,18,4059,20375733.51,30015268.18,2.43,Daily,healthy,1536.55,1521.51,1602.33,1620.05,1751.49,1957.25,6411,4985.79,3589.49,2166.34,678.99,0.0,4.17,3.28,2.24,1.34,0.39,0.0
India3.0,15D-682-315-C,BODY BRACKET,4040,4040,SETTYINC PRIVATE LIMITED,802,3274,39,0,4.08,Green,8191.1,1283,749,2,5,92,Body,16.19,C,P2,Buyer Gamma,Forging,8979.0,2032,92,1940,17419260.0,26980442.96,2.42,Daily,in_transit,734.54,731.42,755.96,783.77,807.92,692.01,3274,2783.51,2271.96,1665.79,975.4,409.98,4.46,3.81,3.01,2.13,1.21,0.59
Commercial-Vehicle,15D-567-707-C,BRAKE BRACKET,4027,4027,"MURTY,KALAANDTATA PRIVATE LIMITED",1935,9146,264,0,4.73,Green,24445.49,4483,2110,1,1,60,Braking,10.04,B,P3,Buyer Gamma,Casting,3159.72,6593,60,6533,20642450.76,29451657.06,3.38,Weekly,healthy,2090.59,1863.08,2233.5,1966.78,1771.47,1960.92,9146,7790.96,6218.42,4602.8,3156.65,1599.7,4.37,4.18,2.78,2.34,1.78,0.82
Commercial-Vehicle,04C-774-251-A,RADIATOR PIPE,4039,4039,MEMONGROUP PRIVATE LIMITED,979,4555,129,0,4.65,Green,10212.36,2897,1139,3,2,99,Cooling,7.6,A,P2,Buyer Beta,Rubber,9167.55,4036,99,3937,36092644.35,35852185.39,4.02,Weekly,healthy,1007.66,1135.94,900.15,876.66,1164.63,1106.78,4555,3562.93,2703.98,1986.47,1058.95,143.94,4.52,3.14,3.0,2.27,0.91,0.13
India2.0,06A-723-282-A,CLUTCH PLATE,4032,4032,UPADHYAYGROUP PRIVATE LIMITED,2294,6445,244,0,2.81,Green,24402.01,3606,2437,0,3,60,Transmission,9.12,A,N2,Buyer Epsilon,Machining,10154.19,6043,60,5983,60752518.77,68750696.52,2.61,Daily,healthy,2617.39,2562.56,2205.51,2570.75,2429.18,2341.96,6445,4493.69,2425.87,28.66,0.0,0.0,2.46,1.75,1.1,0.01,0.0,0.0
India2.0,12B-769-786-C,BODY BRACKET,4018,4018,RAILLC PRIVATE LIMITED,201,211,23,0,1.05,Amber,2283.03,91,52,3,3,54,Body,19.31,C,N1,Buyer Gamma,Metals,2566.34,143,54,89,228404.26,593688.65,0.44,Monthly,low_coverage,173.3,200.52,229.54,195.21,227.38,179.91,211,184.41,6.58,0.0,0.0,0.0,1.22,0.92,0.03,0.0,0.0,0.0
India2.0,15D-373-283-B,FUEL RAIL,4065,4065,SANKARLLC PRIVATE LIMITED,1959,8726,186,0,4.45,Green,20465.06,5332,1483,1,3,54,Fuel System,10.48,D,P3,Buyer Gamma,Plastics,8555.8,6815,54,6761,57845763.8,63615036.63,3.45,Monthly,healthy,2315.28,1841.94,1963.33,1748.49,1699.48,1838.16,8726,7223.44,5532.82,4100.43,2665.18,1206.48,3.77,3.92,2.82,2.35,1.57,0.66
Commercial-Vehicle,12B-122-288-B,TRANSMISSION COVER,4046,4046,CHOUDHURYLLC PRIVATE LIMITED,2196,18089,43,0,8.24,Gray,26659.31,9765,4662,1,1,93,Transmission,16.36,A,B2,Buyer Delta,Metals,8874.62,14427,93,14334,127208803.08,149682394.23,6.53,Daily,excess,2613.57,2054.22,2303.99,2153.13,2160.14,2126.21,18089,16258.36,14589.96,12921.12,10791.64,8935.52,6.92,7.91,6.33,6.0,5.0,4.2
India3.0,04C-726-394-C,SUSPENSION BRACKET,4034,4034,DUTTALTD PRIVATE LIMITED,0,124,0,0,,Gray,0.0,53,39,3,3,27,Suspension,10.58,C,N2,Buyer Delta,Fasteners,6488.33,92,27,65,421741.45,728694.88,,Monthly,zero_demand,0.0,0.0,0.0,0.0,0.0,0.0,124,196.0,200.0,270.0,351.0,434.0,,,,,,
Passenger-Vehicle,12B-525-883-P,ENGINE MOUNT,4044,4044,ZACHARIAPLC PRIVATE LIMITED,1438,2920,190,0,2.03,Green,17250.1,1611,624,4,1,89,Engine,13.96,D,P2,Buyer Delta,Electronics,9878.64,2235,89,2146,21199561.44,24798008.81,1.49,Weekly,healthy,1651.26,1540.08,1264.12,1408.11,1449.54,1536.79,2920,1636.82,587.34,0.0,0.0,0.0,1.77,1.06,0.46,0.0,0.0,0.0
India2.0,15D-949-442-C,SUSPENSION BRACKET,4016,4016,"BOASE,BATHANDKARI PRIVATE LIMITED",914,1724,74,0,1.89,Amber,9793.04,887,410,1,3,98,Suspension,4.39,A,N1,Buyer Epsilon,Machining,2567.21,1297,98,1199,3078084.79,4051112.95,1.31,Weekly,healthy,1064.96,1023.38,937.59,1051.71,868.48,1072.46,1724,876.21,105.2,0.0,0.0,0.0,1.62,0.86,0.11,0.0,0.0,0.0
India3.0,15D-572-570-A,WATER PUMP,4025,4025,MUTTIGROUP PRIVATE LIMITED,938,41,613,284,0.04,Red,11520.83,21,7,7,6,2,Cooling,15.12,B,B2,Buyer Beta,Fasteners,1697.32,28,2,26,44130.32,72210.09,0.03,Monthly,critical,1021.98,804.76,978.54,947.59,854.82,903.25,41,0.0,0.0,0.0,0.0,0.0,0.04,0.0,0.0,0.0,0.0,0.0
India2.0,06A-967-368-P,TRANSMISSION COVER,4078,4078,RAMAKRISHNANLLC PRIVATE LIMITED,672,2706,8,0,4.03,Green,6738.5,1647,453,0,8,209,Transmission,4.31,D,B1,Buyer Gamma,Electronics,2968.57,2100,209,1891,5613565.87,7833145.91,2.81,Daily,in_transit,632.36,599.65,739.31,640.1,656.67,719.2,2706,2275.84,1655.31,1121.48,641.33,53.81,4.28,3.8,2.24,1.75,0.98,0.07
EV-Program,06A-861-924-A,FUEL PIPE,4027,4027,"MURTY,KALAANDTATA PRIVATE LIMITED",1371,2411,181,0,1.76,Amber,16405.81,1091,777,1,2,96,Fuel System,15.23,D,P3,Buyer Beta,Plastics,7718.75,1868,96,1772,13677625.0,17664492.57,1.29,Daily,healthy,1381.46,1297.45,1236.38,1587.7,1312.5,1469.52,2411,1461.32,500.88,0.0,0.0,0.0,1.75,1.13,0.41,0.0,0.0,0.0
India3.0,08K-610-570-P,SUSPENSION BRACKET,4039,4039,MEMONGROUP PRIVATE LIMITED,69,277,8,0,4.01,Green,802.01,150,82,4,2,21,Suspension,21.16,B,B1,Buyer Beta,Casting,3142.68,232,21,211,663105.48,870808.4,3.06,Monthly,healthy,71.29,81.01,70.29,58.99,64.08,65.37,277,337.11,372.89,401.68,388.31,356.57,3.89,4.16,5.3,6.81,6.06,5.45
India3.0,15D-879-695-C,ENGINE MOUNT,4052,4052,"SAMPATH,KAKARANDZACHARIA PRIVATE LIMITED",1369,1239,1095,0,0.91,Red,18326.01,644,262,2,8,7,Engine,2.55,A,P3,Buyer Alpha,Rubber,6108.7,906,7,899,5491721.3,7014815.62,0.66,Weekly,low_coverage,1517.95,1475.48,1248.67,1428.13,1515.03,1414.03,1239,157.98,0.0,0.0,0.0,0.0,0.82,0.11,0.0,0.0,0.0,0.0
India3.0,08K-381-794-B,TRANSMISSION COVER,4057,4057,KARPEPLC PRIVATE LIMITED,828,2950,76,0,3.56,Green,9893.71,1794,524,4,3,1,Transmission,11.06,B,N1,Buyer Alpha,Casting,1234.52,2318,1,2317,2860382.84,4064123.75,2.8,Monthly,healthy,929.09,937.31,991.35,878.07,799.04,979.53,2950,2219.04,1517.13,795.44,171.62,0.0,3.18,2.37,1.53,0.91,0.21,0.0
Passenger-Vehicle,12B-898-843-B,FUEL PIPE,4064,4064,GUPTA-CHANDRA PRIVATE LIMITED,288,1110,6,0,3.85,Green,3945.94,452,196,3,1,43,Fuel System,23.33,D,B2,Buyer Gamma,Casting,9134.84,648,43,605,5526578.2,9323842.88,2.1,Daily,healthy,275.77,322.06,338.3,277.44,324.01,277.63,1110,906.46,673.95,553.56,281.51,158.44,4.03,2.81,1.99,2.0,0.87,0.57
India2.0,04C-348-264-B,CONSOLE COVER,4043,4043,"ISSAC,DUAANDPRAKASH PRIVATE LIMITED",1311,201,854,256,0.15,Red,13139.75,91,70,7,7,7,Interior,12.04,D,P1,Buyer Delta,Fasteners,5418.51,161,7,154,834450.54,1244315.53,0.12,Daily,critical,1466.31,1437.54,1249.62,1310.51,1371.29,1397.72,201,0.0,0.0,0.0,0.0,0.0,0.14,0.0,0.0,0.0,0.0,0.0
India2.0,08K-973-469-C,CONSOLE COVER,4078,4078,RAMAKRISHNANLLC PRIVATE LIMITED,262,306,70,0,1.17,Amber,3183.71,150,113,8,2,36,Interior,22.13,B,P3,Buyer Delta,Rubber,1253.22,263,36,227,284480.94,334474.6,0.87,Weekly,low_coverage,312.31,298.29,250.11,262.89,292.65,297.65,306,167.11,0.0,0.0,0.0,0.0,0.98,0.56,0.0,0.0,0.0,0.0
Passenger-Vehicle,06A-917-625-P,FRAME SUPPORT,4043,4043,"ISSAC,DUAANDPRAKASH PRIVATE LIMITED",1080,4446,5,0,4.12,Green,11405.97,2631,1553,3,3,54,Chassis,23.07,B,B2,Buyer Alpha,Machining,3094.08,4184,54,4130,12778550.4,15125061.61,3.82,Weekly,healthy,940.79,1059.17,1280.8,1216.67,1044.16,1131.69,4446,3509.83,2352.67,1437.51,655.87,0.0,4.73,3.31,1.84,1.18,0.63,0.0
India3.0,15D-456-170-B,FUEL RAIL,4058,4058,AMBLEINC PRIVATE LIMITED,1034,795,347,0,0.77,Red,12217.94,415,120,7,3,2,Fuel System,23.22,B,P2,Buyer Gamma,Electronics,7819.31,535,2,533,4167692.23,6828455.64,0.52,Weekly,demand_spike,885.73,1308.89,1547.47,1883.75,1399.18,1272.46,795,0.0,0.0,0.0,0.0,0.0,0.9,0.0,0.0,0.0,0.0,0.0
Commercial-Vehicle,08K-620-214-C,DASHBOARD PANEL,4030,4030,"YOHANNAN,LALLANDSANGHA PRIVATE LIMITED",1400,730,252,418,0.52,Red,18671.28,445,265,7,3,3,Interior,0.28,D,N1,Buyer Alpha,Casting,9277.25,710,3,707,6559015.75,6180318.15,0.51,Weekly,demand_spike,1214.12,1927.06,1518.17,1862.55,2036.3,2045.15,730,0.0,0.0,0.0,0.0,0.0,0.6,0.0,0.0,0.0,0.0,0.0
India3.0,06A-631-255-A,SEAT BRACKET,4009,4009,"SAMI,OAKANDMALL PRIVATE LIMITED",1251,4946,166,0,3.95,Green,15730.48,3142,1081,3,0,60,Interior,21.99,A,B2,Buyer Beta,Plastics,2783.13,4223,60,4163,11586170.19,14373898.47,3.33,Weekly,healthy,1204.89,1172.37,1290.43,1397.12,1442.68,1333.75,4946,3933.25,3040.19,2023.98,798.58,0.0,4.1,3.35,2.36,1.45,0.55,0.0
Passenger-Vehicle,04C-418-587-C,BODY BRACKET,4040,4040,SETTYINC PRIVATE LIMITED,1548,3758,82,0,2.43,Green,15656.34,2317,595,0,0,42,Body,3.29,C,N2,Buyer Alpha,Fasteners,10911.41,2912,42,2870,31315746.7,45581592.42,1.85,Weekly,healthy,1810.78,1520.08,1407.77,1801.9,1376.7,1779.66,3758,2524.5,1522.44,145.52,0.0,0.0,2.08,1.66,1.08,0.08,0.0,0.0
Commercial-Vehicle,04C-913-302-A,SHOCK ABSORBER,4026,4026,BHATTI-KAKAR PRIVATE LIMITED,2128,10210,115,0,4.8,Green,26891.19,4438,3101,0,3,91,Suspension,3.66,A,B2,Buyer Beta,Electronics,1592.5,7539,91,7448,11860940.0,15038889.12,3.5,Weekly,healthy,1995.5,2033.07,2306.59,2544.4,2053.05,2240.31,10210,8442.09,6559.34,4514.38,2819.24,623.55,5.12,4.15,2.84,1.77,1.37,0.28
India2.0,15D-229-196-A,CROSS MEMBER,4002,4002,KAPOORANDSONS PRIVATE LIMITED,2001,1384,1287,0,0.69,Red,26969.68,672,298,7,4,57,Chassis,20.77,A,N2,Buyer Gamma,Electronics,10297.86,970,57,913,9401946.18,13995112.17,0.46,Weekly,low_coverage,2222.58,2061.17,1879.64,2241.53,2168.69,1884.95,1384,0.0,0.0,0.0,0.0,0.0,0.62,0.0,0.0,0.0,0.0,0.0
India3.0,15D-724-534-A,SEAT BRACKET,4058,4058,AMBLEINC PRIVATE LIMITED,359,1759,11,0,4.9,Green,4160.89,1058,361,4,1,24,Interior,1.32,D,P3,Buyer Delta,Machining,11596.86,1419,24,1395,16177619.7,17441361.33,3.89,Weekly,healthy,397.3,380.66,371.12,372.93,326.1,384.93,1759,1594.06,1333.47,1124.1,908.58,594.22,4.43,4.19,3.59,3.01,2.79,1.54
India3.0,06A-554-245-B,FUEL RAIL,4042,4042,"CHERIAN,MISRAANDTRIPATHI PRIVATE LIMITED",1248,2969,142,0,2.38,Green,15815.26,1091,749,1,0,93,Fuel System,0.37,A,N2,Buyer Gamma,Metals,44.23,1840,93,1747,77269.81,117285.8,1.4,Monthly,healthy,1420.04,1413.29,1231.69,1231.59,1091.61,1122.14,2969,1635.05,769.19,0.0,0.0,0.0,2.09,1.16,0.62,0.0,0.0,0.0
India2.0,04C-985-888-B,SUSPENSION BRACKET,4061,4061,"KHANNA,MALLICKANDSUNDER PRIVATE LIMITED",1815,3515,232,0,1.94,Amber,19265.69,1632,1310,2,0,34,Suspension,18.34,C,B1,Buyer Epsilon,Casting,3613.91,2942,34,2908,10509250.28,11227468.71,1.6,Weekly,healthy,1839.11,2099.38,2024.56,1599.02,1696.03,2074.27,3515,1701.57,95.45,0.0,0.0,0.0,1.91,0.81,0.05,0.0,0.0,0.0
EV-Program,12B-972-571-P,SEAT BRACKET,4046,4046,CHOUDHURYLLC PRIVATE LIMITED,434,1388,63,0,3.2,Green,4724.33,529,479,3,2,85,Interior,20.35,D,B1,Buyer Alpha,Rubber,8568.62,1008,85,923,7908836.26,12637270.79,2.13,Monthly,healthy,454.07,425.99,375.3,456.34,423.69,492.74,1388,1110.24,843.65,548.99,266.98,0.0,3.06,2.61,2.25,1.2,0.63,0.0
India3.0,08K-948-413-P,SENSOR ASSEMBLY,4004,4004,BALANINC PRIVATE LIMITED,1367,29,935,403,0.02,Red,18314.68,13,11,5,6,45,Electrical,2.35,D,P3,Buyer Epsilon,Fasteners,1221.7,24,45,0,0.0,33055.17,0.0,Monthly,critical,1536.92,1496.44,1262.13,1472.12,1535.6,1571.81,29,0.0,0.0,0.0,0.0,0.0,0.02,0.0,0.0,0.0,0.0,0.0
India2.0,08K-728-683-P,CONTROL MODULE,4049,4049,"SUNDER,BISWASANDWALIA PRIVATE LIMITED",2008,8675,185,0,4.32,Green,26142.32,3326,2563,1,0,41,Electrical,24.99,D,B2,Buyer Alpha,Rubber,4233.1,5889,41,5848,24755168.8,41226080.15,2.91,Monthly,healthy,2198.92,2238.66,2141.46,1770.43,2305.73,2081.27,8675,6795.76,5172.01,3682.52,1956.2,286.81,3.95,3.04,2.42,2.08,0.85,0.14
EV-Program,06A-427-653-B,WIRING HARNESS,4036,4036,SIDHU-WADHWA PRIVATE LIMITED,939,4639,62,0,4.94,Green,12677.01,1825,1040,3,1,82,Electrical,23.96,B,P3,Buyer Beta,Electronics,10005.65,2865,82,2783,27845723.95,52885569.22,2.96,Daily,healthy,1079.98,942.41,861.33,989.06,1043.58,1062.2,4639,3946.12,3392.06,2594.17,1720.1,947.46,4.3,4.19,3.94,2.62,1.65,0.89
Passenger-Vehicle,12B-541-821-A,BRAKE PAD,4061,4061,"KHANNA,MALLICKANDSUNDER PRIVATE LIMITED",449,533,116,0,1.19,Amber,5783.31,278,87,4,5,59,Braking,5.46,D,P3,Buyer Epsilon,Forging,9694.75,365,59,306,2966593.5,5351473.59,0.68,Weekly,low_coverage,459.77,531.44,452.13,456.55,488.83,471.19,533,254.66,0.0,0.0,0.0,0.0,1.16,0.48,0.0,0.0,0.0,0.0
Commercial-Vehicle,15D-817-801-C,BODY BRACKET,4073,4073,"CHAUDHARI,BEDIANDZACHARIAH PRIVATE LIMITED",2100,15326,276,0,7.3,Green,29233.5,9828,2501,4,0,40,Body,9.59,D,P2,Buyer Gamma,Electronics,11357.36,12329,40,12289,139570597.04,187350843.01,5.85,Daily,excess,2216.77,1837.19,2321.83,2505.14,2399.27,2320.57,15326,14023.88,11920.29,9601.86,7910.72,6001.81,6.91,7.63,5.13,3.83,3.3,2.59
India2.0,06A-293-751-C,DASHBOARD PANEL,4046,4046,CHOUDHURYLLC PRIVATE LIMITED,1782,5789,94,0,3.25,Green,19676.88,3737,1784,1,2,29,Interior,13.43,C,P1,Buyer Beta,Casting,10553.61,5521,29,5492,57960426.12,58157166.73,3.08,Monthly,healthy,1983.61,1527.42,1551.59,1515.78,1517.61,2013.68,5789,4553.97,3288.53,1781.39,504.21,0.0,2.92,2.98,2.12,1.18,0.33,0.0
India3.0,12B-142-466-P,CONTROL MODULE,4057,4057,KARPEPLC PRIVATE LIMITED,747,227,31,489,0.3,Red,9328.78,86,72,2,5,39,Electrical,20.29,A,B2,Buyer Epsilon,Metals,6107.65,158,39,119,726810.35,1423914.56,0.16,Monthly,critical,678.71,685.45,880.14,852.42,809.78,730.56,227,0.0,0.0,0.0,0.0,0.0,0.33,0.0,0.0,0.0,0.0,0.0
Passenger-Vehicle,06A-756-421-P,FRAME SUPPORT,4068,4068,NORI-CHOPRA PRIVATE LIMITED,2198,1922,578,0,0.87,Red,24796.22,841,589,8,4,97,Chassis,0.8,C,N1,Buyer Beta,Casting,6279.21,1430,97,1333,8370186.93,11721926.75,0.61,Monthly,low_coverage,2158.38,2246.21,2337.31,2461.31,2507.79,2104.57,1922,179.8,0.0,0.0,0.0,0.0,0.89,0.08,0.0,0.0,0.0,0.0
India3.0,06A-713-352-B,ENGINE MOUNT,4056,4056,BHATTLLC PRIVATE LIMITED,2166,22913,22,0,10.58,Gray,29549.98,14153,7517,0,1,58,Engine,17.04,C,P2,Buyer Gamma,Machining,10196.68,21670,58,21612,220370648.16,203705129.88,9.98,Monthly,excess,1995.46,2326.6,1997.29,1844.69,2587.38,2122.95,22913,21255.98,19487.78,18077.4,15556.37,13530.51,11.48,9.14,9.76,9.8,6.01,6.37
India3.0,04C-668-966-C,INTAKE MANIFOLD,4054,4054,"PRAKASH,SARMAANDVARUGHESE PRIVATE LIMITED",1564,7278,209,0,4.65,Green,20514.83,2638,2487,2,7,6,Engine,3.27,A,N1,Buyer Delta,Metals,3365.92,5125,6,5119,17230144.48,21769809.92,3.27,Daily,in_transit,1706.83,1392.01,1365.8,1845.87,1485.3,1472.54,7278,6303.69,5138.0,3736.23,2660.89,1377.34,4.26,4.53,3.76,2.02,1.79,0.94
Passenger-Vehicle,04C-330-288-A,BODY BRACKET,4005,4005,KAULPLC PRIVATE LIMITED,775,3043,8,0,3.93,Green,8499.43,1739,792,4,8,190,Body,16.48,D,P1,Buyer Delta,Metals,1039.95,2531,190,2341,2434522.95,3420068.63,3.02,Daily,in_transit,838.56,923.09,670.62,751.34,753.72,764.89,3043,2254.32,1787.97,1089.94,500.84,0.0,3.63,2.44,2.67,1.45,0.66,0.0
Passenger-Vehicle,12B-389-802-C,CONTROL ARM,4068,4068,NORI-CHOPRA PRIVATE LIMITED,679,3309,7,0,4.87,Green,7092.47,1772,636,0,0,52,Suspension,22.77,B,B1,Buyer Delta,Forging,1754.63,2408,52,2356,4133908.28,6559931.87,3.47,Weekly,healthy,665.17,601.82,577.96,759.83,758.28,594.72,3309,2919.48,2576.57,2040.97,1604.59,1183.08,4.97,4.85,4.46,2.69,2.12,1.99
India3.0,06A-682-299-B,FUEL RAIL,4062,4062,ZACHARIAANDSONS PRIVATE LIMITED,1824,822,295,707,0.45,Red,20332.96,505,198,3,2,49,Fuel System,13.75,D,P3,Buyer Gamma,Rubber,5472.51,703,49,654,3579021.54,3851897.83,0.36,Weekly,demand_spike,2064.6,2710.36,2630.63,2882.23,2429.39,2389.77,822,0.0,0.0,0.0,0.0,0.0,0.4,0.0,0.0,0.0,0.0,0.0
Commercial-Vehicle,08K-725-881-P,SENSOR ASSEMBLY<br>,4061,4061,"KHANNA,MALLICKANDSUNDER PRIVATE LIMITED",1872,8265,211,0,4.42,Green,19101.03,4528,3176,1,1,43,Electrical,2.52,A,P1,Buyer Alpha,Plastics,3631.83,7704,43,7661,27823449.63,29402779.89,4.09,Daily,healthy,2209.18,1726.47,1770.28,2095.21,2103.47,1798.56,8265,6769.25,5255.4,3495.11,1918.49,492.09,3.74,3.92,2.97,1.67,0.91,0.27
Commercial-Vehicle,04C-873-140-A,CROSS MEMBER,4012,4012,PARMERLLC PRIVATE LIMITED,1481,3002,54,0,2.03,Green,16632.0,1576,1071,0,2,46,Chassis,11.87,D,P2,Buyer Alpha,Casting,2467.96,2647,46,2601,6419163.96,7353443.91,1.76,Weekly,healthy,1623.56,1311.46,1343.47,1340.89,1621.62,1764.82,3002,1872.18,928.8,0.0,0.0,0.0,1.85,1.43,0.69,0.0,0.0,0.0
India3.0,15D-386-632-P,CONTROL ARM,4074,4074,CHANDERANDSONS PRIVATE LIMITED,101,486,11,0,4.81,Green,1367.78,195,148,0,0,47,Suspension,8.03,B,P1,Buyer Beta,Forging,11644.75,343,47,296,3446846.0,5960493.46,2.93,Weekly,healthy,118.26,118.9,119.84,98.39,86.41,120.91,486,418.28,339.79,367.8,389.74,352.02,4.11,3.52,2.84,3.74,4.51,2.91
EV-Program,15D-297-600-B,FUEL RAIL,4056,4056,BHATTLLC PRIVATE LIMITED,1137,4728,117,0,4.16,Green,14369.0,1840,1865,2,0,70,Fuel System,2.17,D,B1,Buyer Alpha,Casting,9009.97,3705,70,3635,32751240.95,44185994.25,3.2,Monthly,healthy,1258.8,1117.94,1121.01,1243.76,1306.15,1247.91,4728,3733.74,2767.13,1860.95,729.29,0.0,3.76,3.34,2.47,1.5,0.56,0.0
India2.0,12B-910-802-A,GEAR HOUSING,4003,4003,"CHAUDRY,CHAHALANDSAMI PRIVATE LIMITED",458,970,8,0,2.12,Green,4862.14,342,148,1,2,45,Transmission,1.34,A,N1,Buyer Gamma,Rubber,2945.81,490,45,445,1310885.45,3120593.74,0.97,Weekly,in_transit,528.79,414.35,490.45,487.49,421.28,419.05,970,711.38,329.97,0.0,0.0,0.0,1.83,1.72,0.67,0.0,0.0,0.0
India3.0,12B-356-944-B,BONNET ASSEMBLY,4064,4064,GUPTA-CHANDRA PRIVATE LIMITED,782,1140,606,0,1.46,Amber,10525.75,572,193,1,3,56,Body,6.1,A,B1,Buyer Gamma,Forging,5651.76,765,56,709,4007097.84,7359569.85,0.91,Daily,low_coverage,736.75,822.2,857.07,896.97,709.16,829.35,1140,515.43,0.0,0.0,0.0,0.0,1.55,0.63,0.0,0.0,0.0,0.0
India3.0,15D-274-143-B,CLUTCH PLATE,4008,4008,AHUJA-DUTTA PRIVATE LIMITED,1429,2445,193,0,1.71,Amber,18963.99,864,821,0,3,86,Transmission,11.68,D,P3,Buyer Delta,Fasteners,10836.21,1685,86,1599,17327099.79,23221650.63,1.12,Weekly,healthy,1508.81,1395.44,1499.34,1440.11,1399.93,1371.43,2445,1176.82,0.0,0.0,0.0,0.0,1.62,0.84,0.0,0.0,0.0,0.0
Commercial-Vehicle,12B-972-263-C,FUEL FILTER,4020,4020,PANT-KADAKIA PRIVATE LIMITED,1599,2535,35,0,1.59,Amber,21031.74,1191,389,3,1,80,Fuel System,1.59,A,P1,Buyer Gamma,Fasteners,5058.38,1580,80,1500,7587570.0,13943883.61,0.94,Monthly,healthy,1729.51,1690.99,1368.32,1547.93,1447.75,1514.55,2535,1213.01,94.21,0.0,0.0,0.0,1.47,0.72,0.07,0.0,0.0,0.0
EV-Program,15D-448-691-B,CONSOLE COVER,4019,4019,PATLA-GABA PRIVATE LIMITED,2044,6044,6,0,2.96,Green,28263.26,3355,1554,1,2,43,Interior,4.94,B,P3,Buyer Epsilon,Rubber,9651.32,4909,43,4866,46963323.12,51714993.05,2.38,Monthly,healthy,1829.99,2255.89,2001.79,1750.07,1887.24,2388.52,6044,3928.89,1957.9,546.46,0.0,0.0,3.3,1.74,0.98,0.31,0.0,0.0
Passenger-Vehicle,06A-902-379-B,CONTROL ARM,4079,4079,MANGAL-SAMPATH PRIVATE LIMITED,1040,3269,4,0,3.14,Green,11703.99,1755,556,0,1,49,Suspension,24.63,B,B2,Buyer Beta,Metals,5883.51,2311,49,2262,13308499.62,19180921.12,2.17,Weekly,healthy,1103.35,1232.81,1025.81,1143.13,1056.44,1003.11,3269,2377.41,1628.51,682.2,0.0,0.0,2.96,1.93,1.59,0.6,0.0,0.0
Passenger-Vehicle,06A-430-117-P,INTAKE MANIFOLD,4025,4025,MUTTIGROUP PRIVATE LIMITED,2084,2582,866,0,1.24,Amber,26680.59,1061,578,1,5,38,Engine,21.71,D,P3,Buyer Beta,Casting,3418.18,1639,38,1601,5472506.18,7578190.27,0.77,Monthly,low_coverage,2241.13,2040.28,2097.21,2204.55,2454.78,2286.57,2582,693.08,0.0,0.0,0.0,0.0,1.15,0.34,0.0,0.0,0.0,0.0
Passenger-Vehicle,04C-637-526-C,WATER PUMP,4071,4071,MALLICKGROUP PRIVATE LIMITED,1798,5186,167,0,2.88,Green,22389.29,2319,1758,0,2,82,Cooling,3.96,A,B2,Buyer Beta,Fasteners,7770.09,4077,82,3995,31041509.55,34727404.78,2.22,Daily,healthy,1850.32,1977.41,1616.35,2119.92,2140.18,1744.51,5186,3474.41,2261.83,639.34,0.0,0.0,2.8,1.76,1.4,0.3,0.0,0.0
India2.0,08K-818-182-B,TRANSMISSION COVER,4034,4034,DUTTALTD PRIVATE LIMITED,251,866,3,0,3.45,Green,3155.47,314,294,1,0,61,Transmission,22.47,B,N1,Buyer Beta,Electronics,7751.31,608,61,547,4239966.57,7618771.69,2.18,Monthly,healthy,297.2,241.41,215.04,215.42,261.67,216.51,866,762.55,686.11,592.05,543.17,493.36,2.91,3.16,3.19,2.75,2.08,2.28
EV-Program,12B-155-763-A,OIL FILTER HOUSING,4080,4080,"SUR,DUBEYANDGUPTA PRIVATE LIMITED",2298,6571,103,0,2.86,Green,29912.34,2944,1413,2,1,42,Engine,22.27,C,P2,Buyer Epsilon,Plastics,4516.63,4357,42,4315,19489258.45,26287984.45,1.88,Weekly,healthy,2182.83,2438.59,2572.62,1986.81,2114.27,2623.23,6571,4475.93,2442.88,605.11,0.0,0.0,3.01,1.84,0.95,0.3,0.0,0.0
India3.0,06A-533-859-B,INTAKE MANIFOLD<br>,4028,4028,SHANKER-DHAR PRIVATE LIMITED,1387,6676,99,0,4.81,Green,17864.39,4180,1802,3,3,201,Engine,7.07,A,P3,Buyer Alpha,Metals,2507.98,5982,201,5781,14498632.38,17229199.67,4.17,Weekly,in_transit,1564.88,1634.22,1608.29,1595.06,1326.26,1645.57,6676,5445.6,3908.54,2334.7,1358.54,178.36,4.27,3.33,2.43,1.46,1.02,0.11
India2.0,04C-888-997-B,SENSOR ASSEMBLY,4034,4034,DUTTALTD PRIVATE LIMITED,858,1080,31,0,1.26,Amber,11601.16,414,357,8,1,22,Electrical,7.11,D,P2,Buyer Gamma,Plastics,1479.09,771,22,749,1107838.41,1575969.28,0.87,Monthly,low_coverage,995.5,811.32,873.36,794.01,738.28,853.15,1080,610.93,0.0,0.0,0.0,0.0,1.08,0.75,0.0,0.0,0.0,0.0
EV-Program,06A-933-788-C,CONSOLE COVER,4025,4025,MUTTIGROUP PRIVATE LIMITED,1854,9242,22,0,4.98,Green,25018.03,5430,3039,3,3,71,Interior,13.6,C,N1,Buyer Alpha,Forging,9731.83,8469,71,8398,81727908.34,96485522.89,4.53,Daily,healthy,1761.82,1814.24,1682.25,2047.13,2052.97,1952.4,9242,7648.08,6204.41,4474.31,2800.6,1242.67,5.25,4.22,3.69,2.19,1.36,0.64
EV-Program,12B-219-433-B,FRAME SUPPORT,4046,4046,CHOUDHURYLLC PRIVATE LIMITED,1866,168,87,1611,0.09,Red,21223.54,86,60,3,6,76,Chassis,23.43,D,P2,Buyer Epsilon,Casting,9054.29,146,76,70,633800.3,1365705.37,0.04,Monthly,critical,2107.75,2119.2,1639.49,2233.0,1653.9,2020.17,168,0.0,0.0,0.0,0.0,0.0,0.08,0.0,0.0,0.0,0.0,0.0
EV-Program,12B-110-814-B,COOLING FAN,4014,4014,"DASH,RADHAKRISHNANANDBRAR PRIVATE LIMITED",1878,7378,96,0,3.93,Green,24160.11,2901,1239,4,3,13,Cooling,9.75,B,P3,Buyer Delta,Fasteners,1902.19,4140,13,4127,7850338.13,15929461.79,2.2,Monthly,healthy,1755.26,2138.72,2221.75,1616.74,2140.32,1762.88,7378,5508.18,3739.78,2525.29,572.94,0.0,4.2,2.58,1.68,1.56,0.27,0.0
EV-Program,15D-895-820-C,SHOCK ABSORBER,4076,4076,KALA-RATTAN PRIVATE LIMITED,2032,6603,179,0,3.25,Green,20572.3,3148,1959,3,0,49,Suspension,15.38,A,P1,Buyer Beta,Plastics,11725.08,5107,49,5058,59305454.64,86261429.44,2.49,Monthly,healthy,2402.22,2434.59,2267.04,2113.9,2050.57,2156.49,6603,4669.79,2984.3,1379.03,0.0,0.0,2.75,1.92,1.32,0.65,0.0,0.0
India3.0,08K-986-799-C,FUEL PIPE,4009,4009,"SAMI,OAKANDMALL PRIVATE LIMITED",1917,2115,794,0,1.1,Amber,25314.43,1183,576,1,2,32,Fuel System,17.87,A,P1,Buyer Beta,Electronics,3325.9,1759,32,1727,5743829.3,7883164.84,0.9,Daily,low_coverage,1826.3,1824.22,2090.26,1763.05,1889.31,2147.73,2115,623.69,0.0,0.0,0.0,0.0,1.16,0.34,0.0,0.0,0.0,0.0
EV-Program,15D-369-589-P,SUSPENSION BRACKET,4073,4073,"CHAUDHARI,BEDIANDZACHARIAH PRIVATE LIMITED",2052,8097,10,0,3.95,Green,26334.62,3850,1282,2,0,81,Suspension,4.72,D,P1,Buyer Epsilon,Plastics,4425.44,5132,81,5051,22352897.44,35147927.7,2.46,Daily,healthy,2248.41,1806.86,2085.08,2395.33,1761.52,2221.55,8097,6436.35,4670.2,2379.4,1067.22,0.0,3.6,3.56,2.24,0.99,0.61,0.0
Commercial-Vehicle,15D-174-679-A,DOOR PANEL,4019,4019,PATLA-GABA PRIVATE LIMITED,1620,2770,201,0,1.71,Amber,16278.83,1456,421,4,2,85,Body,15.71,D,B2,Buyer Gamma,Rubber,173.88,1877,85,1792,311592.96,536611.01,1.11,Weekly,healthy,1454.71,1864.95,1753.51,1433.16,1863.88,1863.4,2770,1045.73,0.0,0.0,0.0,0.0,1.9,0.56,0.0,0.0,0.0,0.0
Commercial-Vehicle,08K-575-765-B,COOLING FAN,4008,4008,AHUJA-DUTTA PRIVATE LIMITED,195,2540,0,0,13.03,Gray,2100.23,1351,931,2,3,50,Cooling,20.92,C,P3,Buyer Delta,Fasteners,10453.2,2282,50,2232,23331542.4,28531378.88,11.45,Weekly,excess,174.44,219.7,182.22,218.51,194.23,218.5,2540,2366.41,2333.0,2152.48,2016.53,1921.47,14.56,10.77,12.8,9.85,10.38,8.79
Passenger-Vehicle,15D-428-309-C,SUSPENSION BRACKET,4072,4072,BORRAGROUP PRIVATE LIMITED,6691,1900,3844,947,0.28,Red,75931.48,808,412,8,0,43,Suspension,13.05,A,B1,Buyer Gamma,Rubber,7208.13,1220,43,1177,8483969.01,12755601.88,0.18,Daily,demand_spike,6364.02,10000.62,9740.06,9212.37,8958.98,11044.59,1900,0.0,0.0,0.0,0.0,0.0,0.3,0.0,0.0,0.0,0.0,0.0
Commercial-Vehicle,15D-210-587-C,CONTROL ARM,4044,4044,ZACHARIAPLC PRIVATE LIMITED,2055,5899,138,0,2.87,Green,28215.02,2323,1778,3,2,68,Suspension,7.9,B,P2,Buyer Alpha,Casting,4524.98,4101,68,4033,18249244.34,24711198.22,1.96,Daily,healthy,2441.91,2454.4,2330.77,2073.84,2337.37,1890.02,5899,4104.2,2333.65,413.55,0.0,0.0,2.42,1.67,1.0,0.2,0.0,0.0
India3.0,15D-731-117-A,INTAKE MANIFOLD,4009,4009,"SAMI,OAKANDMALL PRIVATE LIMITED",2266,4409,49,0,1.95,Amber,31050.98,2722,1285,3,0,26,Engine,14.32,C,B2,Buyer Delta,Metals,6441.26,4007,26,3981,25642656.06,24223560.56,1.76,Daily,healthy,2193.86,2145.93,2100.93,2661.98,2046.42,2530.72,4409,2627.97,803.21,0.0,0.0,0.0,2.01,1.22,0.38,0.0,0.0,0.0
EV-Program,04C-611-619-C,BODY BRACKET,4053,4053,"IYER,MUNIANDRASTOGI PRIVATE LIMITED",1902,8790,112,0,4.62,Green,21146.21,4224,3210,0,2,30,Body,15.2,C,P2,Buyer Alpha,Machining,7330.9,7434,30,7404,54277983.6,71196730.4,3.89,Daily,healthy,1913.71,2180.74,1911.29,2182.94,1977.02,1907.38,8790,7044.72,5356.06,3314.17,1822.1,61.26,4.59,3.23,2.8,1.52,0.92,0.03
Commercial-Vehicle,06A-272-324-A,RADIATOR PIPE,4027,4027,"MURTY,KALAANDTATA PRIVATE LIMITED",1466,3475,74,0,2.37,Green,19928.53,2217,1117,3,3,76,Cooling,24.48,C,P1,Buyer Beta,Metals,4885.02,3334,76,3258,15915395.16,17297854.6,2.22,Monthly,healthy,1577.29,1611.98,1423.21,1469.96,1292.0,1384.19,3475,2403.2,1325.24,167.12,0.0,0.0,2.2,1.49,0.93,0.11,0.0,0.0
EV-Program,06A-646-227-C,SENSOR ASSEMBLY,4012,4012,PARMERLLC PRIVATE LIMITED,2284,1466,1075,0,0.64,Red,31354.84,575,379,8,5,19,Electrical,19.05,B,P2,Buyer Epsilon,Electronics,638.78,954,19,935,597259.3,1040680.98,0.41,Daily,low_coverage,2090.1,2074.6,2437.78,2171.82,2656.8,2423.15,1466,0.0,0.0,0.0,0.0,0.0,0.7,0.0,0.0,0.0,0.0,0.0
Commercial-Vehicle,15D-654-843-C,OIL FILTER HOUSING,4042,4042,"CHERIAN,MISRAANDTRIPATHI PRIVATE LIMITED",1135,1784,129,0,1.57,Amber,15412.57,650,337,3,3,70,Engine,11.72,C,B2,Buyer Epsilon,Machining,6178.42,987,70,917,5665611.14,9806401.41,0.81,Weekly,in_transit,1307.06,1192.72,1145.48,1029.14,991.4,1078.84,1784,868.19,0.0,0.0,0.0,0.0,1.36,0.73,0.0,0.0,0.0,0.0
EV-Program,12B-508-577-C,BRAKE PAD,4053,4053,"IYER,MUNIANDRASTOGI PRIVATE LIMITED",2066,3362,37,0,1.63,Amber,25616.73,1786,850,2,0,38,Braking,22.07,D,P2,Buyer Delta,Plastics,1549.83,2636,38,2598,4026458.34,5016609.61,1.26,Daily,healthy,2026.27,1899.78,2316.55,2381.72,2225.44,1859.01,3362,2040.55,0.0,0.0,0.0,0.0,1.66,1.07,0.0,0.0,0.0,0.0
EV-Program,15D-434-391-B,WIRING HARNESS,4013,4013,"LALLA,BASSIANDSHARAF PRIVATE LIMITED",237,1109,27,0,4.68,Green,2444.06,401,438,2,3,45,Electrical,20.05,A,N1,Buyer Delta,Machining,4232.64,839,45,794,3360716.16,5182888.75,3.35,Monthly,healthy,207.07,227.19,283.74,223.81,253.76,234.91,1109,911.83,831.67,717.43,617.56,511.48,5.36,4.01,2.93,3.21,2.43,2.18
EV-Program,12B-905-167-A,ENGINE MOUNT,4071,4071,MALLICKGROUP PRIVATE LIMITED,2339,314,1689,336,0.13,Red,26925.87,123,106,8,5,93,Engine,22.89,B,B1,Buyer Delta,Metals,6091.13,229,93,136,828393.68,1738376.13,0.06,Daily,critical,2493.15,2168.45,2768.78,2146.69,2337.64,1988.61,314,0.0,0.0,0.0,0.0,0.0,0.13,0.0,0.0,0.0,0.0,0.0
India2.0,06A-668-328-A,FUEL PIPE,4044,4044,ZACHARIAPLC PRIVATE LIMITED,1544,1300,1181,0,0.84,Red,18889.72,660,412,6,6,80,Fuel System,11.66,B,P1,Buyer Epsilon,Casting,10213.1,1072,80,992,10131395.2,14612800.08,0.64,Weekly,low_coverage,1631.12,1748.06,1434.64,1459.49,1581.99,1340.12,1300,0.0,0.0,0.0,0.0,0.0,0.8,0.0,0.0,0.0,0.0,0.0
India3.0,15D-434-707-C,RADIATOR PIPE,4054,4054,"PRAKASH,SARMAANDVARUGHESE PRIVATE LIMITED",1245,954,638,0,0.77,Red,14846.24,598,156,2,6,99,Cooling,2.61,A,B2,Buyer Alpha,Electronics,1010.31,754,99,655,661753.05,936633.8,0.53,Monthly,low_coverage,1246.57,1484.57,1109.77,1462.55,1234.87,1164.24,954,0.0,0.0,0.0,0.0,0.0,0.77,0.0,0.0,0.0,0.0,0.0
Passenger-Vehicle,04C-608-721-A,WATER PUMP,4064,4064,GUPTA-CHANDRA PRIVATE LIMITED,965,374,33,558,0.39,Red,10165.25,205,64,6,2,86,Cooling,7.16,D,B2,Buyer Gamma,Electronics,11902.37,269,86,183,2178133.71,4004407.89,0.19,Monthly,demand_spike,924.87,1373.13,1357.3,1505.84,1425.73,1177.52,374,0.0,0.0,0.0,0.0,0.0,0.4,0.0,0.0,0.0,0.0,0.0
Passenger-Vehicle,08K-826-314-C,FUEL FILTER,4058,4058,AMBLEINC PRIVATE LIMITED,2104,7968,205,0,3.79,Green,24557.63,3292,2114,1,2,39,Fuel System,0.94,B,N1,Buyer Beta,Casting,3704.53,5406,39,5367,19882212.51,31317400.25,2.55,Daily,healthy,1815.5,2432.85,1881.27,2355.7,1964.59,1878.7,7968,6167.54,4488.66,2464.87,858.89,0.0,4.39,2.54,2.39,1.05,0.44,0.0
India3.0,06A-527-139-P,OIL FILTER HOUSING,4005,4005,KAULPLC PRIVATE LIMITED,1052,4569,118,0,4.34,Green,13290.25,1781,1058,3,8,166,Engine,9.08,C,B2,Buyer Epsilon,Casting,4699.13,2839,166,2673,12560774.49,24476366.6,2.54,Weekly,in_transit,1049.71,1231.28,896.94,1047.3,948.76,1083.01,4569,3518.14,2733.81,1905.85,1045.55,170.17,4.35,2.86,3.05,1.82,1.1,0.16
Commercial-Vehicle,12B-723-685-A,ENGINE MOUNT,4014,4014,"DASH,RADHAKRISHNANANDBRAR PRIVATE LIMITED",2072,1641,680,0,0.79,Red,26358.79,1012,653,5,7,67,Engine,20.89,B,N1,Buyer Gamma,Forging,2452.49,1665,67,1598,3919079.02,4160320.46,0.77,Monthly,low_coverage,2205.19,2450.01,2460.4,2151.93,1967.51,2215.93,1641,0.0,0.0,0.0,0.0,0.0,0.74,0.0,0.0,0.0,0.0,0.0
Commercial-Vehicle,15D-843-436-A,OIL FILTER HOUSING,4030,4030,"YOHANNAN,LALLANDSANGHA PRIVATE LIMITED",2393,271,469,1653,0.11,Red,24318.09,95,43,8,7,30,Engine,16.44,A,B1,Buyer Delta,Metals,3079.54,138,30,108,332590.32,728426.37,0.05,Weekly,critical,2706.84,2787.42,2454.29,2678.04,2862.28,2274.89,271,0.0,0.0,0.0,0.0,0.0,0.1,0.0,0.0,0.0,0.0,0.0
EV-Program,04C-612-884-C,BONNET ASSEMBLY,4062,4062,ZACHARIAANDSONS PRIVATE LIMITED,551,2236,21,0,4.06,Green,6959.04,1390,449,2,1,53,Body,3.14,C,B2,Buyer Alpha,Casting,11175.74,1839,53,1786,19959871.64,22469373.07,3.24,Daily,healthy,487.17,528.04,591.59,636.75,652.25,654.48,2236,1908.38,1492.41,879.06,448.11,53.7,4.59,3.61,2.52,1.38,0.69,0.08
India3.0,12B-670-889-C,CROSS MEMBER,4023,4023,MADAN-KANDA PRIVATE LIMITED,795,1888,2,0,2.37,Green,10846.73,1222,359,4,0,98,Chassis,8.12,C,P2,Buyer Alpha,Plastics,6561.84,1581,98,1483,9731208.72,11801903.06,1.87,Weekly,healthy,821.02,729.78,684.04,704.57,734.84,890.97,1888,1248.84,699.85,184.16,0.0,0.0,2.3,1.71,1.02,0.26,0.0,0.0
India3.0,08K-935-488-A,BODY BRACKET,4001,4001,"CHOUDHURY,BAKSHIANDMAHARAJ PRIVATE LIMITED",90,92,43,0,1.02,Amber,1049.59,34,33,1,8,40,Body,8.56,D,P1,Buyer Epsilon,Casting,11852.44,67,40,27,320015.88,1121386.59,0.3,Daily,low_coverage,94.18,80.78,99.37,101.26,86.33,77.73,92,162.43,87.44,57.34,49.85,65.48,0.98,2.01,0.88,0.57,0.58,0.84
EV-Program,04C-513-870-P,FUEL RAIL,4040,4040,SETTYINC PRIVATE LIMITED,1686,25005,83,0,14.83,Gray,18106.13,11471,4345,0,0,17,Fuel System,22.98,D,P1,Buyer Gamma,Forging,311.88,15816,17,15799,4927392.12,7246888.96,9.37,Monthly,excess,1630.07,1540.86,1569.72,1878.53,1912.01,1946.66,25005,23787.57,22641.77,20824.11,19274.71,17689.96,15.34,15.44,14.42,11.09,10.08,9.09
EV-Program,15D-913-847-A,ENGINE MOUNT,4018,4018,RAILLC PRIVATE LIMITED,2429,11221,21,0,4.62,Green,28848.97,4817,3340,2,0,51,Engine,13.73,A,N1,Buyer Beta,Machining,87.95,8157,51,8106,712922.7,1005003.37,3.34,Daily,healthy,2739.76,2207.8,2660.35,2464.49,2208.64,2267.48,11221,9352.22,7291.87,5026.5,2971.44,1172.6,4.1,4.24,2.74,2.04,1.35,0.52
India3.0,06A-383-215-P,BRAKE BRACKET,4038,4038,"YADAV,LOKEANDOAK PRIVATE LIMITED",1676,4928,148,0,2.94,Green,18688.49,2769,1053,1,0,78,Braking,5.33,A,B2,Buyer Alpha,Machining,11685.71,3822,78,3744,43751298.24,59405596.34,2.23,Daily,healthy,1425.45,1771.13,1762.84,1494.98,1841.71,1861.55,4928,3300.99,1767.93,428.9,0.0,0.0,3.46,1.86,1.0,0.29,0.0,0.0
Commercial-Vehicle,04C-394-244-B,CROSS MEMBER,4027,4027,"MURTY,KALAANDTATA PRIVATE LIMITED",622,2643,47,0,4.25,Green,7028.88,1276,529,3,2,48,Chassis,4.51,A,N1,Buyer Epsilon,Metals,8702.8,1805,48,1757,15290819.6,23933417.04,2.82,Monthly,healthy,573.72,718.09,635.35,539.35,563.23,691.61,2643,2012.38,1496.11,1209.19,691.74,134.38,4.61,2.8,2.35,2.24,1.23,0.19
India2.0,15D-209-347-B,FUEL RAIL,4045,4045,NAIKGROUP PRIVATE LIMITED,938,3667,70,0,3.91,Green,12529.68,1811,951,3,1,34,Fuel System,20.26,B,B1,Buyer Delta,Plastics,5414.14,2762,34,2728,14769773.92,17670663.39,2.91,Daily,healthy,1053.7,923.56,964.63,885.18,1023.8,1059.76,3667,2887.56,1966.85,1285.9,580.48,0.0,3.48,3.13,2.04,1.45,0.57,0.0
India3.0,12B-675-116-P,INTAKE MANIFOLD,4042,4042,"CHERIAN,MISRAANDTRIPATHI PRIVATE LIMITED",2288,20755,246,0,9.07,Gray,24650.17,11752,5317,0,2,93,Engine,14.17,B,P2,Buyer Delta,Plastics,5059.92,17069,93,16976,85897201.92,111194584.2,7.42,Daily,excess,2162.57,2266.68,2396.47,2445.0,1981.48,2552.55,20755,18721.9,16986.98,14692.06,13159.43,11031.22,9.6,8.26,7.09,6.01,6.64,4.32
India3.0,04C-962-601-A,FUEL RAIL,4053,4053,"IYER,MUNIANDRASTOGI PRIVATE LIMITED",317,438,112,0,1.38,Amber,4080.97,182,76,4,4,94,Fuel System,22.2,A,P1,Buyer Epsilon,Rubber,1267.28,258,94,164,207833.92,514513.64,0.52,Monthly,low_coverage,371.32,379.44,368.54,337.33,357.22,274.35,438,207.42,0.0,0.0,0.0,0.0,1.18,0.55,0.0,0.0,0.0,0.0
EV-Program,12B-257-804-P,DASHBOARD PANEL,4001,4001,,1449,5993,142,0,4.14,Green,18523.66,3860,1755,0,0,94,Interior,11.9,A,P2,Buyer Gamma,Plastics,11218.47,5615,94,5521,61937172.87,70606651.04,3.81,Monthly,healthy,1329.3,1350.43,1330.98,1381.26,1346.08,1599.71,5993,5009.92,3975.12,3033.02,2008.19,611.84,4.51,3.71,2.99,2.2,1.49,0.38
India2.0,06A-155-335-P,SENSOR ASSEMBLY,4054,4054,"PRAKASH,SARMAANDVARUGHESE PRIVATE LIMITED",665,1355,13,0,2.04,Green,7806.09,834,256,1,2,34,Electrical,12.04,B,P1,Buyer Epsilon,Electronics,2572.95,1090,34,1056,2717035.2,4006389.28,1.59,Monthly,healthy,689.27,787.2,630.23,780.83,610.93,673.45,1355,793.98,334.31,0.0,0.0,0.0,1.97,1.01,0.53,0.0,0.0,0.0
EV-Program,08K-130-133-P,DOOR PANEL,4017,4017,BUCH-KAUL PRIVATE LIMITED,227,822,4,0,3.62,Green,2489.28,417,142,4,2,10,Body,19.41,A,B2,Buyer Alpha,Metals,6120.66,559,10,549,3360242.34,4670658.33,2.42,Weekly,healthy,236.56,196.45,204.05,234.1,226.49,251.56,822,702.57,531.23,337.09,151.33,0.0,3.47,3.58,2.6,1.44,0.67,0.0
India2.0,06A-279-944-B,SENSOR ASSEMBLY,4075,4075,RAYGROUP PRIVATE LIMITED,799,3450,56,0,4.32,Green,10494.54,1266,1061,4,2,82,Electrical,15.58,A,P3,Buyer Delta,Fasteners,5790.13,2327,82,2245,12998841.85,22784429.04,2.81,Daily,healthy,686.38,777.96,901.38,889.59,831.78,830.16,3450,2821.81,2106.2,1402.01,894.41,345.19,5.03,3.63,2.34,1.58,1.08,0.42
India2.0,12B-312-346-C,BRAKE BRACKET,4056,4056,BHATTLLC PRIVATE LIMITED,200,100,66,34,0.5,Red,2708.63,37,33,7,6,44,Braking,21.42,D,N2,Buyer Gamma,Plastics,7206.57,70,44,26,187370.82,672029.8,0.13,Monthly,low_coverage,180.5,178.61,205.82,216.29,224.96,208.68,100,15.6,0.0,0.0,0.0,0.0,0.55,0.09,0.0,0.0,0.0,0.0
Commercial-Vehicle,15D-794-402-A,BRAKE BRACKET,4024,4024,"NAIR,BHALLAANDKARNIK PRIVATE LIMITED",268,446,7,0,1.66,Amber,3607.55,275,168,2,0,67,Braking,14.33,C,N1,Buyer Gamma,Electronics,3243.02,443,67,376,1219375.52,1549878.6,1.4,Daily,healthy,252.34,318.05,316.76,276.17,277.36,250.52,446,296.27,82.23,0.0,0.0,0.0,1.77,0.93,0.26,0.0,0.0,0.0
India2.0,12B-486-415-C,BODY BRACKET,4054,4054,"PRAKASH,SARMAANDVARUGHESE PRIVATE LIMITED",554,6939,67,0,12.53,Gray,6494.85,2599,2556,0,2,39,Body,21.59,A,B2,Buyer Beta,Metals,4444.35,5155,39,5116,22737294.6,33818766.9,9.23,Weekly,excess,527.45,546.5,617.81,507.08,536.81,508.07,6939,6575.67,5988.51,5602.22,5182.93,4696.95,13.16,12.03,9.69,11.05,9.66,9.24
India2.0,04C-828-714-C,BONNET ASSEMBLY,4072,4072,BORRAGROUP PRIVATE LIMITED,2144,679,1485,0,0.32,Red,29779.96,374,159,8,1,78,Body,11.71,A,N2,Buyer Alpha,Rubber,2174.32,533,78,455,989315.6,1383217.83,0.21,Daily,critical,2301.97,2041.05,1979.19,1968.22,2058.83,2369.03,679,0.0,0.0,0.0,0.0,0.0,0.29,0.0,0.0,0.0,0.0,0.0
Passenger-Vehicle,04C-442-897-C,SHOCK ABSORBER,4012,4012,PARMERLLC PRIVATE LIMITED,830,82,330,418,0.1,Red,11618.15,46,31,1,1,52,Suspension,13.79,A,P2,Buyer Delta,Casting,5931.27,77,52,25,148281.75,547373.23,0.03,Weekly,critical,883.25,925.81,733.19,931.77,964.57,766.13,82,0.0,0.0,0.0,0.0,0.0,0.09,0.0,0.0,0.0,0.0,0.0
India3.0,15D-716-617-A,FUEL PIPE,4034,4034,DUTTALTD PRIVATE LIMITED,2461,425,1877,159,0.17,Red,24640.26,226,100,4,6,50,Fuel System,6.08,C,P3,Buyer Gamma,Machining,1471.62,326,50,276,406167.12,697842.5,0.11,Daily,critical,2157.53,2788.26,2338.92,2291.12,2813.72,2259.56,425,0.0,0.0,0.0,0.0,0.0,0.2,0.0,0.0,0.0,0.0,0.0
India2.0,06A-886-323-B,CLUTCH PLATE,4033,4033,BATTAINC PRIVATE LIMITED,2820,2094,175,551,0.74,Red,37557.7,882,803,1,2,99,Transmission,8.96,D,N2,Buyer Epsilon,Electronics,1595.43,1685,99,1586,2530351.98,3269339.51,0.56,Weekly,demand_spike,3350.73,3471.7,3667.85,3830.79,4307.45,4051.29,2094,0.0,0.0,0.0,0.0,0.0,0.62,0.0,0.0,0.0,0.0,0.0
EV-Program,12B-807-810-P,SUSPENSION BRACKET,4014,4014,"DASH,RADHAKRISHNANANDBRAR PRIVATE LIMITED",2007,2152,1319,0,1.07,Amber,27314.61,940,840,4,5,67,Suspension,20.57,C,N2,Buyer Epsilon,Metals,5116.7,1780,67,1713,8764907.1,9742088.96,0.85,Weekly,low_coverage,1919.5,2263.56,1946.62,2223.42,1738.35,2137.61,2152,0.0,0.0,0.0,0.0,0.0,1.12,0.0,0.0,0.0,0.0,0.0
Passenger-Vehicle,08K-683-733-A,DASHBOARD PANEL,4074,4074,CHANDERANDSONS PRIVATE LIMITED,84,259,4,0,3.08,Green,1035.85,150,75,1,3,51,Interior,22.27,A,P2,Buyer Beta,Forging,8587.25,225,51,174,1494181.5,2141273.24,2.07,Daily,healthy,94.35,87.65,74.04,87.14,90.12,81.11,259,296.01,267.81,292.48,249.08,191.16,2.75,3.38,3.62,3.36,2.76,2.36
EV-Program,04C-452-517-P,RADIATOR PIPE,4052,4052,"SAMPATH,KAKARANDZACHARIA PRIVATE LIMITED",244,301,5,0,1.23,Amber,3406.26,163,79,8,7,19,Cooling,22.57,D,P3,Buyer Alpha,Electronics,4917.52,242,19,223,1096606.96,1443629.66,0.91,Weekly,low_coverage,283.54,222.25,287.93,259.21,262.93,219.23,301,265.32,130.23,6.71,0.0,0.0,1.06,1.19,0.45,0.03,0.0,0.0
EV-Program,15D-378-741-P,SHOCK ABSORBER,4046,4046,CHOUDHURYLLC PRIVATE LIMITED,620,582,47,0,0.94,Red,8143.33,263,179,7,7,73,Suspension,20.83,B,N1,Buyer Beta,Plastics,5232.38,442,73,369,1930748.22,3432108.31,0.6,Daily,low_coverage,574.01,702.5,693.33,651.02,581.67,613.51,582,74.87,0.0,0.0,0.0,0.0,1.01,0.11,0.0,0.0,0.0,0.0
India3.0,15D-553-757-C,BRAKE BRACKET,4056,4056,BHATTLLC PRIVATE LIMITED,1614,919,239,456,0.57,Red,21522.43,342,291,7,4,64,Braking,3.68,C,P2,Buyer Gamma,Forging,788.76,633,64,569,448804.44,793221.46,0.35,Daily,low_coverage,1561.05,1854.58,1583.85,1417.15,1856.49,1602.26,919,0.0,0.0,0.0,0.0,0.0,0.59,0.0,0.0,0.0,0.0,0.0
India2.0,06A-303-307-C,FUEL PIPE,4057,4057,KARPEPLC PRIVATE LIMITED,1173,1998,114,0,1.7,Amber,15884.46,1101,597,3,3,97,Fuel System,2.32,B,P3,Buyer Gamma,Electronics,4713.23,1698,97,1601,7545881.23,8977871.55,1.36,Daily,healthy,1225.1,1355.23,1375.92,1229.18,1312.81,1381.56,1998,856.95,0.0,0.0,0.0,0.0,1.63,0.63,0.0,0.0,0.0,0.0
India3.0,15D-430-148-A,CROSS MEMBER,4052,4052,"SAMPATH,KAKARANDZACHARIA PRIVATE LIMITED",2251,7034,104,0,3.12,Green,30159.31,2627,1342,1,0,86,Chassis,7.42,A,B2,Buyer Alpha,Machining,11128.91,3969,86,3883,43213557.53,75458642.93,1.73,Weekly,healthy,2085.79,2563.46,2017.63,2682.63,2085.3,2147.13,7034,4564.65,2947.37,731.24,0.0,0.0,3.37,1.78,1.46,0.27,0.0,0.0
Passenger-Vehicle,12B-339-876-C,DASHBOARD PANEL,4007,4007,SENPLC PRIVATE LIMITED,859,3789,101,0,4.41,Green,10206.29,2168,1041,0,3,18,Interior,21.88,B,P1,Buyer Epsilon,Electronics,8197.3,3209,18,3191,26157584.3,31184343.34,3.71,Monthly,healthy,1005.3,980.88,999.01,760.92,1009.93,894.34,3789,3021.63,2171.27,1695.79,978.33,268.34,3.77,3.08,2.17,2.23,0.97,0.3
India3.0,04C-502-795-B,CHASSIS BRACKET,4053,4053,"IYER,MUNIANDRASTOGI PRIVATE LIMITED",957,2941,5,0,3.07,Green,11456.54,1384,1122,4,3,69,Chassis,19.45,D,P1,Buyer Gamma,Machining,6886.21,2506,69,2437,16781693.77,17937470.13,2.55,Monthly,healthy,973.66,1101.81,987.05,935.74,861.56,873.89,2941,2080.89,1144.32,579.99,0.0,0.0,3.02,1.89,1.16,0.62,0.0,0.0
EV-Program,15D-445-966-P,SENSOR ASSEMBLY,4010,4010,KALELLC PRIVATE LIMITED,733,950,142,0,1.3,Amber,8289.91,491,269,7,1,58,Electrical,2.19,C,N1,Buyer Epsilon,Fasteners,910.13,760,58,702,638911.26,911796.15,0.96,Daily,low_coverage,683.4,762.06,867.56,841.34,792.97,753.21,950,233.22,0.0,0.0,0.0,0.0,1.39,0.31,0.0,0.0,0.0,0.0
Passenger-Vehicle,06A-605-867-P,FUEL FILTER,4012,4012,PARMERLLC PRIVATE LIMITED,753,2563,57,0,3.4,Green,8706.17,917,778,1,1,69,Fuel System,13.35,A,N1,Buyer Beta,Rubber,2853.96,1695,69,1626,4640538.96,6820737.92,2.16,Weekly,healthy,845.68,656.78,770.48,782.89,881.28,860.65,2563,2085.33,1502.96,895.05,161.65,0.0,3.03,3.18,1.95,1.14,0.18,0.0
India2.0,08K-514-268-B,INTAKE MANIFOLD,4035,4035,BHATT-RAJAN PRIVATE LIMITED,3119,2113,1359,0,0.68,Red,39743.7,845,792,1,0,3,Engine,17.14,C,P2,Buyer Epsilon,Casting,9076.58,1637,3,1634,14831131.72,17314098.97,0.52,Monthly,demand_spike,3466.04,3627.53,4085.16,3598.66,5294.73,4451.29,2113,0.0,0.0,0.0,0.0,0.0,0.61,0.0,0.0,0.0,0.0,0.0
Passenger-Vehicle,15D-176-952-P,FUEL RAIL,4023,4023,MADAN-KANDA PRIVATE LIMITED,4210,1545,1653,1012,0.37,Red,58031.73,699,466,4,1,88,Fuel System,15.02,B,P1,Buyer Beta,Casting,4693.36,1165,88,1077,5054748.72,7656812.13,0.26,Monthly,demand_spike,3729.12,5944.62,6498.39,7866.91,6671.85,5996.7,1545,0.0,0.0,0.0,0.0,0.0,0.41,0.0,0.0,0.0,0.0,0.0
EV-Program,04C-136-894-B,DOOR PANEL,4035,4035,BHATT-RAJAN PRIVATE LIMITED,372,2935,19,0,7.89,Green,3851.25,1314,680,2,0,58,Body,11.47,A,B1,Buyer Epsilon,Fasteners,10069.21,1994,58,1936,19493990.56,26070787.38,5.2,Monthly,excess,411.11,431.57,410.96,347.21,322.16,440.25,2935,2644.12,2262.23,2045.82,1794.9,1475.24,7.14,6.13,5.5,5.89,5.57,3.35
EV-Program,15D-747-447-C,ENGINE MOUNT,4078,4078,RAMAKRISHNANLLC PRIVATE LIMITED,559,3387,46,0,6.06,Green,5880.18,1594,1261,4,2,67,Engine,19.94,C,B2,Buyer Epsilon,Forging,9102.87,2855,67,2788,25378801.56,34856530.27,4.99,Daily,excess,584.21,626.95,644.2,630.16,529.84,571.55,3387,2934.57,2463.44,2032.96,1556.32,1165.38,5.8,4.68,3.82,3.23,2.94,2.04
Passenger-Vehicle,06A-798-202-B,BRAKE PAD,4017,4017,BUCH-KAUL PRIVATE LIMITED,506,2197,54,0,4.34,Green,7054.42,1350,353,0,0,17,Braking,7.18,D,N1,Buyer Epsilon,Fasteners,11612.91,1703,17,1686,19579366.26,27822194.97,3.33,Daily,healthy,496.07,544.74,453.32,571.66,467.0,436.08,2197,1816.84,1406.42,870.56,605.49,364.18,4.43,3.34,3.1,1.52,1.3,0.84
EV-Program,15D-194-160-C,FUEL FILTER,4029,4029,DEWAN-KOSHY PRIVATE LIMITED,1826,4609,211,0,2.52,Green,19353.44,2782,1826,0,2,16,Fuel System,0.3,A,N2,Buyer Beta,Machining,8643.55,4608,16,4592,39691181.6,42272442.05,2.51,Weekly,healthy,2139.59,2159.06,2066.82,2068.32,1673.8,1939.76,4609,3007.14,1506.7,0.0,0.0,0.0,2.15,1.39,0.73,0.0,0.0,0.0
Commercial-Vehicle,15D-346-847-P,FUEL RAIL,4021,4021,"LOKE,BORAANDGARG PRIVATE LIMITED",2284,3619,84,0,1.58,Amber,29846.72,1988,702,3,0,66,Fuel System,1.42,B,B1,Buyer Delta,Metals,5579.71,2690,66,2624,14641159.04,18258475.04,1.15,Monthly,healthy,2221.26,2149.52,2443.21,2065.11,2201.55,2594.24,3619,1626.83,0.0,0.0,0.0,0.0,1.63,0.76,0.0,0.0,0.0,0.0
Passenger-Vehicle,15D-308-427-B,FUEL RAIL,4023,4023,MADAN-KANDA PRIVATE LIMITED,900,3829,55,0,4.25,Green,12332.86,1714,739,4,0,23,Fuel System,10.51,D,B1,Buyer Delta,Fasteners,2411.92,2453,23,2430,5860965.6,9447600.72,2.7,Daily,healthy,943.57,998.41,995.83,788.74,938.46,867.41,3829,2885.15,2088.26,1577.92,860.6,193.17,4.06,2.89,2.1,2.0,0.92,0.22
India3.0,06A-252-128-P,WIRING HARNESS,4051,4051,GANDHI-LANKA PRIVATE LIMITED,100,241,8,0,2.41,Green,1231.04,97,63,3,0,78,Electrical,19.85,D,B1,Buyer Alpha,Rubber,6869.68,160,78,82,563313.76,1816948.14,0.82,Daily,healthy,115.12,91.54,90.67,111.59,92.5,89.84,241,185.36,228.85,147.75,145.0,188.26,2.09,2.02,2.52,1.32,1.57,2.1
EV-Program,04C-571-168-B,INTAKE MANIFOLD,4006,4006,"BALA,ISSACANDSAINI PRIVATE LIMITED",2290,9933,238,0,4.34,Green,27650.6,4517,2012,4,3,72,Engine,23.86,A,P1,Buyer Beta,Electronics,5887.79,6529,72,6457,38017460.03,62693892.93,2.82,Monthly,healthy,2511.52,2358.74,2262.57,2108.4,2135.88,2599.46,9933,8191.06,6469.7,4818.8,3029.79,670.44,3.95,3.47,2.86,2.29,1.42,0.26
India2.0,04C-491-512-P,SHOCK ABSORBER,4045,4045,NAIKGROUP PRIVATE LIMITED,398,83,261,54,0.21,Red,4287.02,53,14,4,7,0,Suspension,22.84,A,P1,Buyer Epsilon,Plastics,3661.38,67,0,67,245312.46,320922.38,0.17,Weekly,critical,407.93,354.34,440.23,354.75,395.43,345.75,83,0.0,0.0,0.0,0.0,0.0,0.2,0.0,0.0,0.0,0.0,0.0
Passenger-Vehicle,08K-237-253-B,CONTROL MODULE,4044,4044,ZACHARIAPLC PRIVATE LIMITED,2187,405,1275,507,0.19,Red,28402.77,211,104,4,5,4,Electrical,3.31,B,B1,Buyer Gamma,Casting,9129.03,315,4,311,2839128.33,3516808.65,0.14,Monthly,critical,2269.34,2207.49,2453.44,1993.77,2463.53,1966.58,405,0.0,0.0,0.0,0.0,0.0,0.18,0.0,0.0,0.0,0.0,0.0
Commercial-Vehicle,04C-470-728-A,COOLING FAN,4009,4009,"SAMI,OAKANDMALL PRIVATE LIMITED",25,56,2,0,2.24,Green,262.82,32,11,4,1,255,Cooling,5.85,D,P3,Buyer Alpha,Electronics,9672.13,43,255,0,0.0,534121.49,0.0,Monthly,in_transit,22.49,29.43,24.46,23.11,29.02,22.48,56,167.88,180.66,182.17,160.76,154.19,2.49,5.7,7.39,7.88,5.54,6.86
EV-Program,12B-905-415-P,CONTROL ARM,4008,4008,AHUJA-DUTTA PRIVATE LIMITED,369,1666,1,0,4.51,Green,4298.62,848,643,1,2,16,Suspension,11.13,C,P3,Buyer Gamma,Machining,5197.41,1491,16,1475,7666179.75,7638105.58,4.0,Daily,healthy,354.91,334.13,342.3,317.83,393.22,437.19,1666,1343.01,1098.5,859.47,578.3,303.72,4.69,4.02,3.21,2.7,1.47,0.69
Commercial-Vehicle,04C-251-706-P,BONNET ASSEMBLY,4033,4033,BATTAINC PRIVATE LIMITED,455,641,128,0,1.41,Amber,5390.38,331,219,1,1,14,Body,2.79,C,B1,Buyer Alpha,Fasteners,1676.84,550,14,536,898786.24,1170707.5,1.18,Daily,low_coverage,468.63,390.99,474.95,430.73,412.53,388.84,641,363.66,97.53,0.0,0.0,0.0,1.37,0.93,0.21,0.0,0.0,0.0
India2.0,08K-303-787-A,BONNET ASSEMBLY,4066,4066,ROY-SIBAL PRIVATE LIMITED,1875,3166,117,0,1.69,Amber,21241.04,2029,1229,0,2,36,Body,10.12,D,P3,Buyer Delta,Machining,1255.93,3258,36,3222,4046606.46,3966770.84,1.72,Weekly,healthy,1724.67,1668.7,1964.62,2157.73,1873.25,1919.36,3166,1836.48,409.76,0.0,0.0,0.0,1.84,1.1,0.21,0.0,0.0,0.0
Passenger-Vehicle,04C-422-355-P,CONTROL MODULE,4011,4011,CHANDAGROUP PRIVATE LIMITED,282,1242,30,0,4.4,Green,2841.41,589,217,0,3,34,Electrical,19.63,A,P3,Buyer Epsilon,Plastics,6314.41,806,34,772,4874724.52,8936716.04,2.74,Monthly,healthy,301.57,246.39,297.79,329.9,297.5,246.41,1242,1164.03,922.07,738.56,615.98,456.13,4.12,4.72,3.1,2.24,2.07,1.85
Passenger-Vehicle,15D-709-396-P,CONSOLE COVER,4077,4077,GALAGROUP PRIVATE LIMITED,1637,5487,126,0,3.35,Green,20553.4,2892,1762,0,8,102,Interior,11.21,A,P1,Buyer Gamma,Electronics,9408.58,4654,102,4552,42827856.16,56482758.41,2.78,Weekly,in_transit,1610.44,1559.1,1938.88,1555.69,1718.61,1828.15,5487,4254.52,2852.41,1788.54,436.92,0.0,3.41,2.73,1.47,1.15,0.25,0.0
India2.0,12B-122-848-B,SENSOR ASSEMBLY,4004,4004,BALANINC PRIVATE LIMITED,228,996,34,0,4.37,Green,3049.96,365,188,0,3,11,Electrical,12.75,A,N2,Buyer Delta,Forging,6206.23,553,11,542,3363776.66,6488048.48,2.38,Weekly,healthy,195.99,243.9,269.11,223.28,234.73,229.6,996,946.28,750.68,690.04,633.39,480.77,5.08,3.88,2.79,3.09,2.7,2.09
India3.0,15D-611-790-B,BRAKE CALIPER,4018,4018,RAILLC PRIVATE LIMITED,512,2345,45,0,4.58,Green,6188.95,1504,570,1,3,73,Braking,15.04,D,N2,Buyer Epsilon,Electronics,5437.44,2074,73,2001,10880317.44,14405239.35,3.91,Weekly,healthy,531.81,439.8,520.2,583.72,503.34,451.6,2345,2062.77,1634.07,1218.04,932.82,541.97,4.41,4.69,3.14,2.09,1.85,1.2
Passenger-Vehicle,06A-837-371-C,RADIATOR PIPE,4075,4075,RAYGROUP PRIVATE LIMITED,3109,709,2411,0,0.23,Red,35500.32,416,181,2,0,33,Cooling,6.71,C,P2,Buyer Alpha,Fasteners,7988.42,597,33,564,4505468.88,5416752.34,0.18,Daily,demand_spike,2690.55,4109.04,4225.02,4736.78,4084.49,4351.41,709,0.0,0.0,0.0,0.0,0.0,0.26,0.0,0.0,0.0,0.0,0.0
India2.0,15D-953-164-P,CONTROL MODULE,4072,4072,BORRAGROUP PRIVATE LIMITED,1600,7894,91,0,4.93,Green,19711.98,3414,2263,1,3,80,Electrical,1.94,A,N2,Buyer Beta,Casting,1742.38,5677,80,5597,9752100.86,11692612.14,3.5,Monthly,healthy,1901.89,1796.05,1658.31,1852.99,1581.31,1609.3,7894,6529.56,5087.79,3700.37,2588.56,1257.95,4.15,3.64,3.07,2.0,1.64,0.78
EV-Program,04C-906-680-C,CONTROL ARM,4021,4021,"LOKE,BORAANDGARG PRIVATE LIMITED",0,55,0,0,,Gray,0.0,22,11,3,2,0,Suspension,21.14,D,B2,Buyer Delta,Metals,8588.23,33,0,33,283411.59,531635.36,,Monthly,zero_demand,0.0,0.0,0.0,0.0,0.0,0.0,55,60.0,131.0,198.0,279.0,353.0,,,,,,
Commercial-Vehicle,08K-618-490-B,SENSOR ASSEMBLY,4034,4034,DUTTALTD PRIVATE LIMITED,2367,1354,1119,0,0.57,Red,28792.58,812,252,1,8,51,Electrical,22.32,A,P3,Buyer Gamma,Forging,9045.98,1064,51,1013,9163577.74,11408633.73,0.43,Weekly,low_coverage,2378.83,2714.3,2707.63,2531.05,2361.71,2590.94,1354,0.0,0.0,0.0,0.0,0.0,0.57,0.0,0.0,0.0,0.0,0.0
EV-Program,15D-157-488-C,INTAKE MANIFOLD,4015,4015,"MEMON,PATHAKANDHANDA PRIVATE LIMITED",572,2218,7,0,3.88,Green,7652.94,1240,544,3,1,46,Engine,1.32,C,B2,Buyer Beta,Forging,8679.68,1784,46,1738,15085283.84,20376397.18,3.04,Monthly,healthy,556.52,501.94,531.66,647.86,535.96,506.22,2218,1770.87,1434.91,995.47,494.74,124.77,3.99,3.53,2.7,1.54,0.92,0.25
Passenger-Vehicle,04C-535-233-A,CONTROL ARM,4033,4033,BATTAINC PRIVATE LIMITED,1221,6099,174,0,5,Green,16435.56,2923,1540,4,3,78,Suspension,6.53,D,N1,Buyer Beta,Electronics,11049.28,4463,78,4385,48451092.8,63889503.11,3.59,Weekly,healthy,1224.09,1388.36,1218.87,1183.11,1230.42,1450.14,6099,4814.45,3902.32,2897.02,1762.06,733.74,4.98,3.47,3.2,2.45,1.43,0.51
EV-Program,15D-934-357-C,CHASSIS BRACKET,4038,4038,"YADAV,LOKEANDOAK PRIVATE LIMITED",1644,5939,88,0,3.61,Green,17945.26,2364,1168,0,3,1,Chassis,0.25,A,P1,Buyer Delta,Machining,7606.18,3532,1,3531,26857421.58,40767477.46,2.15,Weekly,healthy,1566.63,1856.68,1796.7,1474.7,1621.89,1559.05,5939,4469.74,3011.33,1805.8,592.35,0.0,3.79,2.41,1.68,1.22,0.37,0.0
India2.0,12B-667-458-A,FUEL RAIL,4072,4072,BORRAGROUP PRIVATE LIMITED,344,1233,22,0,3.58,Green,4051.07,481,406,0,3,34,Fuel System,24.59,B,P3,Buyer Beta,Metals,2107.75,887,34,853,1797910.75,2826927.42,2.48,Monthly,healthy,395.07,343.57,403.11,322.65,333.59,380.23,1233,990.67,817.95,638.64,502.58,271.05,3.12,2.88,2.03,1.98,1.51,0.71
India3.0,06A-780-400-A,BRAKE PAD,4030,4030,"YOHANNAN,LALLANDSANGHA PRIVATE LIMITED",1057,1077,48,0,1.02,Amber,10702.91,587,238,7,5,32,Braking,4.33,B,B2,Buyer Epsilon,Machining,4369.87,825,32,793,3465306.91,4660073.47,0.75,Monthly,low_coverage,1172.13,1211.25,1247.85,1004.06,1150.82,1065.21,1077,180.34,0.0,0.0,0.0,0.0,0.92,0.15,0.0,0.0,0.0,0.0
EV-Program,06A-385-360-B,SENSOR ASSEMBLY,4010,4010,KALELLC PRIVATE LIMITED,3644,976,275,2393,0.27,Red,45283.85,416,320,7,0,31,Electrical,23.89,C,P3,Buyer Delta,Plastics,8582.03,736,31,705,6050331.15,7608048.29,0.19,Monthly,demand_spike,3590.49,5633.29,5335.92,4876.77,5524.99,5168.7,976,0.0,0.0,0.0,0.0,0.0,0.27,0.0,0.0,0.0,0.0,0.0
EV-Program,08K-592-692-A,,4069,4069,HANDAANDSONS PRIVATE LIMITED,290,1063,28,0,3.67,Green,3717.31,576,332,4,1,55,Body,2.71,D,B1,Buyer Beta,Forging,5722.33,908,55,853,4881147.49,6831661.31,2.94,Weekly,in_transit,320.19,311.83,292.83,335.22,305.3,298.72,1063,956.51,765.11,597.07,427.67,207.05,3.32,3.07,2.61,1.78,1.4,0.69
Passenger-Vehicle,15D-317-271-A,DOOR PANEL,4005,4005,KAULPLC PRIVATE LIMITED,2470,12034,363,0,4.87,Green,27196.02,7214,3756,2,4,68,Body,1.22,A,P1,Buyer Beta,Rubber,6503.75,10970,68,10902,70903882.5,80435497.73,4.41,Daily,in_transit,2240.18,2590.55,2951.32,2125.51,2915.33,2546.52,12034,10052.25,7479.14,5436.17,2880.73,655.18,5.37,3.88,2.53,2.56,0.99,0.26
Commercial-Vehicle,15D-756-241-A,ENGINE MOUNT,4003,4003,"CHAUDRY,CHAHALANDSAMI PRIVATE LIMITED",2158,6514,58,0,3.02,Green,21971.11,3676,1175,0,3,65,Engine,7.8,C,B2,Buyer Alpha,Plastics,4655.84,4851,65,4786,22282850.24,30762510.74,2.22,Daily,healthy,2452.01,2124.12,2527.11,2052.86,2318.56,2404.64,6514,4886.56,2983.61,1342.08,0.0,0.0,2.66,2.3,1.18,0.65,0.0,0.0
Passenger-Vehicle,08K-202-508-B,BONNET ASSEMBLY,4003,4003,"CHAUDRY,CHAHALANDSAMI PRIVATE LIMITED",1675,844,757,74,0.5,Red,22226.38,406,142,5,7,42,Body,11.79,A,P3,Buyer Epsilon,Rubber,10995.35,548,42,506,5563647.1,7942478.26,0.3,Weekly,low_coverage,1827.69,1993.85,1581.26,1960.84,1839.38,2002.25,844,0.0,0.0,0.0,0.0,0.0,0.46,0.0,0.0,0.0,0.0,0.0
Commercial-Vehicle,12B-123-809-A,RADIATOR PIPE,4071,4071,MALLICKGROUP PRIVATE LIMITED,2289,7714,290,0,3.37,Green,28059.49,4104,2670,3,3,20,Cooling,0.65,A,P2,Buyer Delta,Casting,1724.29,6774,20,6754,11645854.66,13412721.29,2.95,Weekly,healthy,2378.22,2362.28,2324.18,2571.82,2242.87,2236.48,7714,5597.11,3399.83,1431.26,0.0,0.0,3.24,2.37,1.46,0.56,0.0,0.0
India3.0,12B-372-281-A,BRAKE CALIPER,4074,4074,CHANDERANDSONS PRIVATE LIMITED,785,701,80,4,0.89,Red,9587.35,441,270,1,6,97,Braking,15.12,D,P3,Buyer Epsilon,Metals,4586.48,711,97,614,2816098.72,3489017.24,0.78,Weekly,low_coverage,766.49,934.17,792.79,801.4,882.67,706.99,701,96.87,0.0,0.0,0.0,0.0,0.91,0.1,0.0,0.0,0.0,0.0
Commercial-Vehicle,06A-615-266-B,OIL FILTER HOUSING,4034,4034,DUTTALTD PRIVATE LIMITED,1520,141,709,670,0.09,Red,19340.57,62,48,6,1,62,Engine,22.15,C,P1,Buyer Alpha,Metals,3226.16,110,62,48,154855.68,403907.25,0.03,Weekly,critical,1741.5,1741.31,1669.88,1325.71,1510.12,1383.33,141,0.0,0.0,0.0,0.0,0.0,0.08,0.0,0.0,0.0,0.0,0.0
EV-Program,06A-936-982-C,BRAKE CALIPER,4067,4067,"BHAGAT,CHAUDHARIANDBHAT PRIVATE LIMITED",1092,2556,34,0,2.34,Green,15260.42,899,425,0,2,49,Braking,20.54,B,P2,Buyer Alpha,Plastics,8616.24,1324,49,1275,10985706.0,23914682.13,1.17,Weekly,healthy,1288.6,1216.02,1147.72,1250.72,1303.16,999.26,2556,1655.05,559.58,0.0,0.0,0.0,1.98,1.36,0.49,0.0,0.0,0.0
India3.0,12B-307-924-B,TRANSMISSION COVER,4056,4056,BHATTLLC PRIVATE LIMITED,80,101,32,0,1.26,Amber,1089.94,52,23,2,5,64,Transmission,2.16,A,P1,Buyer Gamma,Casting,95.06,75,64,11,1045.66,9004.94,0.14,Daily,low_coverage,90.7,83.89,84.05,77.65,94.78,91.42,101,170.26,194.04,195.25,211.01,271.43,1.11,2.03,2.31,2.51,2.23,2.97
India3.0,15D-410-281-B,WIRING HARNESS,4046,4046,CHOUDHURYLLC PRIVATE LIMITED,1671,12780,119,0,7.65,Green,22674.81,6151,3591,1,2,100,Electrical,9.63,C,N1,Buyer Beta,Plastics,2692.48,9742,100,9642,25960892.16,38346134.6,5.77,Weekly,excess,1561.86,1508.89,1924.52,1443.11,1764.41,1941.45,12780,11551.43,9748.01,8559.81,7203.89,5423.95,8.18,7.66,5.07,5.93,4.08,2.79
Commercial-Vehicle,15D-497-197-P,CHASSIS BRACKET,4007,4007,SENPLC PRIVATE LIMITED,1839,7294,201,0,3.97,Green,21038.94,2728,2846,4,2,42,Chassis,8.28,C,B1,Buyer Delta,Machining,11127.06,5574,42,5532,61554895.92,72869125.31,3.01,Daily,healthy,1926.54,1569.41,2143.92,1880.72,1991.87,1627.34,7294,6188.6,4416.71,2684.12,950.39,0.0,3.79,3.94,2.06,1.43,0.48,0.0
Passenger-Vehicle,08K-550-748-B,WIRING HARNESS,4022,4022,"KONDA,GADEANDSHERE PRIVATE LIMITED",1683,119,645,919,0.07,Red,22333.9,66,47,5,2,89,Electrical,11.01,A,B2,Buyer Delta,Metals,8616.36,113,89,24,206792.64,1146225.64,0.01,Weekly,critical,1823.36,1961.35,1641.04,1523.57,1477.05,1938.8,119,0.0,0.0,0.0,0.0,0.0,0.07,0.0,0.0,0.0,0.0,0.0
Passenger-Vehicle,08K-165-173-B,BONNET ASSEMBLY,4017,4017,BUCH-KAUL PRIVATE LIMITED,2275,2586,1450,0,1.14,Amber,29512.79,1613,818,6,1,82,Body,15.37,A,P2,Buyer Gamma,Electronics,632.23,2431,82,2349,1485108.27,1796430.6,1.03,Monthly,low_coverage,1972.09,2162.95,2705.98,2095.6,1936.14,2633.09,2586,652.42,0.0,0.0,0.0,0.0,1.31,0.3,0.0,0.0,0.0,0.0
Passenger-Vehicle,08K-414-694-B,CHASSIS BRACKET,4045,4045,NAIKGROUP PRIVATE LIMITED,1017,12381,87,0,12.17,Gray,10765.99,4456,3118,2,0,49,Chassis,0.61,D,N1,Buyer Delta,Machining,10915.26,7574,49,7525,82137331.5,134610433.59,7.4,Daily,excess,1199.25,871.29,885.38,1034.42,1219.02,1119.54,12381,11743.11,11070.06,10343.84,9308.91,8250.57,10.32,13.48,12.5,10.0,7.64,7.37
India2.0,08K-350-105-C,FRAME SUPPORT,4042,4042,"CHERIAN,MISRAANDTRIPATHI PRIVATE LIMITED",678,2982,9,0,4.4,Green,8117.64,1160,738,3,2,40,Chassis,6.41,A,P2,Buyer Alpha,Metals,7609.28,1898,40,1858,14138042.24,21233227.59,2.74,Weekly,healthy,685.31,714.44,742.99,649.32,579.91,585.75,2982,2480.05,1951.05,1342.1,939.0,475.62,4.35,3.47,2.63,2.07,1.62,0.81
India2.0,08K-573-574-P,WATER PUMP,4057,4057,KARPEPLC PRIVATE LIMITED,577,878,86,0,1.52,Amber,6542.05,392,255,3,3,42,Cooling,14.94,A,N1,Buyer Alpha,Metals,7410.54,647,42,605,4483376.7,5893678.96,1.05,Weekly,healthy,524.98,646.17,499.83,575.08,651.47,582.86,878,444.02,11.03,0.0,0.0,0.0,1.67,0.69,0.02,0.0,0.0,0.0
Commercial-Vehicle,06A-820-807-P,CONTROL MODULE,4029,4029,DEWAN-KOSHY PRIVATE LIMITED,2275,86,202,1987,0.04,Red,28638.02,53,24,3,6,8,Electrical,13.94,A,B1,Buyer Alpha,Casting,113.19,77,8,69,7810.11,8637.75,0.03,Daily,critical,2389.88,1937.15,2279.11,2281.34,2371.88,2635.03,86,0.0,0.0,0.0,0.0,0.0,0.04,0.0,0.0,0.0,0.0,0.0
India3.0,06A-160-358-P,FUEL RAIL,4069,4069,HANDAANDSONS PRIVATE LIMITED,2493,16465,192,0,6.6,Green,30999.52,10204,5778,1,3,65,Fuel System,7.04,C,B1,Buyer Beta,Electronics,10302.64,15982,65,15917,163987120.88,158239279.53,6.38,Monthly,excess,2957.96,2165.66,2239.55,2260.85,2305.56,2664.63,16465,14919.79,12957.67,11372.53,9505.59,7006.42,5.57,6.89,5.79,5.03,4.12,2.63
Commercial-Vehicle,08K-505-301-P,,4015,4015,"MEMON,PATHAKANDHANDA PRIVATE LIMITED",1494,5956,179,0,3.99,Green,15001.0,2312,1837,1,0,94,Braking,24.61,A,P3,Buyer Epsilon,Rubber,6944.2,4149,94,4055,28158731.0,47299011.66,2.71,Weekly,healthy,1414.74,1347.95,1644.79,1633.55,1645.26,1533.1,5956,4690.8,3284.42,2112.1,894.11,0.0,4.21,3.48,2.0,1.29,0.54,0.0
Commercial-Vehicle,06A-254-681-P,FUEL PIPE,4059,4059,"BHARGAVA,KARNIKANDBIR PRIVATE LIMITED",2414,8160,67,0,3.38,Green,31554.89,5281,1406,0,1,83,Fuel System,23.48,D,N1,Buyer Alpha,Plastics,1187.61,6687,83,6604,7842976.44,10221870.3,2.74,Weekly,healthy,2738.77,2114.45,2779.02,2236.23,2274.68,2745.71,8160,6426.35,4366.53,2168.54,121.63,0.0,2.98,3.04,1.57,0.97,0.05,0.0
India3.0,12B-237-544-P,RADIATOR PIPE,4072,4072,BORRAGROUP PRIVATE LIMITED,4949,2875,3907,0,0.58,Red,64399.22,1610,1099,1,1,49,Cooling,7.46,B,P3,Buyer Beta,Machining,10103.56,2709,49,2660,26875469.6,25423559.52,0.54,Monthly,demand_spike,5093.76,6217.51,5513.2,8608.59,7658.14,7030.58,2875,0.0,0.0,0.0,0.0,0.0,0.56,0.0,0.0,0.0,0.0,0.0
EV-Program,15D-341-330-A,CONTROL MODULE,4044,4044,ZACHARIAPLC PRIVATE LIMITED,4354,1489,415,2450,0.34,Red,55368.56,945,444,1,3,68,Electrical,23.74,A,B2,Buyer Beta,Metals,8357.3,1389,68,1321,11039993.3,13143037.67,0.3,Daily,demand_spike,3850.37,6213.99,6617.57,5219.31,7596.2,6398.7,1489,0.0,0.0,0.0,0.0,0.0,0.39,0.0,0.0,0.0,0.0,0.0
India3.0,08K-229-180-A,CROSS MEMBER,4068,4068,NORI-CHOPRA PRIVATE LIMITED,134,135,47,0,1.01,Amber,1802.87,67,47,7,5,88,Chassis,7.21,A,N2,Buyer Alpha,Casting,4511.39,114,88,26,117296.14,591018.05,0.19,Monthly,low_coverage,147.3,160.35,158.31,134.38,132.33,131.83,135,70.8,0.0,0.0,0.0,0.0,0.92,0.44,0.0,0.0,0.0,0.0
Passenger-Vehicle,06A-353-911-A,SEAT BRACKET,4066,4066,ROY-SIBAL PRIVATE LIMITED,1419,4110,36,0,2.9,Green,16023.9,1928,1483,2,3,73,Interior,20.43,C,B2,Buyer Gamma,Forging,2256.96,3411,73,3338,7533732.48,8390396.66,2.35,Daily,healthy,1630.02,1431.23,1325.15,1696.49,1267.01,1701.66,4110,2719.63,1618.38,331.33,0.0,0.0,2.52,1.9,1.22,0.2,0.0,0.0
India2.0,04C-609-298-A,OIL FILTER HOUSING,4058,4058,AMBLEINC PRIVATE LIMITED,921,928,231,0,1.01,Amber,9594.06,462,262,1,2,3,Engine,23.35,A,B1,Buyer Epsilon,Machining,7907.11,724,3,721,5701026.31,7021394.86,0.78,Weekly,low_coverage,836.69,808.44,812.63,885.47,1021.11,1039.93,928,288.15,0.0,0.0,0.0,0.0,1.11,0.36,0.0,0.0,0.0,0.0
India3.0,04C-535-127-B,WIRING HARNESS,4029,4029,DEWAN-KOSHY PRIVATE LIMITED,4530,2545,2793,0,0.56,Red,51169.32,893,559,4,3,24,Electrical,24.19,A,B2,Buyer Beta,Machining,5457.48,1452,24,1428,7793281.44,12064006.86,0.32,Monthly,demand_spike,5162.37,6354.6,6278.99,6041.63,4740.33,5906.23,2545,0.0,0.0,0.0,0.0,0.0,0.49,0.0,0.0,0.0,0.0,0.0
India3.0,15D-294-634-A,GEAR HOUSING,4064,4064,GUPTA-CHANDRA PRIVATE LIMITED,0,101,1,0,,Gray,0.0,51,25,2,1,90,Transmission,7.25,D,B1,Buyer Beta,Casting,2413.58,76,90,0,0.0,273498.37,,Daily,zero_demand,0.0,0.0,0.0,0.0,0.0,0.0,101,225.0,320.0,374.0,412.0,525.0,,,,,,
India3.0,04C-979-604-C,SENSOR ASSEMBLY,4030,4030,"YOHANNAN,LALLANDSANGHA PRIVATE LIMITED",376,1843,30,0,4.9,Green,4357.23,670,362,0,3,70,Electrical,19.07,C,B2,Buyer Delta,Fasteners,6107.02,1032,70,962,5874953.24,11616984.45,2.56,Daily,healthy,423.29,386.15,369.76,336.01,404.46,348.85,1843,1589.1,1427.66,1232.35,973.73,771.13,4.35,4.12,3.86,3.67,2.41,2.21
India3.0,12B-985-917-A,CHASSIS BRACKET,4057,4057,,556,8238,27,0,14.82,Gray,7744.31,5156,2282,1,1,18,Chassis,21.39,A,N2,Buyer Alpha,Forging,1775.98,7438,18,7420,13177771.6,15221920.16,13.35,Weekly,excess,619.4,666.64,502.62,507.36,483.72,513.67,8238,7824.34,7391.88,6992.8,6693.87,6323.36,13.3,11.74,14.71,13.78,13.84,12.31
EV-Program,08K-357-682-P,FUEL PIPE,4036,4036,SIDHU-WADHWA PRIVATE LIMITED,987,3791,58,0,3.84,Green,13252.54,2069,875,2,0,98,Fuel System,23.43,A,P3,Buyer Alpha,Machining,115.5,2944,98,2846,328713.0,373961.6,2.88,Monthly,healthy,1066.94,972.07,1014.69,918.14,1065.86,1091.3,3791,2978.43,2246.65,1488.95,666.67,0.0,3.55,3.06,2.21,1.62,0.63,0.0
India3.0,08K-175-306-A,CONSOLE COVER,4010,4010,KALELLC PRIVATE LIMITED,1421,3482,145,0,2.45,Green,19515.13,1837,706,0,3,73,Interior,10.81,D,N1,Buyer Epsilon,Fasteners,3986.18,2543,73,2470,9845864.6,13134698.13,1.74,Weekly,healthy,1479.96,1299.79,1611.3,1424.0,1243.22,1255.64,3482,2352.11,1179.32,57.97,0.0,0.0,2.35,1.81,0.73,0.04,0.0,0.0
India3.0,04C-717-193-C,ENGINE MOUNT,4073,4073,"CHAUDHARI,BEDIANDZACHARIAH PRIVATE LIMITED",0,84,1,0,,Gray,0.0,49,33,3,0,29,Engine,7.79,A,N2,Buyer Epsilon,Casting,2618.81,82,29,53,138796.93,199216.63,,Daily,zero_demand,0.0,0.0,0.0,0.0,0.0,0.0,84,170.0,306.0,413.0,466.0,545.0,,,,,,
Commercial-Vehicle,06A-494-455-C,BONNET ASSEMBLY,4016,4016,"BOASE,BATHANDKARI PRIVATE LIMITED",669,1165,3,0,1.74,Amber,8762.82,754,338,3,2,48,Body,24.77,C,B2,Buyer Gamma,Plastics,1487.77,1092,48,1044,1553231.88,1710422.42,1.56,Daily,healthy,784.46,735.12,795.35,641.05,684.88,707.52,1165,720.44,109.61,0.0,0.0,0.0,1.49,0.98,0.14,0.0,0.0,0.0
Commercial-Vehicle,08K-340-180-B,WATER PUMP,4032,4032,UPADHYAYGROUP PRIVATE LIMITED,923,1506,98,0,1.63,Amber,12829.89,962,392,4,1,54,Cooling,7.32,C,N2,Buyer Delta,Casting,5664.31,1354,54,1300,7363603.0,7532157.68,1.41,Weekly,healthy,989.68,828.92,888.28,976.3,903.43,836.59,1506,797.09,213.88,0.0,0.0,0.0,1.52,0.96,0.24,0.0,0.0,0.0
India3.0,06A-329-148-B,WATER PUMP,4056,4056,BHATTLLC PRIVATE LIMITED,1373,6262,74,0,4.56,Green,17823.35,3667,2178,2,2,90,Cooling,10.56,D,B1,Buyer Beta,Forging,9054.48,5845,90,5755,52108532.4,53388249.56,4.19,Daily,healthy,1225.35,1457.05,1567.72,1299.58,1443.33,1293.82,6262,5142.12,3662.05,2597.87,1522.08,524.63,5.11,3.53,2.34,2.0,1.05,0.41
India2.0,06A-840-725-A,BONNET ASSEMBLY,4021,4021,"LOKE,BORAANDGARG PRIVATE LIMITED",52,216,7,0,4.15,Green,546.85,124,58,1,3,14,Body,1.46,A,P2,Buyer Gamma,Metals,11972.57,182,14,168,2011391.76,2431964.64,3.23,Daily,healthy,59.7,49.42,50.94,46.6,48.65,54.51,216,275.17,379.95,344.94,378.93,423.49,3.62,5.57,7.46,7.4,7.79,7.77
Passenger-Vehicle,15D-479-149-A,CLUTCH PLATE,4027,4027,"MURTY,KALAANDTATA PRIVATE LIMITED",1910,18223,182,0,9.54,Gray,23139.76,8186,4270,4,1,50,Transmission,22.27,B,B2,Buyer Delta,Electronics,4026.49,12456,50,12406,49952634.94,77282829.94,6.5,Monthly,excess,1938.6,2251.84,2240.32,1798.04,1749.95,1882.8,18223,16007.57,14002.97,12568.39,11052.54,9657.6,9.4,7.11,6.25,6.99,6.32,5.13
Commercial-Vehicle,12B-392-165-C,CONTROL MODULE,4005,4005,KAULPLC PRIVATE LIMITED,818,2065,33,0,2.52,Green,9510.32,866,542,0,5,10,Electrical,4.79,A,P3,Buyer Beta,Casting,3747.93,1408,10,1398,5239606.14,7923935.55,1.71,Daily,in_transit,839.72,924.63,933.27,898.79,941.62,969.94,2065,1417.93,790.36,59.67,0.0,0.0,2.46,1.53,0.85,0.07,0.0,0.0
India3.0,06A-359-518-C,CONTROL MODULE,4030,4030,"YOHANNAN,LALLANDSANGHA PRIVATE LIMITED",1521,1094,331,96,0.72,Red,20168.87,493,286,5,7,54,Electrical,1.79,A,B1,Buyer Delta,Fasteners,11369.1,779,54,725,8242597.5,11828744.27,0.48,Weekly,low_coverage,1757.13,1377.75,1822.01,1297.81,1506.47,1401.67,1094,124.44,0.0,0.0,0.0,0.0,0.62,0.09,0.0,0.0,0.0,0.0
India2.0,04C-565-834-A,INTAKE MANIFOLD,4057,4057,KARPEPLC PRIVATE LIMITED,601,2183,44,0,3.63,Green,7815.17,877,677,2,1,128,Engine,16.58,B,P3,Buyer Alpha,Casting,9319.83,1554,128,1426,13290077.58,18578876.82,2.37,Daily,in_transit,527.31,702.32,672.73,560.28,520.67,525.18,2183,1669.26,1070.46,652.88,309.06,0.0,4.14,2.38,1.59,1.17,0.59,0.0
Commercial-Vehicle,12B-876-646-B,FUEL FILTER,4053,4053,"IYER,MUNIANDRASTOGI PRIVATE LIMITED",2505,1995,1589,0,0.8,Red,34653.58,890,429,8,3,82,Fuel System,6.44,B,P2,Buyer Delta,Rubber,7940.22,1319,82,1237,9822052.14,13967749.8,0.49,Monthly,demand_spike,2818.95,4519.87,3369.02,3294.48,4036.59,4011.09,1995,0.0,0.0,0.0,0.0,0.0,0.71,0.0,0.0,0.0,0.0,0.0
Passenger-Vehicle,15D-357-811-B,DOOR PANEL,4058,4058,AMBLEINC PRIVATE LIMITED,332,217,66,49,0.65,Red,3432.26,138,34,1,8,15,Body,14.99,A,N1,Buyer Alpha,Electronics,9541.37,172,15,157,1497995.09,2192773.6,0.47,Daily,low_coverage,396.37,376.01,360.01,335.0,316.05,351.72,217,0.0,0.0,0.0,0.0,0.0,0.55,0.0,0.0,0.0,0.0,0.0
India2.0,08K-728-799-C,SENSOR ASSEMBLY,4064,4064,GUPTA-CHANDRA PRIVATE LIMITED,2481,868,334,1279,0.35,Red,25023.01,333,168,5,1,19,Electrical,17.14,A,N2,Buyer Gamma,Rubber,3027.29,501,19,482,1459153.78,2768894.83,0.19,Monthly,demand_spike,2703.76,3797.4,3166.05,2925.28,3627.31,3361.71,868,0.0,0.0,0.0,0.0,0.0,0.32,0.0,0.0,0.0,0.0,0.0
EV-Program,12B-323-143-A,FUEL FILTER,4064,4064,GUPTA-CHANDRA PRIVATE LIMITED,764,2843,26,0,3.72,Green,8128.83,1348,616,4,2,94,Fuel System,8.01,D,P2,Buyer Delta,Rubber,4791.24,1964,94,1870,8959618.8,13426778.23,2.45,Weekly,healthy,782.57,694.99,690.48,742.8,656.83,689.75,2843,2308.29,1820.21,1281.56,768.36,219.76,3.63,3.32,2.64,1.73,1.17,0.32
India2.0,08K-867-403-P,SENSOR ASSEMBLY,4053,4053,"IYER,MUNIANDRASTOGI PRIVATE LIMITED",1235,5975,10,0,4.84,Green,14481.43,3208,936,0,2,42,Electrical,9.37,B,B2,Buyer Delta,Machining,7982.4,4144,42,4102,32743804.8,50110438.46,3.32,Monthly,healthy,1196.56,1362.63,1378.38,1297.82,1354.22,1126.16,5975,5014.05,4035.33,2842.64,1794.81,951.44,4.99,3.68,2.93,2.19,1.33,0.84
EV-Program,04C-710-545-A,FUEL PIPE,4052,4052,"SAMPATH,KAKARANDZACHARIA PRIVATE LIMITED",54,191,8,0,3.54,Green,610.57,89,75,4,0,68,Fuel System,7.48,B,P1,Buyer Epsilon,Electronics,1283.62,164,68,96,123227.52,263564.91,1.78,Monthly,healthy,61.72,46.7,63.44,54.26,61.62,57.95,191,296.44,361.34,375.53,420.29,474.75,3.09,6.35,5.7,6.92,6.82,8.19
Passenger-Vehicle,06A-213-853-P,RADIATOR PIPE,4019,4019,PATLA-GABA PRIVATE LIMITED,811,2084,8,0,2.57,Green,8257.51,1061,727,1,2,78,Cooling,5.56,D,N1,Buyer Delta,Plastics,2228.94,1788,78,1710,3811487.4,4105490.14,2.11,Monthly,healthy,897.34,949.65,714.91,732.9,862.33,852.67,2084,1264.83,688.46,149.47,0.0,0.0,2.32,1.33,0.96,0.2,0.0,0.0
Commercial-Vehicle,15D-814-542-A,CONTROL MODULE,4001,4001,"CHOUDHURY,BAKSHIANDMAHARAJ PRIVATE LIMITED",1444,5946,138,0,4.12,Green,16384.55,3638,897,4,1,50,Electrical,18.93,B,B2,Buyer Beta,Electronics,11237.5,4535,50,4485,50400187.5,69460332.09,3.11,Monthly,healthy,1392.48,1350.85,1505.29,1506.96,1653.17,1615.2,5946,4814.06,3774.37,2689.18,1338.74,217.12,4.27,3.56,2.51,1.78,0.81,0.13
India3.0,15D-256-201-A,BODY BRACKET,4065,4065,SANKARLLC PRIVATE LIMITED,1598,1216,439,0,0.76,Red,21186.65,610,375,7,2,95,Body,22.45,D,B1,Buyer Epsilon,Metals,8091.17,985,95,890,7201141.3,10970153.33,0.56,Monthly,low_coverage,1897.17,1777.8,1580.71,1667.12,1358.76,1729.58,1216,0.0,0.0,0.0,0.0,0.0,0.64,0.0,0.0,0.0,0.0,0.0
Passenger-Vehicle,06A-654-809-B,FUEL RAIL,4042,4042,"CHERIAN,MISRAANDTRIPATHI PRIVATE LIMITED",101,31,49,21,0.31,Red,1048.37,18,5,1,6,54,Fuel System,16.55,B,B1,Buyer Alpha,Electronics,4896.49,23,54,0,0.0,157929.81,0.0,Monthly,critical,118.88,116.12,113.08,107.3,102.13,98.31,31,0.0,16.63,0.0,0.0,59.68,0.26,0.0,0.15,0.0,0.0,0.61
Commercial-Vehicle,15D-411-164-C,WATER PUMP,4049,4049,"SUNDER,BISWASANDWALIA PRIVATE LIMITED",1655,6906,156,0,4.17,Green,22308.59,3087,1388,4,1,12,Cooling,15.51,D,P1,Buyer Epsilon,Plastics,6425.04,4475,12,4463,28674953.52,45925334.23,2.7,Monthly,healthy,1750.35,1500.88,1795.52,1849.29,1742.33,1562.06,6906,5726.96,4100.3,2406.06,947.55,0.0,3.95,3.82,2.28,1.3,0.54,0.0
Passenger-Vehicle,12B-996-110-B,SHOCK ABSORBER,4059,4059,"BHARGAVA,KARNIKANDBIR PRIVATE LIMITED",2059,5624,292,0,2.73,Green,22930.89,3322,1971,2,1,9,Suspension,3.04,A,P2,Buyer Delta,Electronics,3088.72,5293,9,5284,16320796.48,19179173.54,2.57,Weekly,healthy,1831.26,1958.4,1898.79,2332.74,1961.28,1941.28,5624,4017.8,2382.72,667.87,0.0,0.0,3.07,2.05,1.25,0.29,0.0,0.0
India2.0,06A-557-907-B,INTAKE MANIFOLD,4051,4051,GANDHI-LANKA PRIVATE LIMITED,2284,3915,278,0,1.71,Amber,24476.64,1981,1341,4,2,32,Engine,1.28,B,P1,Buyer Gamma,Machining,7237.88,3322,32,3290,23812625.2,24090486.18,1.44,Monthly,healthy,2642.68,2093.25,2205.11,2381.92,2150.77,2383.73,3915,2006.68,322.64,0.0,0.0,0.0,1.48,0.96,0.15,0.0,0.0,0.0
India2.0,04C-746-868-A,COOLING FAN,4014,4014,"DASH,RADHAKRISHNANANDBRAR PRIVATE LIMITED",2463,2063,35,365,0.84,Red,33606.75,782,444,6,5,49,Cooling,9.37,A,P1,Buyer Beta,Forging,4296.46,1226,49,1177,5056933.42,9037323.28,0.48,Weekly,low_coverage,2805.14,2666.78,2465.95,2749.72,2657.01,2450.82,2063,0.0,0.0,0.0,0.0,0.0,0.74,0.0,0.0,0.0,0.0,0.0
EV-Program,12B-912-130-B,SEAT BRACKET,4033,4033,BATTAINC PRIVATE LIMITED,2458,7071,140,0,2.88,Green,31120.89,4211,1722,3,3,71,Interior,7.75,D,P3,Buyer Epsilon,Forging,11260.18,5933,71,5862,66007175.16,74864591.79,2.38,Monthly,healthy,2122.52,2758.72,2615.19,2207.1,2247.8,2613.21,7071,5009.39,2884.82,760.0,0.0,0.0,3.33,1.82,1.1,0.34,0.0,0.0
Commercial-Vehicle,06A-535-890-B,FRAME SUPPORT,4048,4048,BRARINC PRIVATE LIMITED,2480,1939,197,344,0.78,Red,33213.18,860,527,4,4,68,Chassis,16.1,B,N2,Buyer Gamma,Casting,5267.4,1387,68,1319,6947700.6,8932213.6,0.53,Monthly,low_coverage,2227.07,2409.8,2110.89,2679.5,2914.63,2909.28,1939,84.42,0.0,0.0,0.0,0.0,0.87,0.04,0.0,0.0,0.0,0.0
India3.0,08K-548-994-B,CHASSIS BRACKET,4071,4071,MALLICKGROUP PRIVATE LIMITED,761,1954,87,0,2.57,Green,10172.13,743,349,1,2,91,Chassis,20.85,D,P1,Buyer Gamma,Forging,7030.09,1092,91,1001,7037120.09,13746509.49,1.32,Monthly,healthy,777.16,766.34,787.77,729.02,767.8,850.52,1954,1381.76,757.53,307.86,0.0,0.0,2.51,1.8,0.96,0.42,0.0,0.0
Passenger-Vehicle,12B-301-109-B,SUSPENSION BRACKET,4059,4059,"BHARGAVA,KARNIKANDBIR PRIVATE LIMITED",1205,4350,9,0,3.61,Green,13656.84,1812,788,3,0,65,Suspension,10.93,C,B1,Buyer Alpha,Casting,10174.97,2600,65,2535,25793548.95,40513617.79,2.1,Daily,healthy,1059.32,1314.57,1411.6,1419.15,1249.86,1053.06,4350,3418.31,2122.63,1005.27,155.17,0.0,4.11,2.6,1.5,0.71,0.12,0.0
Commercial-Vehicle,08K-449-153-P,TRANSMISSION COVER,4057,4057,KARPEPLC PRIVATE LIMITED,1693,335,463,895,0.2,Red,20198.38,153,107,1,2,12,Transmission,1.02,A,N2,Buyer Epsilon,Casting,3947.51,260,12,248,978982.48,1198634.36,0.15,Weekly,critical,1604.5,1490.97,1992.2,1787.97,1572.07,1787.27,335,0.0,0.0,0.0,0.0,0.0,0.21,0.0,0.0,0.0,0.0,0.0
Passenger-Vehicle,06A-630-859-P,BONNET ASSEMBLY,4074,4074,CHANDERANDSONS PRIVATE LIMITED,978,3807,87,0,3.89,Green,10420.5,2090,847,0,3,69,Body,1.38,B,P1,Buyer Delta,Fasteners,9998.62,2937,69,2868,28676042.16,35638002.74,2.93,Monthly,healthy,1053.98,1083.27,933.15,1030.81,1143.08,943.78,3807,2987.18,2229.1,1486.11,647.8,0.0,3.61,2.76,2.39,1.44,0.57,0.0
Passenger-Vehicle,15D-449-870-C,BRAKE BRACKET,4078,4078,RAMAKRISHNANLLC PRIVATE LIMITED,323,34,96,193,0.11,Red,4055.97,12,7,8,8,10,Braking,2.94,A,N2,Buyer Beta,Fasteners,9847.22,19,10,9,88624.98,342901.03,0.03,Monthly,critical,308.38,379.17,364.4,360.53,385.57,356.64,34,0.0,0.0,0.0,0.0,0.0,0.11,0.0,0.0,0.0,0.0,0.0
Passenger-Vehicle,04C-110-354-A,TRANSMISSION COVER,4036,4036,SIDHU-WADHWA PRIVATE LIMITED,3958,883,3022,53,0.22,Red,52165.28,433,142,3,3,13,Transmission,24.62,C,P2,Buyer Gamma,Casting,6934.2,575,13,562,3897020.4,5784221.91,0.14,Daily,demand_spike,4140.45,4912.01,5312.78,4764.99,6427.04,5037.03,883,0.0,0.0,0.0,0.0,0.0,0.21,0.0,0.0,0.0,0.0,0.0
Passenger-Vehicle,06A-314-461-A,BONNET ASSEMBLY,4055,4055,DARA-KOTA PRIVATE LIMITED,261,691,34,0,2.65,Green,3442.7,250,160,4,0,91,Body,1.6,A,B1,Buyer Gamma,Casting,8293.41,410,91,319,2645597.79,6382881.65,1.22,Weekly,healthy,249.19,240.72,307.05,267.18,234.63,284.9,691,593.27,436.95,313.24,166.47,18.49,2.77,2.46,1.42,1.17,0.71,0.06
India2.0,08K-355-402-A,TRANSMISSION COVER,4047,4047,KHATRI-BHARDWAJ PRIVATE LIMITED,1215,166,342,707,0.14,Red,16333.36,86,39,7,8,30,Transmission,2.15,C,P3,Buyer Alpha,Machining,5426.34,125,30,95,515502.3,979100.16,0.08,Daily,critical,1081.95,1137.4,1313.43,1233.27,1396.45,1456.63,166,0.0,0.0,0.0,0.0,0.0,0.15,0.0,0.0,0.0,0.0,0.0
Commercial-Vehicle,04C-641-873-A,OIL FILTER HOUSING,4014,4014,"DASH,RADHAKRISHNANANDBRAR PRIVATE LIMITED",1911,1617,1299,0,0.85,Red,25925.72,764,349,6,5,68,Engine,7.99,B,P1,Buyer Epsilon,Machining,11508.44,1113,68,1045,12026319.8,21262697.83,0.55,Monthly,low_coverage,2268.68,2072.0,1952.36,1719.8,1714.19,1800.46,1617,0.0,0.0,0.0,0.0,0.0,0.71,0.0,0.0,0.0,0.0,0.0
India2.0,12B-959-952-B,OIL FILTER HOUSING,4054,4054,"PRAKASH,SARMAANDVARUGHESE PRIVATE LIMITED",1085,549,583,0,0.51,Red,11603.86,318,201,5,8,78,Engine,19.17,A,P2,Buyer Gamma,Rubber,8354.26,519,78,441,3684228.66,4936527.91,0.41,Monthly,low_coverage,1055.39,1012.3,1126.42,1243.46,1259.57,1228.35,549,0.0,0.0,0.0,0.0,0.0,0.52,0.0,0.0,0.0,0.0,0.0
India2.0,15D-135-841-B,BRAKE PAD,4067,4067,"BHAGAT,CHAUDHARIANDBHAT PRIVATE LIMITED",4870,2789,2670,0,0.57,Red,63259.6,1155,616,4,1,93,Braking,11.6,A,P3,Buyer Gamma,Metals,5941.28,1771,93,1678,9969467.84,16445437.84,0.34,Daily,demand_spike,4163.23,5233.46,7509.64,7145.99,7121.5,6515.93,2789,0.0,0.0,0.0,0.0,0.0,0.67,0.0,0.0,0.0,0.0,0.0
EV-Program,06A-289-396-P,ENGINE MOUNT,4064,4064,GUPTA-CHANDRA PRIVATE LIMITED,1134,69,380,685,0.06,Red,15866.16,25,18,4,2,70,Engine,20.83,B,P2,Buyer Delta,Metals,1232.47,43,70,0,0.0,88003.04,0.0,Daily,critical,1003.11,1021.23,1341.8,1152.3,1307.44,1036.66,69,0.0,0.0,0.0,0.0,0.0,0.07,0.0,0.0,0.0,0.0,0.0
EV-Program,12B-587-719-B,BRAKE CALIPER,4080,4080,"SUR,DUBEYANDGUPTA PRIVATE LIMITED",808,2699,12,0,3.34,Green,10302.14,954,773,1,3,6,Braking,1.59,D,P2,Buyer Beta,Casting,3693.53,1727,6,1721,6356565.13,9815269.96,2.13,Monthly,healthy,871.41,949.79,854.94,797.35,706.62,957.85,2699,1809.68,1061.88,337.88,0.0,0.0,3.1,1.91,1.24,0.42,0.0,0.0
Commercial-Vehicle,04C-565-362-B,INTAKE MANIFOLD,4004,4004,BALANINC PRIVATE LIMITED,905,6158,8,0,6.8,Green,11418.74,2356,1755,1,0,20,Engine,10.24,B,B2,Buyer Beta,Forging,7399.42,4111,20,4091,30271027.22,43934489.31,4.52,Weekly,excess,782.32,1049.45,814.4,869.41,1004.75,804.4,6158,5325.04,4753.82,3972.35,3145.76,2525.84,7.87,5.07,5.84,4.57,3.13,3.14
Passenger-Vehicle,08K-837-670-P,SENSOR ASSEMBLY,4024,4024,"NAIR,BHALLAANDKARNIK PRIVATE LIMITED",400,621,21,0,1.55,Amber,4289.73,243,206,4,0,34,Electrical,3.44,C,B2,Buyer Gamma,Casting,7789.43,449,34,415,3232613.45,5470699.98,1.04,Daily,healthy,442.26,382.71,463.66,369.15,384.21,405.85,621,376.2,0.0,0.0,0.0,0.0,1.4,0.98,0.0,0.0,0.0,0.0
EV-Program,04C-623-867-A,COOLING FAN,4005,4005,KAULPLC PRIVATE LIMITED,455,858,68,0,1.89,Amber,5608.22,439,215,0,3,21,Cooling,20.54,A,N2,Buyer Alpha,Plastics,6916.67,654,21,633,4378252.11,6392850.73,1.39,Weekly,healthy,432.22,472.09,475.29,494.16,447.16,466.41,858,577.12,257.64,0.0,0.0,0.0,1.99,1.22,0.54,0.0,0.0,0.0
India3.0,04C-270-304-C,CONSOLE COVER,4080,4080,"SUR,DUBEYANDGUPTA PRIVATE LIMITED",555,1416,6,0,2.55,Green,6446.13,753,470,4,7,104,Interior,23.48,B,B2,Buyer Alpha,Casting,1065.62,1223,104,1119,1192428.78,1340458.2,2.02,Weekly,in_transit,510.09,516.52,556.65,569.68,659.29,555.61,1416,1088.84,618.86,320.9,0.0,0.0,2.78,2.11,1.11,0.56,0.0,0.0
India3.0,12B-859-951-C,OIL FILTER HOUSING,4027,4027,"MURTY,KALAANDTATA PRIVATE LIMITED",28,172,4,0,6.14,Green,322.21,83,51,2,3,95,Engine,17.94,A,N1,Buyer Alpha,Casting,769.08,134,95,39,29994.12,136733.83,1.39,Weekly,excess,23.83,31.33,24.99,24.03,27.57,31.84,172,167.05,147.56,146.8,158.93,259.94,7.22,5.33,5.9,6.11,5.76,8.16
EV-Program,06A-431-880-A,BRAKE PAD,4011,4011,CHANDAGROUP PRIVATE LIMITED,6788,2948,2006,1834,0.43,Red,68983.2,1636,625,1,2,76,Braking,10.38,A,N1,Buyer Gamma,Machining,5126.08,2261,76,2185,11200484.8,13383242.84,0.32,Monthly,demand_spike,5999.73,9537.48,9449.61,9633.08,10386.49,11009.86,2948,0.0,0.0,0.0,0.0,0.0,0.49,0.0,0.0,0.0,0.0,0.0
India2.0,12B-368-805-B,SHOCK ABSORBER,4077,4077,GALAGROUP PRIVATE LIMITED,2403,5903,207,0,2.46,Green,28181.83,2235,1697,1,0,91,Suspension,11.74,C,B1,Buyer Beta,Machining,10691.23,3932,91,3841,41065014.43,58698853.48,1.6,Weekly,healthy,2584.15,2159.69,2621.8,2591.43,2856.81,2160.92,5903,3890.5,1859.39,0.0,0.0,0.0,2.28,1.8,0.71,0.0,0.0,0.0
India3.0,15D-348-634-A,CONTROL MODULE,4029,4029,DEWAN-KOSHY PRIVATE LIMITED,1881,4761,81,0,2.53,Green,23473.04,1819,852,4,2,17,Electrical,2.26,A,B1,Buyer Beta,Rubber,248.07,2671,17,2654,658377.78,1152245.58,1.41,Daily,healthy,1644.57,2014.63,1610.63,1674.18,1994.92,1879.62,4761,3229.15,1854.19,703.28,0.0,0.0,2.89,1.6,1.15,0.42,0.0,0.0
Passenger-Vehicle,04C-440-342-P,CONTROL ARM,4055,4055,DARA-KOTA PRIVATE LIMITED,386,1463,16,0,3.79,Green,5321.4,834,378,2,3,1,Suspension,12.53,B,B1,Buyer Gamma,Fasteners,1536.12,1212,1,1211,1860241.32,2129426.99,3.14,Daily,healthy,457.22,426.79,370.26,416.6,384.7,379.82,1463,1105.03,838.19,544.65,311.09,0.0,3.2,2.59,2.26,1.31,0.81,0.0
Commercial-Vehicle,15D-552-622-B,CONSOLE COVER,4031,4031,"RASTOGI,PATHAKANDKANDA PRIVATE LIMITED",1747,8729,86,0,5,Green,18610.32,5017,1584,2,0,96,Interior,7.41,D,B2,Buyer Alpha,Electronics,1033.57,6601,96,6505,6723372.85,8910648.24,3.72,Monthly,healthy,2067.49,2088.37,1915.16,2054.75,2008.31,2069.74,8729,7003.77,5470.9,3566.53,1940.69,179.85,4.22,3.35,2.86,1.74,0.97,0.09
EV-Program,08K-688-904-A,INTAKE MANIFOLD,4027,4027,"MURTY,KALAANDTATA PRIVATE LIMITED",169,805,25,0,4.76,Green,2034.94,521,316,4,3,72,Engine,24.25,C,B2,Buyer Gamma,Metals,4976.86,837,72,765,3807297.9,3556321.36,4.53,Daily,healthy,162.18,156.04,195.63,152.66,163.54,179.41,805,792.88,749.29,652.58,567.87,440.62,4.96,5.08,3.83,4.27,3.47,2.46
India3.0,04C-264-934-B,CLUTCH PLATE,4079,4079,MANGAL-SAMPATH PRIVATE LIMITED,821,492,543,0,0.6,Red,8691.93,206,101,4,7,0,Transmission,4.98,C,P1,Buyer Beta,Rubber,6578.56,307,0,307,2019617.92,3408681.05,0.37,Daily,low_coverage,924.56,946.12,849.64,852.11,772.47,941.16,492,0.0,0.0,0.0,0.0,0.0,0.53,0.0,0.0,0.0,0.0,0.0
Passenger-Vehicle,12B-146-899-P,TRANSMISSION COVER,4052,4052,"SAMPATH,KAKARANDZACHARIA PRIVATE LIMITED",2182,9564,122,0,4.38,Green,26154.95,3499,1574,0,3,91,Transmission,18.97,B,B2,Buyer Gamma,Plastics,5109.65,5073,91,4982,25456276.3,43930349.86,2.28,Monthly,healthy,2618.02,2308.85,1915.93,2571.32,2475.81,2425.6,9564,7526.46,5710.69,3768.3,1889.46,0.0,3.65,3.26,2.98,1.47,0.76,0.0
India2.0,12B-128-665-P,BRAKE BRACKET,4034,4034,DUTTALTD PRIVATE LIMITED,1186,4419,134,0,3.73,Green,13419.15,1648,1721,2,0,1,Braking,11.8,B,P2,Buyer Beta,Machining,10151.0,3369,1,3368,34188568.0,42713891.57,2.84,Weekly,healthy,1148.28,1057.65,1239.77,1225.03,1331.62,1304.92,4419,3542.81,2516.46,1631.63,447.59,0.0,3.85,3.35,2.03,1.33,0.34,0.0
India2.0,12B-699-138-C,FUEL FILTER,4063,4063,"SOLANKI,KIBEANDSOLANKI PRIVATE LIMITED",2213,20026,116,0,9.05,Gray,22486.9,12414,3038,3,0,71,Fuel System,16.76,D,N2,Buyer Gamma,Fasteners,2407.67,15452,71,15381,37032372.27,52530399.27,6.95,Weekly,excess,2304.75,2435.87,2241.62,1892.46,2031.43,2559.82,20026,18066.01,15849.04,14196.54,12336.92,9841.13,8.69,7.42,7.07,7.5,6.07,3.84
EV-Program,06A-819-866-P,WATER PUMP,4061,4061,"KHANNA,MALLICKANDSUNDER PRIVATE LIMITED",1832,5033,223,0,2.75,Green,22861.48,2813,1937,0,2,31,Cooling,13.5,B,N2,Buyer Beta,Forging,8199.59,4750,31,4719,38693865.21,46757110.36,2.58,Monthly,healthy,1614.55,1631.22,2085.2,1865.2,1790.58,2048.9,5033,3719.78,1954.41,601.01,0.0,0.0,3.12,2.28,0.94,0.32,0.0,0.0
EV-Program,12B-530-365-A,SEAT BRACKET,4065,4065,SANKARLLC PRIVATE LIMITED,116,544,13,0,4.69,Green,1438.72,330,87,0,2,1,Interior,12.69,D,B2,Buyer Alpha,Casting,162.22,417,1,416,67483.52,77682.69,3.59,Weekly,healthy,135.61,127.82,138.76,127.54,108.05,98.73,544,563.73,538.44,518.97,446.08,401.61,4.01,4.41,3.88,4.07,4.13,4.07
EV-Program,12B-891-573-C,DOOR PANEL,4071,4071,MALLICKGROUP PRIVATE LIMITED,475,1993,57,0,4.2,Green,6474.45,837,484,2,1,12,Body,1.01,A,N1,Buyer Alpha,Plastics,1676.32,1321,12,1309,2194302.88,3403835.63,2.76,Weekly,healthy,487.99,446.91,530.5,430.48,429.27,529.83,1993,1626.77,1239.19,841.3,545.91,130.93,4.08,3.64,2.34,1.95,1.27,0.25
EV-Program,12B-801-640-C,DOOR PANEL,4008,4008,AHUJA-DUTTA PRIVATE LIMITED,1919,5459,134,0,2.84,Green,24983.07,2698,1805,3,4,273,Body,22.35,B,N2,Buyer Epsilon,Forging,1505.14,4503,273,4230,6366742.2,7517773.02,2.2,Daily,in_transit,1958.03,1784.47,2228.02,2195.7,2105.12,1664.61,5459,4160.53,2342.36,502.34,0.0,0.0,2.79,2.33,1.05,0.23,0.0,0.0
Commercial-Vehicle,15D-795-339-A,FUEL PIPE,4054,4054,"PRAKASH,SARMAANDVARUGHESE PRIVATE LIMITED",577,2183,48,0,3.78,Green,7346.81,1327,712,1,0,61,Fuel System,17.38,C,B2,Buyer Beta,Forging,163.02,2039,61,1978,322453.56,403176.58,3.43,Daily,healthy,532.51,676.42,562.78,577.54,613.11,651.47,2183,1630.21,1325.48,940.56,425.43,0.0,4.1,2.41,2.36,1.63,0.69,0.0
India3.0,06A-588-315-C,FRAME SUPPORT,4004,4004,BALANINC PRIVATE LIMITED,2493,591,856,1046,0.24,Red,32331.26,282,126,6,8,76,Chassis,20.95,D,B1,Buyer Beta,Electronics,9273.15,408,76,332,3078685.8,4672892.07,0.13,Daily,critical,2286.45,2399.72,2555.49,2739.15,2499.77,2329.54,591,0.0,0.0,0.0,0.0,0.0,0.26,0.0,0.0,0.0,0.0,0.0
Passenger-Vehicle,04C-197-372-A,SENSOR ASSEMBLY,4023,4023,MADAN-KANDA PRIVATE LIMITED,1033,282,475,276,0.27,Red,13760.11,180,49,8,0,54,Electrical,10.0,D,B2,Buyer Alpha,Plastics,5806.46,229,54,175,1016130.5,1472557.1,0.17,Weekly,demand_spike,1159.86,1577.31,1432.87,1858.52,1463.27,1787.62,282,0.0,0.0,0.0,0.0,0.0,0.24,0.0,0.0,0.0,0.0,0.0
Commercial-Vehicle,06A-668-105-A,BRAKE BRACKET,4004,4004,BALANINC PRIVATE LIMITED,1865,8587,9,0,4.6,Green,25525.07,4153,2959,0,4,205,Braking,0.91,D,B2,Buyer Gamma,Forging,5596.06,7112,205,6907,38651986.42,53649262.42,3.7,Daily,in_transit,2032.55,1775.33,1855.01,2183.7,2141.92,1689.63,8587,7214.5,5674.46,3888.02,1931.45,659.53,4.22,4.06,3.06,1.78,0.9,0.39
Passenger-Vehicle,08K-464-310-C,CONTROL MODULE,4045,4045,NAIKGROUP PRIVATE LIMITED,2272,2032,1511,0,0.89,Red,28215.62,1315,555,3,3,59,Electrical,15.62,C,P1,Buyer Delta,Plastics,3927.6,1870,59,1811,7112883.6,8078852.07,0.8,Monthly,low_coverage,2000.39,2024.93,2449.84,2580.96,2502.57,2586.49,2032,406.08,0.0,0.0,0.0,0.0,1.02,0.2,0.0,0.0,0.0,0.0
EV-Program,06A-353-311-A,BRAKE CALIPER,4056,4056,BHATTLLC PRIVATE LIMITED,31,100,2,0,3.23,Green,403.44,51,31,0,0,21,Braking,23.94,B,P3,Buyer Alpha,Plastics,5047.6,82,21,61,307903.6,568718.05,1.97,Daily,healthy,32.48,28.21,34.72,35.92,29.38,32.69,100,125.51,167.62,146.54,128.52,142.59,3.08,4.45,4.83,4.08,4.37,4.36
India3.0,04C-229-951-B,CROSS MEMBER,4043,4043,"ISSAC,DUAANDPRAKASH PRIVATE LIMITED",263,1208,14,0,4.59,Green,3670.75,504,303,2,0,42,Chassis,2.35,A,N1,Buyer Gamma,Machining,1397.72,807,42,765,1069255.8,1690620.63,2.91,Weekly,healthy,274.58,287.54,293.05,250.66,278.05,226.0,1208,1026.38,829.6,667.17,586.44,522.06,4.4,3.57,2.83,2.66,2.11,2.31
India3.0,12B-231-533-B,CONTROL ARM,4077,4077,GALAGROUP PRIVATE LIMITED,251,187,127,0,0.75,Red,2913.09,82,45,2,8,61,Suspension,8.03,D,P3,Buyer Delta,Metals,1450.14,127,61,66,95709.24,243520.53,0.26,Daily,low_coverage,292.98,265.65,263.1,268.0,224.98,275.11,187,0.0,0.0,0.0,0.0,0.0,0.64,0.0,0.0,0.0,0.0,0.0
Commercial-Vehicle,15D-572-753-A,ENGINE MOUNT,4080,4080,"SUR,DUBEYANDGUPTA PRIVATE LIMITED",1857,4271,2,0,2.3,Green,22812.0,1898,787,1,2,84,Engine,11.71,B,P3,Buyer Gamma,Electronics,9711.47,2685,84,2601,25259533.47,36016127.29,1.4,Daily,healthy,1686.48,1808.42,1808.94,1714.86,1956.65,2011.44,4271,2894.58,1463.16,0.0,0.0,0.0,2.53,1.6,0.81,0.0,0.0,0.0
EV-Program,12B-381-158-B,TRANSMISSION COVER,4065,4065,SANKARLLC PRIVATE LIMITED,1061,1188,717,0,1.12,Amber,14564.44,678,466,2,3,75,Transmission,12.64,C,B1,Buyer Epsilon,Rubber,7554.26,1144,75,1069,8075503.94,8442754.0,1.01,Monthly,low_coverage,1103.39,1062.06,975.48,1183.17,1061.53,963.47,1188,370.11,0.0,0.0,0.0,0.0,1.08,0.35,0.0,0.0,0.0,0.0
India3.0,08K-557-276-C,BRAKE CALIPER,4022,4022,"KONDA,GADEANDSHERE PRIVATE LIMITED",0,244,0,0,,Gray,0.0,114,44,1,2,2,Braking,14.77,C,P2,Buyer Alpha,Metals,8405.67,158,2,156,1311284.52,2102976.57,,Daily,zero_demand,0.0,0.0,0.0,0.0,0.0,0.0,244,325.0,474.0,518.0,545.0,648.0,,,,,,
India3.0,08K-956-574-P,WIRING HARNESS,4032,4032,UPADHYAYGROUP PRIVATE LIMITED,889,188,13,688,0.21,Red,11043.1,112,49,7,1,50,Electrical,23.75,B,N1,Buyer Alpha,Plastics,3478.18,161,50,111,386077.98,582174.18,0.12,Weekly,demand_spike,879.64,1322.77,1074.14,1108.59,1150.69,1080.36,188,0.0,0.0,0.0,0.0,0.0,0.21,0.0,0.0,0.0,0.0,0.0
Commercial-Vehicle,04C-112-758-B,ENGINE MOUNT,4068,4068,NORI-CHOPRA PRIVATE LIMITED,2010,5268,143,0,2.62,Green,23317.88,3385,1936,3,3,7,Engine,17.84,D,P3,Buyer Beta,Rubber,7922.55,5321,7,5314,42100430.7,40370253.77,2.64,Monthly,healthy,1862.14,2369.36,1937.53,1899.41,2172.13,1853.13,5268,3630.87,2004.44,645.08,0.0,0.0,2.83,1.53,1.03,0.34,0.0,0.0
Commercial-Vehicle,15D-730-678-A,GEAR HOUSING<br>,4050,4050,DAVELTD PRIVATE LIMITED,1198,4936,117,0,4.12,Green,12836.22,2502,1328,3,3,84,Transmission,7.56,B,P1,Buyer Beta,Forging,1431.0,3830,84,3746,5360526.0,6894367.12,3.13,Monthly,healthy,1403.46,1378.33,1271.73,1361.62,1216.79,1232.81,4936,3894.43,2894.39,1590.62,441.92,0.0,3.52,2.83,2.28,1.17,0.36,0.0
India2.0,04C-103-709-B,DOOR PANEL,4057,4057,KARPEPLC PRIVATE LIMITED,1114,3605,56,0,3.24,Green,12337.19,2122,992,3,2,99,Body,12.57,C,B1,Buyer Gamma,Fasteners,970.12,3114,99,3015,2924911.8,3380530.56,2.71,Monthly,healthy,1046.53,1335.8,1248.18,1094.48,1165.01,1014.34,3605,2622.88,1628.37,706.27,0.0,0.0,3.44,1.96,1.3,0.65,0.0,0.0
Commercial-Vehicle,08K-524-969-C,DASHBOARD PANEL,4023,4023,MADAN-KANDA PRIVATE LIMITED,1160,4907,154,0,4.23,Green,11674.26,2419,831,0,1,74,Interior,17.02,D,B2,Buyer Beta,Machining,2844.09,3250,74,3176,9032829.84,14675915.96,2.74,Monthly,healthy,1006.26,1248.9,1105.2,1092.34,1146.85,1291.49,4907,3866.14,3044.35,2180.12,1350.41,198.53,4.88,3.1,2.75,2.0,1.18,0.15
Commercial-Vehicle,08K-535-706-A,GEAR HOUSING,4048,4048,BRARINC PRIVATE LIMITED,376,155,292,0,0.41,Red,3810.47,76,50,1,8,19,Transmission,0.77,D,B1,Buyer Delta,Rubber,6252.83,126,19,107,669052.81,991537.56,0.28,Daily,critical,334.08,360.14,405.12,322.29,373.81,364.01,155,0.0,0.0,0.0,0.0,0.0,0.46,0.0,0.0,0.0,0.0,0.0
Commercial-Vehicle,12B-124-859-B,WATER PUMP,4061,4061,"KHANNA,MALLICKANDSUNDER PRIVATE LIMITED",512,47,93,372,0.09,Red,5981.45,27,14,8,5,73,Cooling,8.13,A,B2,Buyer Gamma,Electronics,6594.0,41,73,0,0.0,335123.39,0.0,Daily,critical,516.22,512.42,556.38,504.59,509.52,559.99,47,0.0,0.0,0.0,0.0,0.0,0.09,0.0,0.0,0.0,0.0,0.0
India2.0,15D-257-528-B,GEAR HOUSING,4059,4059,"BHARGAVA,KARNIKANDBIR PRIVATE LIMITED",2317,9153,39,0,3.95,Green,28221.66,3285,2267,3,3,87,Transmission,19.34,B,N1,Buyer Alpha,Fasteners,5094.15,5552,87,5465,27839529.75,42245971.15,2.36,Monthly,healthy,2019.07,2588.21,2354.3,2440.9,2650.08,2631.51,9153,6840.92,4667.87,2499.31,603.69,0.0,4.53,2.64,1.98,1.02,0.23,0.0
India3.0,04C-476-364-A,ENGINE MOUNT,4069,4069,HANDAANDSONS PRIVATE LIMITED,1281,2690,150,0,2.1,Green,14305.88,1726,462,0,1,26,Engine,5.88,C,B1,Buyer Beta,Plastics,7344.52,2188,26,2162,15878852.24,21363473.55,1.69,Monthly,healthy,1518.21,1532.52,1139.49,1362.57,1534.46,1365.45,2690,1314.16,501.33,0.0,0.0,0.0,1.77,0.86,0.44,0.0,0.0,0.0
India2.0,04C-587-155-A,CONTROL MODULE,4010,4010,KALELLC PRIVATE LIMITED,2226,3044,1028,0,1.37,Amber,29917.73,1936,662,1,7,49,Electrical,15.81,A,N1,Buyer Alpha,Rubber,1375.29,2598,49,2549,3505614.21,3836979.72,1.15,Daily,low_coverage,1980.84,2303.23,1972.31,2579.64,2594.27,2148.09,3044,832.25,0.0,0.0,0.0,0.0,1.54,0.36,0.0,0.0,0.0,0.0
Commercial-Vehicle,15D-801-215-C,BRAKE CALIPER,4070,4070,"SEN,DEYANDSAMI PRIVATE LIMITED",288,837,33,0,2.91,Green,3070.78,456,286,3,1,70,Braking,4.37,D,N1,Buyer Delta,Electronics,5472.97,742,70,672,3677835.84,5038400.37,2.33,Daily,healthy,329.72,340.21,290.93,342.17,309.47,253.75,837,529.66,421.91,130.9,0.0,0.0,2.54,1.56,1.45,0.38,0.0,0.0
India3.0,12B-710-119-P,BRAKE CALIPER,4005,4005,KAULPLC PRIVATE LIMITED,88,59,58,0,0.67,Red,900.0,32,21,3,4,53,Braking,23.92,D,P3,Buyer Beta,Plastics,2911.69,53,53,0,0.0,160483.08,0.0,Daily,low_coverage,81.52,86.55,85.09,102.52,97.46,83.99,59,44.0,93.08,16.11,0.0,18.2,0.72,0.51,1.09,0.16,0.0,0.22
EV-Program,15D-659-250-P,BRAKE PAD,4035,4035,BHATT-RAJAN PRIVATE LIMITED,1679,2281,120,0,1.36,Amber,18468.5,798,865,7,8,83,Braking,21.87,D,N1,Buyer Beta,Casting,9882.1,1663,83,1580,15613718.0,21145624.42,0.94,Weekly,low_coverage,1647.77,1876.62,1633.96,1577.5,1906.17,1826.56,2281,559.96,0.0,0.0,0.0,0.0,1.38,0.3,0.0,0.0,0.0,0.0
Commercial-Vehicle,15D-697-517-A,RADIATOR PIPE,4053,4053,"IYER,MUNIANDRASTOGI PRIVATE LIMITED",829,1913,4,0,2.31,Green,9553.92,832,322,3,3,77,Cooling,22.32,D,N2,Buyer Epsilon,Electronics,11530.33,1154,77,1077,12418165.41,21216026.05,1.3,Monthly,healthy,794.72,985.45,743.79,758.62,752.75,707.86,1913,1007.19,504.96,0.0,0.0,0.0,2.41,1.02,0.68,0.0,0.0,0.0
India3.0,12B-110-130-P,SHOCK ABSORBER,4071,4071,MALLICKGROUP PRIVATE LIMITED,1333,5427,102,0,4.07,Green,16294.47,2633,1068,3,3,90,Suspension,7.31,A,B1,Buyer Delta,Machining,9027.89,3701,90,3611,32599710.79,55114213.07,2.71,Daily,healthy,1335.45,1248.32,1377.18,1550.71,1285.78,1588.43,5427,4338.86,3071.49,1617.24,507.03,0.0,4.06,3.48,2.23,1.04,0.39,0.0
India2.0,15D-287-339-B,SHOCK ABSORBER,4009,4009,"SAMI,OAKANDMALL PRIVATE LIMITED",0,116,0,0,,Gray,0.0,51,17,4,1,9,Suspension,0.87,D,N1,Buyer Delta,Metals,8904.65,68,9,59,525374.35,1038079.16,,Monthly,zero_demand,0.0,0.0,0.0,0.0,0.0,0.0,116,236.0,374.0,472.0,506.0,544.0,,,,,,
India2.0,06A-593-776-B,SEAT BRACKET,4072,4072,BORRAGROUP PRIVATE LIMITED,4827,3198,3773,0,0.66,Red,67052.46,1505,585,1,2,83,Interior,2.51,A,N1,Buyer Delta,Fasteners,1536.22,2090,83,2007,3083193.54,4182264.78,0.42,Daily,demand_spike,4903.51,5944.87,5925.39,6515.89,6385.77,5939.34,3198,0.0,0.0,0.0,0.0,0.0,0.65,0.0,0.0,0.0,0.0,0.0
Commercial-Vehicle,04C-554-867-C,WIRING HARNESS,4010,4010,KALELLC PRIVATE LIMITED,1452,1584,176,0,1.09,Amber,18919.96,884,567,3,3,5,Electrical,19.38,C,P1,Buyer Alpha,Fasteners,782.83,1451,5,1446,1131972.18,1330849.35,1.0,Weekly,low_coverage,1530.9,1534.44,1340.91,1606.08,1373.99,1543.66,1584,284.37,0.0,0.0,0.0,0.0,1.03,0.19,0.0,0.0,0.0,0.0
EV-Program,15D-501-785-B,CHASSIS BRACKET,4010,4010,KALELLC PRIVATE LIMITED,312,3640,44,0,11.67,Gray,3815.59,2033,1420,2,3,11,Chassis,15.1,A,N1,Buyer Alpha,Fasteners,9445.67,3453,11,3442,32511996.14,30941869.84,11.03,Weekly,excess,323.97,294.46,269.24,351.99,303.02,300.25,3640,3455.92,3341.2,3120.43,2860.96,2639.08,11.24,11.74,12.41,8.87,9.44,8.79
Passenger-Vehicle,12B-800-385-P,OIL FILTER HOUSING,4007,4007,SENPLC PRIVATE LIMITED,2427,10681,6,0,4.4,Green,31228.93,5467,4231,2,0,39,Engine,11.18,A,P2,Buyer Delta,Casting,2980.13,9698,39,9659,28785075.67,36552490.89,3.98,Daily,healthy,2274.16,2667.63,2746.14,2562.91,2714.63,2265.58,10681,8600.5,6577.33,4443.92,1916.82,146.08,4.7,3.22,2.4,1.73,0.71,0.06
India2.0,04C-713-816-P,SUSPENSION BRACKET,4044,4044,ZACHARIAPLC PRIVATE LIMITED,1585,4803,153,0,3.03,Green,17160.14,2174,1221,1,1,92,Suspension,20.99,C,B2,Buyer Beta,Metals,3418.52,3395,92,3303,11291371.56,14941859.12,2.08,Daily,healthy,1864.58,1607.11,1626.37,1770.02,1370.87,1615.18,4803,3496.74,2083.73,508.32,0.0,0.0,2.58,2.18,1.28,0.29,0.0,0.0
India2.0,15D-795-795-A,BONNET ASSEMBLY,4019,4019,PATLA-GABA PRIVATE LIMITED,1570,4197,70,0,2.67,Green,19176.26,1674,1048,4,6,25,Body,22.4,A,N1,Buyer Alpha,Forging,1239.11,2722,25,2697,3341879.67,4711387.77,1.72,Weekly,in_transit,1400.06,1556.1,1773.4,1415.13,1707.13,1534.17,4197,3031.06,1442.97,390.7,0.0,0.0,3.0,1.95,0.81,0.28,0.0,0.0
India2.0,08K-932-153-C,GEAR HOUSING,4080,4080,"SUR,DUBEYANDGUPTA PRIVATE LIMITED",1018,940,811,0,0.92,Red,12158.66,575,183,7,3,52,Transmission,1.13,D,P2,Buyer Delta,Plastics,6935.89,758,52,706,4896738.34,6180808.47,0.69,Weekly,low_coverage,1135.71,866.29,914.42,972.62,1154.96,942.29,940,243.02,0.0,0.0,0.0,0.0,0.83,0.28,0.0,0.0,0.0,0.0
Commercial-Vehicle,04C-150-738-C,INTAKE MANIFOLD,4017,4017,BUCH-KAUL PRIVATE LIMITED,379,3737,53,0,9.86,Gray,3802.15,1320,762,4,0,75,Engine,3.41,D,P3,Buyer Delta,Forging,7777.87,2082,75,2007,15610185.09,25087956.23,5.3,Monthly,excess,337.84,429.0,341.14,367.11,422.56,352.83,3737,3396.8,3196.41,2974.88,2690.91,2463.4,11.06,7.92,9.37,8.1,6.37,6.98
India3.0,04C-605-731-C,CHASSIS BRACKET,4033,4033,BATTAINC PRIVATE LIMITED,2438,4031,146,0,1.65,Amber,31666.37,2530,831,4,5,145,Chassis,7.94,D,N1,Buyer Alpha,Rubber,11423.76,3361,145,3216,36738812.16,40392904.73,1.32,Weekly,in_transit,2547.96,2175.36,2369.13,2314.12,2722.59,2206.18,4031,2200.44,270.06,0.0,0.0,0.0,1.58,1.01,0.11,0.0,0.0,0.0
Passenger-Vehicle,04C-482-232-A,CLUTCH PLATE,4054,4054,"PRAKASH,SARMAANDVARUGHESE PRIVATE LIMITED",1288,2069,2,0,1.61,Amber,14406.71,734,412,1,7,216,Transmission,7.63,B,P2,Buyer Epsilon,Casting,6519.46,1146,216,930,6063097.8,14701848.96,0.72,Weekly,in_transit,1123.15,1107.05,1401.75,1401.07,1285.56,1285.6,2069,1185.08,167.99,0.0,0.0,0.0,1.84,1.07,0.12,0.0,0.0,0.0
Passenger-Vehicle,12B-370-742-C,FUEL RAIL,4073,4073,"CHAUDHARI,BEDIANDZACHARIAH PRIVATE LIMITED",1557,6324,93,0,4.06,Green,16901.51,3320,1453,2,3,88,Fuel System,13.72,A,P3,Buyer Delta,Plastics,11624.8,4773,88,4685,54462188.0,72638235.38,3.01,Daily,healthy,1635.53,1736.78,1613.1,1785.36,1557.61,1625.2,6324,4763.57,3454.43,1988.81,700.38,0.0,3.87,2.74,2.14,1.11,0.45,0.0
Commercial-Vehicle,12B-485-732-A,BODY BRACKET,4062,4062,ZACHARIAANDSONS PRIVATE LIMITED,383,902,0,0,2.36,Green,5064.35,360,271,0,3,289,Body,4.22,D,P2,Buyer Epsilon,Electronics,6523.05,631,289,342,2230883.1,5764620.76,0.89,Daily,in_transit,357.98,435.12,354.06,401.36,360.28,449.09,902,622.58,349.61,36.24,0.0,0.0,2.52,1.43,0.99,0.09,0.0,0.0
India2.0,12B-431-546-P,BRAKE CALIPER,4044,4044,ZACHARIAPLC PRIVATE LIMITED,211,2,147,62,0.01,Red,2189.27,1,0,1,7,8,Braking,13.82,B,P1,Buyer Alpha,Plastics,1674.46,1,8,0,0.0,3648.69,0.0,Monthly,critical,217.48,195.04,224.0,238.41,243.01,230.31,2,0.0,0.0,0.0,0.0,0.0,0.01,0.0,0.0,0.0,0.0,0.0
India3.0,15D-615-915-B,RADIATOR PIPE,4037,4037,APTE-CONTRACTOR PRIVATE LIMITED,0,94,1,0,,Gray,0.0,45,25,1,3,16,Cooling,15.79,A,B1,Buyer Alpha,Fasteners,8094.28,70,16,54,437091.12,693241.15,,Monthly,zero_demand,0.0,0.0,0.0,0.0,0.0,0.0,94,195.0,317.0,317.0,377.0,457.0,,,,,,
EV-Program,08K-709-597-A,DASHBOARD PANEL,4007,4007,SENPLC PRIVATE LIMITED,2051,7924,222,0,3.86,Green,24392.48,3790,2021,2,1,64,Interior,13.12,B,N2,Buyer Epsilon,Fasteners,3272.17,5811,64,5747,18805160.99,24927182.09,2.8,Monthly,healthy,2408.08,2051.81,1919.3,2218.82,2377.24,2266.61,7924,6313.12,4809.39,3050.34,899.66,0.0,3.29,3.08,2.51,1.37,0.38,0.0
EV-Program,15D-395-675-B,SHOCK ABSORBER,4070,4070,"SEN,DEYANDSAMI PRIVATE LIMITED",2470,361,1036,1073,0.15,Red,28921.22,220,108,6,1,40,Suspension,6.36,A,B1,Buyer Alpha,Electronics,9483.54,328,40,288,2731259.52,3732125.64,0.12,Monthly,critical,2278.92,2769.55,2209.77,2871.66,2235.18,2795.93,361,0.0,0.0,0.0,0.0,0.0,0.16,0.0,0.0,0.0,0.0,0.0
India2.0,12B-634-150-C,FUEL FILTER,4056,4056,BHATTLLC PRIVATE LIMITED,689,5331,75,0,7.74,Green,9569.3,2141,1985,2,2,63,Fuel System,2.02,B,B1,Buyer Gamma,Casting,1684.15,4126,63,4063,6842701.45,9347140.32,5.9,Weekly,excess,667.88,765.67,789.96,619.74,694.23,599.59,5331,4639.5,4028.1,3465.75,2956.49,2482.28,7.98,6.06,5.1,5.59,4.26,4.14
Commercial-Vehicle,06A-107-201-C,SEAT BRACKET,4060,4060,NARAYANANINC PRIVATE LIMITED,2375,35036,138,0,14.75,Gray,27468.44,19480,10716,2,3,65,Interior,8.97,C,B1,Buyer Delta,Machining,7209.52,30196,65,30131,217230047.12,257697819.8,12.69,Weekly,excess,2681.07,2582.56,2730.56,2146.9,2060.89,2750.3,35036,32943.2,30422.52,28630.35,26950.92,24699.35,13.07,12.76,11.14,13.34,13.08,8.98
EV-Program,08K-366-170-C,CROSS MEMBER,4064,4064,GUPTA-CHANDRA PRIVATE LIMITED,2161,384,1553,224,0.18,Red,24708.65,248,74,8,2,45,Chassis,0.22,B,P2,Buyer Epsilon,Machining,11366.38,322,45,277,3148487.26,4325748.53,0.13,Monthly,critical,2044.54,2129.11,2432.02,2484.16,2107.18,2029.99,384,0.0,0.0,0.0,0.0,0.0,0.19,0.0,0.0,0.0,0.0,0.0
India2.0,06A-375-784-P,WATER PUMP,4003,4003,"CHAUDRY,CHAHALANDSAMI PRIVATE LIMITED",975,1327,481,0,1.36,Amber,13132.33,845,334,2,1,57,Cooling,19.28,A,B2,Buyer Epsilon,Fasteners,10044.51,1179,57,1122,11269940.22,11511974.16,1.15,Monthly,low_coverage,1041.08,920.13,1048.17,1100.83,1013.22,839.12,1327,557.12,0.0,0.0,0.0,0.0,1.27,0.61,0.0,0.0,0.0,0.0
Passenger-Vehicle,15D-146-243-C,FUEL PIPE,4074,4074,CHANDERANDSONS PRIVATE LIMITED,572,1531,19,0,2.68,Green,6990.39,714,333,0,6,108,Fuel System,4.3,C,P3,Buyer Beta,Plastics,10094.77,1047,108,939,9478989.03,13197950.04,1.64,Daily,in_transit,549.82,527.17,636.71,681.13,585.95,600.92,1531,1132.32,706.45,275.19,0.0,0.0,2.78,2.15,1.11,0.4,0.0,0.0
Passenger-Vehicle,08K-208-684-C,GEAR HOUSING,4046,4046,CHOUDHURYLLC PRIVATE LIMITED,4238,2979,1148,111,0.7,Red,52729.61,1797,561,1,1,59,Transmission,6.19,B,P2,Buyer Delta,Plastics,11700.49,2358,59,2299,26899426.51,32004813.06,0.54,Monthly,demand_spike,4438.17,5477.86,7120.67,5754.33,5797.23,6271.93,2979,0.0,0.0,0.0,0.0,0.0,0.67,0.0,0.0,0.0,0.0,0.0
EV-Program,15D-419-524-P,CROSS MEMBER,4071,4071,MALLICKGROUP PRIVATE LIMITED,1166,3462,123,0,2.97,Green,13024.39,2093,903,4,0,26,Chassis,23.2,B,P2,Buyer Delta,Electronics,2022.33,2996,26,2970,6006320.1,7420951.86,2.55,Daily,healthy,1147.79,1232.02,1142.72,1367.91,1182.39,1308.99,3462,2357.56,1355.06,79.15,0.0,0.0,3.02,1.91,1.19,0.06,0.0,0.0
Passenger-Vehicle,15D-179-938-P,FUEL RAIL,4016,4016,"BOASE,BATHANDKARI PRIVATE LIMITED",2078,1149,310,619,0.55,Red,28127.01,414,405,4,1,60,Fuel System,18.75,D,N2,Buyer Alpha,Casting,11352.24,819,60,759,8616350.16,14072522.41,0.37,Monthly,low_coverage,2077.88,2401.18,1806.76,2355.35,2001.19,2072.29,1149,0.0,0.0,0.0,0.0,0.0,0.55,0.0,0.0,0.0,0.0,0.0
Passenger-Vehicle,15D-202-258-C,TRANSMISSION COVER,4042,4042,,257,282,94,0,1.1,Amber,3094.21,168,57,7,7,21,Transmission,19.63,A,N2,Buyer Beta,Plastics,6711.6,225,21,204,1369166.4,1758428.5,0.79,Monthly,low_coverage,264.48,265.68,280.09,239.84,234.68,275.3,282,29.54,0.0,0.0,0.0,0.0,1.07,0.11,0.0,0.0,0.0,0.0
EV-Program,08K-807-556-P,FUEL RAIL,4001,4001,"CHOUDHURY,BAKSHIANDMAHARAJ PRIVATE LIMITED",4464,3333,150,981,0.75,Red,60229.65,1385,1149,1,1,58,Fuel System,11.11,A,B2,Buyer Beta,Rubber,8594.61,2534,58,2476,21280254.36,29414801.38,0.55,Daily,demand_spike,4019.35,6491.87,7400.8,6590.36,6190.14,7723.51,3333,0.0,0.0,0.0,0.0,0.0,0.83,0.0,0.0,0.0,0.0,0.0
India3.0,06A-763-912-B,CHASSIS BRACKET,4043,4043,"ISSAC,DUAANDPRAKASH PRIVATE LIMITED",194,812,14,0,4.19,Green,2464.67,441,228,0,1,45,Chassis,5.04,D,P1,Buyer Gamma,Machining,8188.89,669,45,624,5109867.36,6884501.99,3.22,Monthly,healthy,210.77,199.98,182.79,201.39,186.04,229.47,812,697.47,676.16,538.85,507.97,324.5,3.85,3.49,3.7,2.68,2.73,1.41
Commercial-Vehicle,06A-876-610-A,SHOCK ABSORBER,4010,4010,KALELLC PRIVATE LIMITED,2407,33469,230,0,13.9,Gray,30019.24,14044,13166,4,1,6,Suspension,8.94,D,P3,Buyer Delta,Electronics,7680.89,27210,6,27204,208950931.56,280539518.2,11.3,Monthly,excess,2574.64,2477.6,2529.94,2736.26,2849.46,2409.89,33469,31568.65,29544.6,27311.87,24610.62,22319.31,13.0,12.74,11.68,9.98,8.64,9.26
EV-Program,08K-913-493-C,SENSOR ASSEMBLY,4057,4057,KARPEPLC PRIVATE LIMITED,2105,7280,106,0,3.46,Green,27033.84,3271,1762,1,0,72,Electrical,6.44,B,B1,Buyer Alpha,Casting,4746.29,5033,72,4961,23546344.69,36680288.65,2.36,Monthly,healthy,2013.44,2394.6,1855.9,1840.07,2185.29,1806.91,7280,5424.37,3730.96,2256.3,397.78,0.0,3.62,2.27,2.01,1.23,0.18,0.0
Passenger-Vehicle,06A-810-598-C,CONTROL ARM,4046,4046,CHOUDHURYLLC PRIVATE LIMITED,357,427,137,0,1.2,Amber,4627.75,206,99,2,2,54,Suspension,0.74,B,N2,Buyer Beta,Machining,11062.07,305,54,251,2776579.57,5358774.43,0.7,Weekly,low_coverage,415.6,386.47,312.42,414.81,408.13,390.8,427,239.07,12.61,0.0,0.0,0.0,1.03,0.62,0.04,0.0,0.0,0.0
India3.0,06A-375-728-P,DOOR PANEL,4026,4026,BHATTI-KAKAR PRIVATE LIMITED,137,1345,20,0,9.82,Gray,1560.64,756,264,0,3,73,Body,22.5,B,B1,Buyer Delta,Machining,9750.42,1020,73,947,9233647.74,13341836.14,6.91,Monthly,excess,125.49,138.49,163.92,116.52,160.34,122.9,1345,1316.37,1195.47,1179.03,1055.64,969.38,10.72,9.51,7.29,10.12,6.58,7.89
Passenger-Vehicle,15D-901-868-B,BONNET ASSEMBLY,4054,4054,"PRAKASH,SARMAANDVARUGHESE PRIVATE LIMITED",86,100,9,0,1.16,Amber,972.62,38,22,5,7,35,Body,22.62,D,N2,Buyer Gamma,Casting,1161.7,60,35,25,29042.5,120239.95,0.29,Monthly,low_coverage,79.46,83.65,100.43,77.32,76.41,95.72,100,128.69,120.46,59.83,120.19,56.32,1.26,1.54,1.2,0.77,1.57,0.59
India3.0,15D-648-334-P,CONTROL MODULE,4024,4024,"NAIR,BHALLAANDKARNIK PRIVATE LIMITED",1816,2711,538,0,1.49,Amber,24057.59,970,1035,5,1,77,Electrical,11.77,B,P2,Buyer Alpha,Forging,4532.52,2005,77,1928,8738698.56,14015600.22,1.06,Weekly,low_coverage,2127.87,1545.18,1761.79,2072.26,2039.04,2099.75,2711,1568.01,0.0,0.0,0.0,0.0,1.27,1.01,0.0,0.0,0.0,0.0
EV-Program,15D-152-161-P,CONSOLE COVER,4049,4049,"SUNDER,BISWASANDWALIA PRIVATE LIMITED",362,3743,37,0,10.34,Gray,4821.06,1438,1213,1,0,45,Interior,17.45,D,P2,Buyer Alpha,Forging,4510.54,2651,45,2606,11754467.24,17330485.59,7.2,Daily,excess,374.34,412.09,418.54,381.59,370.49,372.8,3743,3445.92,3134.17,2932.75,2638.55,2489.13,10.0,8.36,7.49,7.69,7.12,6.68
EV-Program,08K-283-823-A,SHOCK ABSORBER,4011,4011,CHANDAGROUP PRIVATE LIMITED,285,859,34,0,3.01,Green,3320.31,506,145,0,3,1,Suspension,10.17,A,P2,Buyer Beta,Plastics,3032.04,651,1,650,1970826.0,2570226.74,2.28,Daily,healthy,246.77,305.18,255.11,282.8,256.49,307.74,859,682.69,455.82,204.98,133.18,0.0,3.48,2.24,1.79,0.72,0.52,0.0
EV-Program,04C-132-427-A,BRAKE BRACKET,4056,4056,BHATTLLC PRIVATE LIMITED,1392,2179,83,0,1.57,Amber,19017.57,1246,379,1,5,87,Braking,3.35,B,P1,Buyer Gamma,Machining,10923.05,1625,87,1538,16799650.9,25859626.59,1.1,Daily,in_transit,1196.5,1201.06,1338.99,1192.5,1389.97,1251.72,2179,1248.61,83.26,0.0,0.0,0.0,1.82,1.04,0.06,0.0,0.0,0.0
Passenger-Vehicle,12B-538-912-P,INTAKE MANIFOLD,4013,4013,"LALLA,BASSIANDSHARAF PRIVATE LIMITED",0,58,0,0,,Gray,0.0,30,11,2,1,26,Engine,6.67,D,N1,Buyer Beta,Forging,10210.02,41,26,15,153150.3,617362.3,,Daily,zero_demand,0.0,0.0,0.0,0.0,0.0,0.0,58,112.0,177.0,249.0,296.0,372.0,,,,,,
India2.0,15D-526-526-B,INTAKE MANIFOLD,4075,4075,RAYGROUP PRIVATE LIMITED,0,232,1,0,,Gray,0.0,93,62,1,2,35,Engine,6.74,C,P2,Buyer Beta,Machining,5269.69,155,35,120,632362.8,1124293.17,,Monthly,zero_demand,0.0,0.0,0.0,0.0,0.0,0.0,232,330.0,415.0,539.0,579.0,709.0,,,,,,
Commercial-Vehicle,12B-301-862-A,CROSS MEMBER,4021,4021,"LOKE,BORAANDGARG PRIVATE LIMITED",1828,8813,201,0,4.82,Green,21455.62,3978,2558,2,1,85,Chassis,6.86,C,N1,Buyer Epsilon,Casting,9338.36,6536,85,6451,60241760.36,87205847.81,3.53,Monthly,healthy,2001.47,2041.26,1906.61,1652.39,1869.77,1619.86,8813,6979.62,5451.04,4227.08,2623.84,1256.66,4.4,3.42,2.86,2.56,1.4,0.78
India3.0,04C-197-380-C,COOLING FAN,4032,4032,UPADHYAYGROUP PRIVATE LIMITED,127,11,68,48,0.09,Red,1344.73,5,3,8,4,75,Cooling,23.98,A,N2,Buyer Beta,Machining,4978.99,8,75,0,0.0,59023.07,0.0,Monthly,critical,142.95,112.23,111.65,137.1,109.25,129.02,11,30.69,66.96,0.0,0.0,10.99,0.08,0.27,0.6,0.0,0.0,0.09
India2.0,06A-504-940-B,CONSOLE COVER,4074,4074,CHANDERANDSONS PRIVATE LIMITED,559,2754,50,0,4.93,Green,7342.47,1610,717,4,2,98,Interior,21.18,A,B1,Buyer Alpha,Electronics,11751.38,2327,98,2229,26193826.02,29294711.41,3.99,Monthly,healthy,600.84,621.63,551.18,622.02,592.12,643.52,2754,2175.69,1753.5,1303.09,939.9,438.56,4.58,3.5,3.18,2.09,1.59,0.68
Commercial-Vehicle,12B-953-593-A,WATER PUMP,4050,4050,DAVELTD PRIVATE LIMITED,2343,462,1376,505,0.2,Red,23669.69,192,82,4,6,27,Cooling,6.91,A,P3,Buyer Alpha,Forging,5543.57,274,27,247,1369261.79,2257542.74,0.11,Daily,critical,2311.07,2635.51,2320.68,2484.92,2615.95,2181.49,462,0.0,0.0,0.0,0.0,0.0,0.2,0.0,0.0,0.0,0.0,0.0
Passenger-Vehicle,15D-140-352-B,INTAKE MANIFOLD,4010,4010,KALELLC PRIVATE LIMITED,2041,3330,128,0,1.63,Amber,27828.71,1175,735,0,7,54,Engine,3.14,B,P3,Buyer Epsilon,Casting,7221.93,1910,54,1856,13403902.08,25163358.81,0.91,Weekly,in_transit,2156.54,2286.08,2203.58,1842.38,2344.34,2389.18,3330,1667.26,0.0,0.0,0.0,0.0,1.54,0.73,0.0,0.0,0.0,0.0
EV-Program,04C-222-235-C,BRAKE BRACKET,4034,4034,DUTTALTD PRIVATE LIMITED,475,312,31,132,0.66,Red,6071.18,128,89,2,0,62,Braking,7.55,B,N1,Buyer Alpha,Rubber,2545.98,217,62,155,394626.9,689196.79,0.33,Weekly,demand_spike,457.6,844.93,529.8,810.2,617.15,782.32,312,0.0,0.0,0.0,0.0,0.0,0.68,0.0,0.0,0.0,0.0,0.0
India3.0,12B-168-516-B,FUEL RAIL,4066,4066,ROY-SIBAL PRIVATE LIMITED,1578,4734,154,0,3,Green,16232.87,1710,1464,4,0,100,Fuel System,8.49,C,P2,Buyer Delta,Forging,3562.99,3174,100,3074,10952631.26,15863590.47,1.95,Daily,healthy,1877.38,1550.59,1434.82,1533.69,1733.43,1461.59,4734,3340.74,2064.55,597.03,0.0,0.0,2.52,2.15,1.44,0.39,0.0,0.0
Commercial-Vehicle,04C-566-259-C,ENGINE MOUNT,4018,4018,RAILLC PRIVATE LIMITED,1179,478,724,0,0.41,Red,13990.22,228,143,5,6,66,Engine,3.42,C,N1,Buyer Gamma,Plastics,5859.24,371,66,305,1787068.2,2806332.36,0.26,Weekly,critical,1407.36,1407.03,1245.96,1180.7,1088.07,1124.39,478,0.0,0.0,0.0,0.0,0.0,0.34,0.0,0.0,0.0,0.0,0.0
Commercial-Vehicle,12B-272-296-P,RADIATOR PIPE,4002,4002,KAPOORANDSONS PRIVATE LIMITED,195,264,70,0,1.35,Amber,2036.76,132,102,4,7,0,Cooling,8.84,B,P2,Buyer Beta,Electronics,1032.72,234,0,234,241656.48,266174.87,1.2,Monthly,low_coverage,178.04,213.55,225.6,193.68,233.2,198.91,264,106.08,41.69,0.0,0.0,0.0,1.48,0.5,0.18,0.0,0.0,0.0
India3.0,08K-898-553-A,WIRING HARNESS,4024,4024,"NAIR,BHALLAANDKARNIK PRIVATE LIMITED",654,2208,60,0,3.38,Green,7394.76,1009,665,1,1,67,Electrical,19.18,B,B2,Buyer Alpha,Machining,3435.55,1674,67,1607,5520928.85,7803014.24,2.46,Weekly,healthy,563.21,564.83,659.45,641.29,770.15,744.98,2208,1746.29,1177.39,600.09,0.0,0.0,3.92,3.09,1.79,0.94,0.0,0.0
Passenger-Vehicle,04C-279-187-A,GEAR HOUSING,4047,4047,KHATRI-BHARDWAJ PRIVATE LIMITED,0,237,0,0,,Gray,0.0,84,53,4,0,2,Transmission,9.7,C,N1,Buyer Epsilon,Plastics,11767.31,137,2,135,1588586.85,2890974.4,,Monthly,zero_demand,0.0,0.0,0.0,0.0,0.0,0.0,237,322.0,452.0,519.0,635.0,667.0,,,,,,
Passenger-Vehicle,04C-806-405-B,DOOR PANEL,4060,4060,NARAYANANINC PRIVATE LIMITED,492,295,113,84,0.6,Red,6541.45,175,73,8,4,32,Body,13.04,D,P1,Buyer Delta,Metals,8024.91,248,32,216,1733380.56,2421117.29,0.44,Monthly,low_coverage,473.12,473.85,553.25,538.37,450.33,561.83,295,24.8,0.0,0.0,0.0,0.0,0.62,0.05,0.0,0.0,0.0,0.0
India3.0,08K-921-997-P,OIL FILTER HOUSING,4050,4050,DAVELTD PRIVATE LIMITED,1902,5864,139,0,3.08,Green,21844.51,2612,1530,0,3,10,Engine,7.12,B,P2,Buyer Beta,Forging,2917.49,4142,10,4132,12055068.68,15020452.88,2.17,Daily,healthy,1764.93,1662.71,1655.7,1957.56,2026.75,1813.59,5864,4513.65,3128.81,1667.48,166.98,0.0,3.32,2.71,1.89,0.85,0.08,0.0
India3.0,15D-913-446-B,BODY BRACKET,4039,4039,MEMONGROUP PRIVATE LIMITED,150,191,90,0,1.27,Amber,1575.61,86,73,2,6,92,Body,4.61,B,B2,Buyer Alpha,Casting,3315.92,159,92,67,222166.64,614021.35,0.45,Monthly,low_coverage,133.17,144.05,176.23,157.06,142.07,140.06,191,221.81,199.71,108.04,3.38,0.0,1.43,1.54,1.13,0.69,0.02,0.0
Commercial-Vehicle,06A-229-939-B,BRAKE CALIPER,4018,4018,RAILLC PRIVATE LIMITED,947,493,143,311,0.52,Red,11762.12,238,86,7,2,23,Braking,24.28,A,B2,Buyer Beta,Electronics,591.24,324,23,301,177963.24,273598.14,0.32,Monthly,low_coverage,856.98,848.38,958.75,1104.97,1000.62,1005.19,493,0.0,0.0,0.0,0.0,0.0,0.58,0.0,0.0,0.0,0.0,0.0
EV-Program,15D-416-102-C,OIL FILTER HOUSING,4039,4039,MEMONGROUP PRIVATE LIMITED,1487,1052,92,343,0.71,Red,17356.19,571,213,1,4,13,Engine,24.94,B,P2,Buyer Alpha,Forging,130.78,784,13,771,100831.38,142491.99,0.52,Weekly,low_coverage,1518.66,1578.15,1359.61,1487.89,1702.01,1628.27,1052,0.0,0.0,0.0,0.0,0.0,0.69,0.0,0.0,0.0,0.0,0.0
Commercial-Vehicle,04C-228-127-A,BONNET ASSEMBLY,4018,4018,RAILLC PRIVATE LIMITED,359,4257,29,0,11.86,Gray,4258.42,1853,1039,4,0,98,Body,2.25,C,N1,Buyer Epsilon,Plastics,11549.98,2892,98,2794,32270644.12,48299345.78,7.78,Weekly,excess,341.33,306.76,423.89,420.75,358.92,347.87,4257,4045.17,3715.87,3456.82,3258.88,3088.01,12.47,13.19,8.77,8.22,9.08,8.88
India2.0,08K-966-255-B,GEAR HOUSING,4080,4080,"SUR,DUBEYANDGUPTA PRIVATE LIMITED",560,2163,50,0,3.86,Green,6671.75,772,664,4,3,87,Transmission,0.64,A,B1,Buyer Beta,Fasteners,2981.04,1436,87,1349,4021422.96,6405091.11,2.41,Weekly,healthy,559.81,502.55,500.13,490.04,617.21,557.16,2163,1885.16,1504.58,1252.14,783.38,259.53,3.86,3.75,3.01,2.56,1.27,0.47
India3.0,15D-242-142-P,DOOR PANEL,4073,4073,,2332,17108,124,0,7.34,Green,29877.95,7320,4039,0,1,26,Body,19.5,A,B2,Buyer Delta,Casting,10898.05,11359,26,11333,123507600.65,195320743.23,4.86,Daily,excess,2392.1,2482.21,2598.4,2066.5,2636.34,2447.54,17108,15289.65,13059.07,11219.68,9001.9,6713.33,7.15,6.16,5.03,5.43,3.41,2.74
EV-Program,08K-950-223-P,COOLING FAN,4051,4051,GANDHI-LANKA PRIVATE LIMITED,1785,7631,112,0,4.28,Green,24072.54,3787,3039,2,1,8,Cooling,10.23,B,P3,Buyer Alpha,Machining,5363.59,6826,8,6818,36568956.62,38669294.4,3.82,Monthly,healthy,1733.06,2085.51,1937.48,1900.59,1847.7,1783.31,7631,5904.91,4397.7,2573.84,1101.88,0.0,4.4,2.83,2.27,1.35,0.6,0.0
EV-Program,12B-572-663-P,CONTROL MODULE,4073,4073,"CHAUDHARI,BEDIANDZACHARIAH PRIVATE LIMITED",1589,4239,28,0,2.67,Green,16798.87,2438,1563,0,1,53,Electrical,22.78,D,B1,Buyer Epsilon,Fasteners,6424.63,4001,53,3948,25364439.24,28957608.18,2.48,Daily,healthy,1450.38,1762.03,1675.61,1832.54,1411.96,1851.76,4239,2720.17,1441.18,180.35,0.0,0.0,2.92,1.54,0.86,0.1,0.0,0.0
India2.0,12B-301-516-A,FRAME SUPPORT,4015,4015,"MEMON,PATHAKANDHANDA PRIVATE LIMITED",1213,2040,6,0,1.68,Amber,13117.92,771,536,4,3,272,Chassis,3.6,D,P2,Buyer Alpha,Metals,8389.45,1307,272,1035,8683080.75,18041916.51,0.85,Daily,in_transit,1433.03,1092.19,1304.93,1424.38,1165.49,1238.33,2040,1267.5,15.45,0.0,0.0,0.0,1.42,1.16,0.01,0.0,0.0,0.0
EV-Program,15D-392-545-A,WIRING HARNESS,4020,4020,PANT-KADAKIA PRIVATE LIMITED,220,884,33,0,4.02,Green,2457.12,526,303,2,3,16,Electrical,14.1,C,N1,Buyer Gamma,Plastics,10700.44,829,16,813,8699457.72,10508244.76,3.7,Daily,healthy,202.67,203.36,216.34,199.81,233.6,240.69,884,835.31,751.84,691.16,507.83,389.38,4.36,4.11,3.48,3.46,2.17,1.62
EV-Program,12B-494-621-B,DOOR PANEL,4019,4019,PATLA-GABA PRIVATE LIMITED,1533,2801,144,0,1.83,Amber,21036.0,1045,1049,2,0,6,Body,17.21,C,P2,Buyer Epsilon,Metals,9172.63,2094,6,2088,19152451.44,24087576.66,1.36,Weekly,healthy,1361.92,1785.75,1593.27,1696.74,1456.42,1454.27,2801,1157.31,76.92,0.0,0.0,0.0,2.06,0.65,0.05,0.0,0.0,0.0
Commercial-Vehicle,04C-209-474-C,BRAKE PAD,4028,4028,SHANKER-DHAR PRIVATE LIMITED,1896,1983,102,0,1.05,Amber,20454.69,1001,454,1,7,13,Braking,24.53,D,P1,Buyer Alpha,Fasteners,3863.84,1455,13,1442,5571657.28,7160514.64,0.76,Weekly,low_coverage,1684.59,1910.75,2250.03,2201.26,1880.22,2040.18,1983,447.66,0.0,0.0,0.0,0.0,1.18,0.23,0.0,0.0,0.0,0.0
India3.0,04C-579-895-C,FUEL RAIL,4046,4046,CHOUDHURYLLC PRIVATE LIMITED,2155,1892,327,0,0.88,Red,25117.16,1153,441,8,6,5,Fuel System,14.03,A,B1,Buyer Gamma,Forging,2455.5,1594,5,1589,3901789.5,5313465.15,0.74,Weekly,low_coverage,1988.17,2100.67,2094.06,2243.14,2576.49,1954.76,1892,183.37,0.0,0.0,0.0,0.0,0.95,0.09,0.0,0.0,0.0,0.0
Commercial-Vehicle,06A-107-648-C,RADIATOR PIPE,4071,4071,MALLICKGROUP PRIVATE LIMITED,872,1231,207,0,1.41,Amber,8742.53,763,326,6,3,26,Cooling,22.16,A,B1,Buyer Delta,Rubber,91.43,1089,26,1063,97190.09,111840.92,1.22,Monthly,low_coverage,858.47,988.75,762.45,791.44,854.31,1036.72,1231,515.57,0.0,0.0,0.0,0.0,1.43,0.52,0.0,0.0,0.0,0.0
EV-Program,12B-969-941-C,CONTROL MODULE,4062,4062,ZACHARIAANDSONS PRIVATE LIMITED,1941,24693,59,0,12.72,Gray,20348.44,11005,7983,4,1,37,Electrical,2.44,D,P1,Buyer Epsilon,Fasteners,5492.33,18988,37,18951,104085145.83,134838133.1,9.76,Daily,excess,1992.21,1650.6,1950.52,1682.49,1745.51,1981.96,24693,23208.41,21723.07,20472.66,19108.71,17195.02,12.39,14.06,11.14,12.17,10.95,8.68
EV-Program,06A-738-820-P,COOLING FAN,4047,4047,KHATRI-BHARDWAJ PRIVATE LIMITED,1799,394,932,473,0.22,Red,20916.75,199,82,1,7,77,Cooling,0.63,C,N1,Buyer Beta,Machining,4224.41,281,77,204,861779.64,1558346.91,0.11,Daily,critical,1696.65,1978.34,2124.15,1958.67,1922.14,1609.23,394,0.0,0.0,0.0,0.0,0.0,0.23,0.0,0.0,0.0,0.0,0.0
EV-Program,12B-191-714-A,GEAR HOUSING,4043,4043,"ISSAC,DUAANDPRAKASH PRIVATE LIMITED",2423,2557,76,0,1.06,Amber,31452.69,1199,913,2,2,5,Transmission,7.16,D,N1,Buyer Epsilon,Metals,1406.9,2112,5,2107,2964338.3,3221214.1,0.87,Weekly,low_coverage,2067.11,2173.66,2668.25,2831.05,2838.5,2304.66,2557,883.29,0.0,0.0,0.0,0.0,1.24,0.41,0.0,0.0,0.0,0.0
India3.0,04C-659-500-P,RADIATOR PIPE,4032,4032,UPADHYAYGROUP PRIVATE LIMITED,0,198,1,0,,Gray,0.0,121,34,1,0,19,Cooling,7.67,D,B2,Buyer Alpha,Casting,11092.56,155,19,136,1508588.16,2522425.12,,Daily,zero_demand,0.0,0.0,0.0,0.0,0.0,0.0,198,235.0,335.0,377.0,409.0,417.0,,,,,,
India2.0,15D-554-633-P,SUSPENSION BRACKET,4004,4004,BALANINC PRIVATE LIMITED,1404,995,1014,0,0.71,Red,18967.54,566,367,7,4,83,Suspension,0.19,C,B2,Buyer Epsilon,Plastics,3386.45,933,83,850,2878482.5,3567720.2,0.61,Daily,low_coverage,1290.77,1634.97,1380.81,1592.33,1221.34,1452.04,995,0.0,0.0,0.0,0.0,0.0,0.77,0.0,0.0,0.0,0.0,0.0
EV-Program,12B-814-362-C,BRAKE CALIPER,4030,4030,"YOHANNAN,LALLANDSANGHA PRIVATE LIMITED",1161,3951,153,0,3.4,Green,15120.86,2119,819,4,0,87,Braking,21.81,B,P1,Buyer Alpha,Plastics,811.05,2938,87,2851,2312303.55,3611548.89,2.46,Weekly,healthy,1273.85,1156.36,1146.91,1194.84,1387.12,1198.12,3951,3164.14,2156.91,1053.59,0.0,0.0,3.1,2.74,1.88,0.88,0.0,0.0
Passenger-Vehicle,15D-929-321-C,BRAKE CALIPER,4028,4028,SHANKER-DHAR PRIVATE LIMITED,1021,254,207,560,0.25,Red,12679.43,131,100,5,2,17,Braking,10.87,C,P1,Buyer Alpha,Machining,140.07,231,17,214,29974.98,38214.05,0.21,Monthly,critical,917.85,951.03,1099.28,1012.77,1114.45,1038.92,254,0.0,0.0,0.0,0.0,0.0,0.28,0.0,0.0,0.0,0.0,0.0
EV-Program,04C-662-958-A,SENSOR ASSEMBLY,4059,4059,"BHARGAVA,KARNIKANDBIR PRIVATE LIMITED",1285,699,890,0,0.54,Red,15131.41,338,174,1,1,72,Electrical,9.3,A,P3,Buyer Alpha,Metals,7121.81,512,72,440,3133596.4,5649600.93,0.34,Monthly,demand_spike,1537.28,1838.29,1756.93,1553.03,1770.1,2045.03,699,0.0,0.0,0.0,0.0,0.0,0.45,0.0,0.0,0.0,0.0,0.0
Passenger-Vehicle,12B-674-955-C,SEAT BRACKET,4016,4016,"BOASE,BATHANDKARI PRIVATE LIMITED",467,6083,42,0,13.03,Gray,5571.96,3868,1123,4,0,24,Interior,16.02,A,B1,Buyer Beta,Plastics,10707.62,4991,24,4967,53184748.54,74069586.29,10.64,Daily,excess,538.0,454.31,469.1,482.86,523.44,439.76,6083,5867.73,5517.88,5242.98,4896.83,4547.67,11.31,12.92,11.76,10.86,9.36,10.34
India2.0,06A-931-367-A,CONTROL ARM,4026,4026,BHATTI-KAKAR PRIVATE LIMITED,436,882,1,0,2.02,Green,4471.28,439,169,4,0,50,Suspension,16.32,D,P2,Buyer Gamma,Fasteners,8783.79,608,50,558,4901354.82,8338194.16,1.28,Weekly,healthy,374.1,462.27,395.33,462.88,372.99,372.68,882,564.05,287.45,0.0,0.0,0.0,2.36,1.22,0.73,0.0,0.0,0.0
India3.0,08K-618-303-B,BONNET ASSEMBLY,4061,4061,"KHANNA,MALLICKANDSUNDER PRIVATE LIMITED",3055,1279,2026,0,0.42,Red,41354.06,564,494,2,2,82,Body,18.56,B,B1,Buyer Gamma,Machining,11929.94,1058,82,976,11643621.44,17368771.37,0.32,Monthly,demand_spike,2989.68,4706.74,4358.41,3778.43,4185.67,4424.06,1279,0.0,0.0,0.0,0.0,0.0,0.43,0.0,0.0,0.0,0.0,0.0
Passenger-Vehicle,08K-987-648-P,CONTROL MODULE,4054,4054,"PRAKASH,SARMAANDVARUGHESE PRIVATE LIMITED",904,2595,76,0,2.87,Green,10911.59,1578,915,1,1,79,Electrical,0.69,C,P3,Buyer Alpha,Casting,5232.75,2493,79,2414,12631858.5,13468028.01,2.67,Monthly,in_transit,934.36,929.1,818.73,1012.49,976.24,845.56,2595,1818.73,1127.78,268.99,0.0,0.0,2.78,1.96,1.38,0.27,0.0,0.0
Commercial-Vehicle,06A-443-672-B,INTAKE MANIFOLD,4077,4077,GALAGROUP PRIVATE LIMITED,1122,2331,2,0,2.08,Green,11449.5,1457,791,1,1,35,Engine,8.92,B,B1,Buyer Alpha,Forging,4834.68,2248,35,2213,10699146.84,12143556.45,1.97,Weekly,healthy,1176.42,1129.17,1309.87,1059.59,1215.61,1048.61,2331,1350.92,171.96,0.0,0.0,0.0,1.98,1.2,0.13,0.0,0.0,0.0
EV-Program,06A-664-544-C,INTAKE MANIFOLD,4024,4024,"NAIR,BHALLAANDKARNIK PRIVATE LIMITED",0,175,0,0,,Gray,0.0,101,56,1,2,59,Engine,20.17,C,P1,Buyer Alpha,Casting,3767.36,157,59,98,369201.28,695788.75,,Weekly,zero_demand,0.0,0.0,0.0,0.0,0.0,0.0,175,259.0,284.0,374.0,416.0,533.0,,,,,,
India2.0,08K-950-587-B,BODY BRACKET,4068,4068,NORI-CHOPRA PRIVATE LIMITED,1453,3919,20,0,2.7,Green,16038.47,2058,905,3,0,5,Body,18.01,B,B2,Buyer Delta,Forging,4208.8,2963,5,2958,12449630.4,14408052.5,2.04,Daily,healthy,1573.52,1410.0,1585.26,1304.07,1446.47,1362.28,3919,2791.49,1431.7,419.85,0.0,0.0,2.49,1.98,0.9,0.32,0.0,0.0
Commercial-Vehicle,06A-792-923-P,WIRING HARNESS,4055,4055,DARA-KOTA PRIVATE LIMITED,1074,3532,113,0,3.29,Green,12425.13,1685,736,0,0,75,Electrical,23.81,B,P3,Buyer Beta,Plastics,6327.6,2421,75,2346,14844549.6,23043071.49,2.18,Weekly,healthy,1075.1,1230.19,1269.94,1266.63,1180.64,966.59,3532,2411.51,1446.69,406.31,0.0,0.0,3.29,1.96,1.14,0.32,0.0,0.0
India2.0,15D-971-824-A,BRAKE BRACKET,4045,4045,NAIKGROUP PRIVATE LIMITED,390,1472,3,0,3.77,Green,4126.59,646,237,4,7,125,Braking,7.55,D,N2,Buyer Gamma,Rubber,7904.55,883,125,758,5991648.9,12262145.55,1.94,Daily,in_transit,406.98,363.93,395.84,383.18,346.54,433.67,1472,1209.64,949.85,660.76,378.16,33.74,3.62,3.32,2.4,1.72,1.09,0.08
India2.0,15D-663-352-C,OIL FILTER HOUSING,4021,4021,"LOKE,BORAANDGARG PRIVATE LIMITED",2417,164,219,2034,0.07,Red,27270.46,104,62,7,2,18,Engine,22.51,C,N1,Buyer Beta,Fasteners,5826.36,166,18,148,862301.28,985609.59,0.06,Weekly,critical,2384.22,2341.85,2235.17,2766.62,2683.53,2247.82,164,0.0,0.0,0.0,0.0,0.0,0.07,0.0,0.0,0.0,0.0,0.0
EV-Program,08K-156-274-B,FUEL FILTER,4015,4015,"MEMON,PATHAKANDHANDA PRIVATE LIMITED",1490,15830,115,0,10.62,Gray,17804.45,7184,4728,3,2,82,Fuel System,10.05,D,P1,Buyer Beta,Plastics,1677.43,11912,82,11830,19843996.9,27499696.43,7.94,Weekly,excess,1646.67,1368.97,1293.16,1269.57,1653.66,1524.31,15830,14797.24,13610.87,12508.36,11195.83,9873.03,9.61,10.81,10.53,9.85,6.77,6.48
India2.0,04C-340-648-A,ENGINE MOUNT,4078,4078,RAMAKRISHNANLLC PRIVATE LIMITED,862,10485,117,0,12.16,Gray,10962.64,5357,3469,2,0,80,Engine,19.92,B,P1,Buyer Epsilon,Rubber,3306.78,8826,80,8746,28921097.88,31968178.09,10.15,Monthly,excess,860.61,746.17,933.34,747.32,806.22,763.04,10485,9899.6,9113.43,8437.75,7791.48,7197.97,12.18,13.27,9.76,11.29,9.66,9.43
Passenger-Vehicle,08K-992-913-P,TRANSMISSION COVER,4050,4050,DAVELTD PRIVATE LIMITED,1703,869,486,348,0.51,Red,20691.25,562,290,2,8,83,Transmission,16.82,C,P1,Buyer Beta,Rubber,2698.27,852,83,769,2074969.63,2415304.19,0.45,Weekly,low_coverage,1725.22,1868.62,1734.93,1658.31,1912.79,1719.8,869,0.0,0.0,0.0,0.0,0.0,0.5,0.0,0.0,0.0,0.0,0.0
India3.0,15D-462-510-P,INTAKE MANIFOLD,4068,4068,NORI-CHOPRA PRIVATE LIMITED,471,1669,10,0,3.54,Green,5882.25,1052,425,2,2,46,Engine,18.58,D,B2,Buyer Delta,Rubber,10590.54,1477,46,1431,15155062.74,17530375.77,3.04,Daily,healthy,502.04,464.56,475.11,472.75,513.78,468.81,1669,1354.24,998.69,586.34,242.21,0.0,3.32,2.92,2.1,1.24,0.47,0.0
EV-Program,06A-741-787-P,CROSS MEMBER,4047,4047,KHATRI-BHARDWAJ PRIVATE LIMITED,1899,2064,1074,0,1.09,Amber,22619.58,1174,421,5,3,5,Chassis,4.72,B,P1,Buyer Epsilon,Machining,1217.41,1595,5,1590,1935681.9,2629785.01,0.84,Monthly,low_coverage,2090.96,2057.62,1811.63,1731.07,1614.71,1661.75,2064,103.23,0.0,0.0,0.0,0.0,0.99,0.05,0.0,0.0,0.0,0.0
India2.0,12B-860-802-A,WATER PUMP,4027,4027,"MURTY,KALAANDTATA PRIVATE LIMITED",2653,1042,1590,21,0.39,Red,29853.61,654,212,7,3,75,Cooling,2.45,D,P2,Buyer Beta,Electronics,3172.71,866,75,791,2509613.61,3356749.85,0.3,Weekly,demand_spike,2978.77,3179.22,3290.57,3436.52,3515.96,3202.6,1042,0.0,0.0,0.0,0.0,0.0,0.35,0.0,0.0,0.0,0.0,0.0
Passenger-Vehicle,12B-909-443-C,FUEL RAIL,4016,4016,"BOASE,BATHANDKARI PRIVATE LIMITED",103,65,57,0,0.63,Red,1316.97,39,17,7,1,83,Fuel System,12.97,A,N2,Buyer Epsilon,Metals,1086.56,56,83,0,0.0,74379.74,0.0,Daily,low_coverage,106.51,117.71,117.57,108.52,98.93,91.39,65,25.4,0.0,0.0,0.0,0.0,0.61,0.22,0.0,0.0,0.0,0.0
Passenger-Vehicle,04C-501-643-A,WATER PUMP,4010,4010,KALELLC PRIVATE LIMITED,1303,1149,193,0,0.88,Red,18206.32,607,454,4,3,12,Cooling,1.28,B,B1,Buyer Alpha,Fasteners,4900.33,1061,12,1049,5140446.17,5405017.93,0.81,Daily,low_coverage,1268.26,1447.24,1298.43,1206.93,1139.94,1347.23,1149,0.0,0.0,0.0,0.0,0.0,0.91,0.0,0.0,0.0,0.0,0.0
Passenger-Vehicle,15D-661-876-P,RADIATOR PIPE,4064,4064,GUPTA-CHANDRA PRIVATE LIMITED,723,1645,88,0,2.28,Green,7792.41,807,600,0,0,30,Cooling,12.1,C,B1,Buyer Beta,Electronics,1414.43,1407,30,1377,1947670.11,2207670.93,1.9,Daily,healthy,760.91,626.04,675.96,804.27,741.97,843.26,1645,1081.6,551.97,0.0,0.0,0.0,2.16,1.73,0.82,0.0,0.0,0.0
India3.0,04C-421-498-A,CHASSIS BRACKET,4044,4044,ZACHARIAPLC PRIVATE LIMITED,1135,4086,47,0,3.6,Green,12814.93,2450,1499,0,2,80,Chassis,15.12,A,B2,Buyer Delta,Machining,874.09,3949,80,3869,3381854.21,3998005.09,3.41,Monthly,healthy,1324.1,1244.1,1125.96,1121.73,1106.97,1252.09,4086,3144.26,2427.28,1491.73,687.47,0.0,3.09,2.53,2.16,1.33,0.62,0.0
India3.0,12B-563-129-C,FRAME SUPPORT,4080,4080,"SUR,DUBEYANDGUPTA PRIVATE LIMITED",2424,9249,185,0,3.82,Green,32791.19,3613,2029,4,3,68,Chassis,3.49,D,B1,Buyer Beta,Forging,5166.64,5642,68,5574,28798851.36,51074613.56,2.3,Daily,healthy,2537.54,2573.98,2451.43,2339.2,2415.49,2804.74,9249,7232.36,5051.98,2767.53,666.01,0.0,3.64,2.81,2.06,1.18,0.28,0.0
India2.0,15D-415-549-C,CONTROL MODULE,4040,4040,SETTYINC PRIVATE LIMITED,723,2944,34,0,4.07,Green,7502.01,1746,486,4,1,67,Electrical,17.57,A,P1,Buyer Epsilon,Machining,7770.22,2232,67,2165,16822526.3,24067635.63,2.99,Monthly,healthy,676.71,724.34,638.37,687.98,835.37,654.37,2944,2347.87,1861.23,1457.32,781.25,338.75,4.35,3.24,2.92,2.12,0.94,0.52
EV-Program,15D-373-285-A,GEAR HOUSING,4044,4044,ZACHARIAPLC PRIVATE LIMITED,1142,4921,72,0,4.31,Green,11890.73,2639,1500,3,1,44,Transmission,15.89,B,P2,Buyer Delta,Machining,136.45,4139,44,4095,558762.75,583834.22,3.59,Monthly,healthy,1047.65,1095.03,1305.96,1173.98,1314.47,981.56,4921,4001.54,2712.81,1688.29,501.12,0.0,4.7,3.65,2.08,1.44,0.38,0.0
India3.0,06A-925-407-A,RADIATOR PIPE,4056,4056,BHATTLLC PRIVATE LIMITED,1754,2464,343,0,1.4,Amber,21538.05,931,523,4,7,29,Cooling,6.51,D,P3,Buyer Alpha,Machining,7215.38,1454,29,1425,10281916.5,19564198.34,0.81,Weekly,low_coverage,1874.66,1954.08,2003.98,1568.75,1671.42,1805.45,2464,705.01,0.0,0.0,0.0,0.0,1.31,0.36,0.0,0.0,0.0,0.0
Passenger-Vehicle,12B-926-719-C,CONTROL ARM,4033,4033,BATTAINC PRIVATE LIMITED,2099,27864,147,0,13.27,Gray,22465.41,12959,8500,1,1,93,Suspension,8.24,C,N2,Buyer Alpha,Fasteners,5238.51,21459,93,21366,111926004.66,129919121.98,10.18,Weekly,excess,2026.42,1981.76,2208.5,2249.63,2231.39,2403.85,27864,26214.22,24509.04,22390.43,20348.46,18088.36,13.75,13.23,11.1,9.95,9.12,7.52
Commercial-Vehicle,15D-152-187-B,FRAME SUPPORT,4006,4006,"BALA,ISSACANDSAINI PRIVATE LIMITED",530,1765,0,0,3.33,Green,5379.79,762,507,4,2,75,Chassis,11.06,A,P1,Buyer Alpha,Rubber,9638.71,1269,75,1194,11508619.74,19306638.85,2.25,Monthly,healthy,489.88,503.33,574.22,530.21,498.4,535.38,1765,1397.68,1003.89,676.15,327.31,0.0,3.6,2.78,1.75,1.28,0.66,0.0
EV-Program,04C-761-443-C,SEAT BRACKET,4058,4058,AMBLEINC PRIVATE LIMITED,1626,4479,110,0,2.75,Green,20994.23,1670,1486,0,2,83,Interior,21.44,B,N1,Buyer Gamma,Forging,5786.0,3156,83,3073,17780378.0,25312006.34,1.89,Daily,healthy,1393.48,1661.75,1886.79,1543.77,1729.65,1709.61,4479,3255.16,1569.86,425.95,0.0,0.0,3.21,1.96,0.83,0.28,0.0,0.0
EV-Program,15D-459-326-P,SENSOR ASSEMBLY,4034,4034,DUTTALTD PRIVATE LIMITED,5114,3901,2199,0,0.76,Red,63164.6,1717,617,6,0,57,Electrical,21.01,A,B2,Buyer Alpha,Electronics,5238.22,2334,57,2277,11927426.94,18166414.66,0.45,Weekly,demand_spike,4446.59,8194.8,6276.29,7928.79,6745.96,9067.25,3901,0.0,0.0,0.0,0.0,0.0,0.88,0.0,0.0,0.0,0.0,0.0
Passenger-Vehicle,12B-865-856-A,BRAKE CALIPER,4074,4074,CHANDERANDSONS PRIVATE LIMITED,1385,5987,166,0,4.32,Green,15004.52,2360,2197,2,2,82,Braking,2.71,A,B1,Buyer Beta,Rubber,1045.35,4557,82,4475,4677941.25,6649253.74,3.23,Daily,healthy,1400.07,1545.17,1364.99,1635.51,1300.25,1482.09,5987,4864.28,3711.94,2234.73,1092.5,15.28,4.28,3.15,2.72,1.37,0.84,0.01
Passenger-Vehicle,08K-800-393-A,CROSS MEMBER,4057,4057,KARPEPLC PRIVATE LIMITED,383,12,229,142,0.03,Red,5182.44,5,2,2,5,57,Chassis,21.0,C,P2,Buyer Epsilon,Casting,5742.26,7,57,0,0.0,68112.29,0.0,Daily,critical,382.92,444.88,385.13,393.84,448.18,361.07,12,0.0,0.0,0.0,0.0,0.0,0.03,0.0,0.0,0.0,0.0,0.0
Passenger-Vehicle,08K-856-134-C,FUEL RAIL,4059,4059,"BHARGAVA,KARNIKANDBIR PRIVATE LIMITED",132,1723,15,0,13.05,Gray,1525.55,748,372,3,3,71,Fuel System,10.02,B,P2,Buyer Gamma,Forging,11549.14,1120,71,1049,12115047.86,17811532.45,7.95,Weekly,excess,156.47,133.79,128.4,126.85,142.31,114.89,1723,1732.96,1646.09,1589.01,1624.88,1548.78,11.01,12.95,12.82,12.53,11.42,13.48
Passenger-Vehicle,15D-853-508-B,DOOR PANEL,4068,4068,NORI-CHOPRA PRIVATE LIMITED,0,216,1,0,,Gray,0.0,136,55,1,1,25,Body,2.26,A,B1,Buyer Gamma,Rubber,7870.14,191,25,166,1306443.24,1461221.98,,Monthly,zero_demand,0.0,0.0,0.0,0.0,0.0,0.0,216,225.0,371.0,433.0,525.0,653.0,,,,,,
EV-Program,06A-818-338-A,FUEL PIPE,4036,4036,SIDHU-WADHWA PRIVATE LIMITED,333,856,28,0,2.57,Green,3896.17,430,271,0,3,65,Fuel System,18.28,B,N1,Buyer Delta,Forging,3771.03,701,65,636,2398375.08,3015596.72,1.91,Daily,healthy,336.84,329.66,346.87,369.34,330.15,326.75,856,653.11,384.19,135.44,0.0,0.0,2.54,1.98,1.11,0.37,0.0,0.0
Passenger-Vehicle,08K-388-205-P,FRAME SUPPORT,4036,4036,SIDHU-WADHWA PRIVATE LIMITED,1011,3010,39,0,2.98,Green,10381.29,1248,517,0,2,182,Chassis,21.86,B,B1,Buyer Beta,Fasteners,7492.78,1765,182,1583,11861070.74,21799197.79,1.57,Monthly,in_transit,870.76,1018.96,1068.4,1118.8,951.76,1152.2,3010,2324.72,1615.3,678.25,0.0,0.0,3.46,2.28,1.51,0.61,0.0,0.0
India2.0,12B-663-716-B,BODY BRACKET,4046,4046,CHOUDHURYLLC PRIVATE LIMITED,0,208,1,0,,Gray,0.0,78,35,3,2,61,Body,21.93,A,B2,Buyer Epsilon,Forging,10992.69,113,61,52,571619.88,2083135.42,,Monthly,zero_demand,0.0,0.0,0.0,0.0,0.0,0.0,208,339.0,446.0,466.0,600.0,642.0,,,,,,
EV-Program,06A-205-805-B,TRANSMISSION COVER,4022,4022,"KONDA,GADEANDSHERE PRIVATE LIMITED",0,169,1,0,,Gray,0.0,76,51,0,3,48,Transmission,11.64,B,B2,Buyer Alpha,Metals,11751.31,127,48,79,928353.49,1816249.59,,Daily,zero_demand,0.0,0.0,0.0,0.0,0.0,0.0,169,315.0,325.0,461.0,559.0,603.0,,,,,,
EV-Program,15D-662-410-B,CLUTCH PLATE,4066,4066,ROY-SIBAL PRIVATE LIMITED,1954,4949,44,0,2.53,Green,21851.37,2102,1153,3,1,11,Transmission,11.47,D,P2,Buyer Gamma,Casting,10859.05,3255,11,3244,35226758.2,56016528.31,1.66,Weekly,healthy,1908.77,2312.16,1790.71,1667.92,2120.29,2082.62,4949,3038.49,1408.52,0.0,0.0,0.0,2.59,1.31,0.79,0.0,0.0,0.0
India3.0,04C-514-648-A,CLUTCH PLATE,4072,4072,BORRAGROUP PRIVATE LIMITED,772,5314,52,0,6.88,Green,10618.89,2103,1351,4,2,34,Transmission,20.62,B,P2,Buyer Alpha,Fasteners,7187.73,3454,34,3420,24582036.6,40308989.25,4.43,Weekly,excess,908.82,873.36,904.17,842.64,898.08,828.17,5314,4679.98,3929.72,3293.09,2554.11,1963.85,5.85,5.36,4.35,3.91,2.84,2.37
Passenger-Vehicle,12B-852-231-B,RADIATOR PIPE,4022,4022,"KONDA,GADEANDSHERE PRIVATE LIMITED",1580,195,299,1086,0.12,Red,15992.61,97,68,4,5,80,Cooling,13.96,A,P2,Buyer Epsilon,Casting,10034.47,165,80,85,852929.95,2079065.53,0.05,Daily,critical,1755.4,1657.49,1615.23,1689.9,1430.32,1847.82,195,0.0,0.0,0.0,0.0,0.0,0.11,0.0,0.0,0.0,0.0,0.0
India2.0,15D-846-698-B,SEAT BRACKET,4043,4043,"ISSAC,DUAANDPRAKASH PRIVATE LIMITED",203,1012,28,0,4.99,Green,2781.51,631,391,0,1,90,Interior,9.86,C,P2,Buyer Alpha,Metals,4000.94,1022,90,932,3728876.08,3926794.81,4.59,Weekly,healthy,229.82,211.8,191.18,232.74,204.6,175.51,1012,889.96,817.57,658.44,550.83,458.77,4.4,4.2,4.28,2.83,2.69,2.61
Commercial-Vehicle,15D-383-781-C,CHASSIS BRACKET<br>,4046,4046,CHOUDHURYLLC PRIVATE LIMITED,571,1973,67,0,3.46,Green,6871.78,896,639,4,3,56,Chassis,18.87,A,P2,Buyer Epsilon,Plastics,2677.87,1535,56,1479,3960569.73,5935396.69,2.59,Daily,healthy,607.93,500.15,568.63,653.89,683.66,596.47,1973,1562.2,1152.53,680.35,79.98,0.0,3.25,3.12,2.03,1.04,0.12,0.0
Commercial-Vehicle,04C-927-669-B,FRAME SUPPORT,4016,4016,"BOASE,BATHANDKARI PRIVATE LIMITED",1070,11437,82,0,10.69,Gray,13823.77,5059,3399,4,2,21,Chassis,19.0,D,B2,Buyer Epsilon,Machining,10287.78,8458,21,8437,86797999.86,126608976.67,7.89,Weekly,excess,1006.73,1183.29,1024.71,1129.9,1087.1,1033.6,11437,10325.42,9585.06,8592.29,7747.14,7014.82,11.36,8.73,9.35,7.6,7.13,6.79
EV-Program,08K-920-664-A,COOLING FAN,4020,4020,PANT-KADAKIA PRIVATE LIMITED,703,1030,547,0,1.47,Amber,8895.9,582,386,3,3,67,Cooling,24.34,C,N2,Buyer Gamma,Fasteners,4436.02,968,67,901,3996854.02,4925677.63,1.28,Weekly,low_coverage,624.81,657.95,818.57,729.23,716.87,721.16,1030,613.05,2.89,0.0,0.0,0.0,1.65,0.93,0.0,0.0,0.0,0.0
Commercial-Vehicle,08K-442-329-B,SENSOR ASSEMBLY,4011,4011,CHANDAGROUP PRIVATE LIMITED,841,2667,114,0,3.17,Green,9569.28,1672,866,2,1,76,Electrical,10.22,C,P1,Buyer Gamma,Machining,1010.68,2538,76,2462,2488294.16,2686220.3,2.93,Weekly,healthy,873.05,796.22,922.59,828.4,840.99,961.82,2667,1893.36,1268.27,503.21,0.0,0.0,3.05,2.38,1.37,0.61,0.0,0.0
Commercial-Vehicle,12B-520-666-P,TRANSMISSION COVER,4079,4079,MANGAL-SAMPATH PRIVATE LIMITED,2188,5101,4,0,2.33,Green,29875.08,2322,1408,0,1,72,Transmission,15.75,C,N1,Buyer Alpha,Metals,7202.27,3730,72,3658,26345903.66,33252476.33,1.67,Monthly,healthy,2499.3,2006.58,2300.6,1991.94,2261.33,2093.61,5101,3660.18,1598.61,0.0,0.0,0.0,2.04,1.82,0.69,0.0,0.0,0.0
India3.0,12B-239-149-B,BRAKE BRACKET,4005,4005,KAULPLC PRIVATE LIMITED,855,2180,1,0,2.55,Green,8796.2,1252,531,2,3,28,Braking,5.23,C,N2,Buyer Epsilon,Metals,2390.56,1783,28,1755,4195432.8,5807311.77,2.05,Daily,healthy,846.19,872.18,804.92,830.01,738.99,982.85,2180,1406.4,722.83,78.77,0.0,0.0,2.58,1.61,0.9,0.09,0.0,0.0
Commercial-Vehicle,12B-756-624-B,CONTROL ARM,4020,4020,PANT-KADAKIA PRIVATE LIMITED,1449,157,1026,266,0.11,Red,16602.24,96,60,1,2,21,Suspension,18.73,A,N1,Buyer Epsilon,Plastics,4928.87,156,21,135,665397.45,882908.16,0.09,Weekly,critical,1598.14,1560.79,1356.36,1461.89,1302.02,1324.15,157,0.0,0.0,0.0,0.0,0.0,0.1,0.0,0.0,0.0,0.0,0.0
EV-Program,12B-898-426-P,CROSS MEMBER,4011,4011,CHANDAGROUP PRIVATE LIMITED,2324,1033,132,1159,0.44,Red,27479.76,409,329,6,2,47,Chassis,0.57,C,P3,Buyer Epsilon,Forging,8375.73,738,47,691,5787629.43,8074175.81,0.3,Monthly,critical,2053.47,2610.46,2324.71,2120.06,2396.21,2362.47,1033,0.0,0.0,0.0,0.0,0.0,0.5,0.0,0.0,0.0,0.0,0.0
Commercial-Vehicle,12B-979-334-B,BONNET ASSEMBLY,4040,4040,SETTYINC PRIVATE LIMITED,1789,6798,52,0,3.8,Green,20296.46,4318,2253,3,1,72,Body,24.03,B,B1,Buyer Alpha,Forging,6463.04,6571,72,6499,42003296.96,48286286.71,3.63,Monthly,healthy,1686.98,2082.68,1707.53,1746.03,2143.11,1597.71,6798,5043.49,3767.8,2286.82,351.74,0.0,4.03,2.42,2.21,1.31,0.16,0.0
EV-Program,12B-864-712-B,BRAKE PAD,4062,4062,ZACHARIAANDSONS PRIVATE LIMITED,1463,4592,128,0,3.14,Green,16600.76,2079,1432,2,1,13,Braking,9.12,A,B1,Buyer Delta,Machining,11313.31,3511,13,3498,39573958.38,55554471.15,2.39,Daily,healthy,1493.33,1516.97,1482.98,1321.2,1431.33,1252.59,4592,3217.23,1955.29,817.1,0.0,0.0,3.08,2.12,1.32,0.62,0.0,0.0
Passenger-Vehicle,06A-611-390-B,SENSOR ASSEMBLY,4068,4068,NORI-CHOPRA PRIVATE LIMITED,1095,7728,49,0,7.06,Green,12748.19,3734,1739,1,2,27,Electrical,19.19,A,P1,Buyer Delta,Plastics,7551.72,5473,27,5446,41126667.12,57747160.83,4.97,Daily,excess,1027.18,1312.89,1028.28,1206.83,1304.11,1204.25,7728,6621.41,5723.51,4637.02,3707.35,2641.98,7.52,5.04,5.57,3.84,2.84,2.19
Passenger-Vehicle,12B-555-511-A,CONTROL ARM,4050,4050,DAVELTD PRIVATE LIMITED,338,1235,1,0,3.65,Green,4271.04,594,196,0,0,97,Suspension,24.96,D,N1,Buyer Beta,Casting,5543.0,790,97,693,3841299.0,6605771.17,2.05,Monthly,healthy,355.06,355.28,370.2,324.28,394.23,355.71,1235,1035.12,875.99,678.66,460.6,264.4,3.48,2.91,2.37,2.09,1.17,0.74
Commercial-Vehicle,12B-887-939-P,FRAME SUPPORT,4068,4068,NORI-CHOPRA PRIVATE LIMITED,206,219,32,0,1.06,Amber,2169.46,140,45,4,2,34,Chassis,6.77,A,P2,Buyer Alpha,Plastics,5889.04,185,34,151,889245.04,1229885.79,0.73,Weekly,low_coverage,182.78,175.63,218.62,186.99,206.26,197.71,219,87.33,0.0,0.0,0.0,0.0,1.2,0.5,0.0,0.0,0.0,0.0
India3.0,06A-177-370-A,BODY BRACKET,4047,4047,KHATRI-BHARDWAJ PRIVATE LIMITED,1809,19983,78,0,11.05,Gray,20910.82,12834,4709,0,1,65,Body,21.68,D,P1,Buyer Alpha,Fasteners,10128.03,17543,65,17478,177017708.34,229624858.33,9.66,Monthly,excess,1961.47,1999.51,1985.63,2098.85,1784.79,1593.66,19983,18145.58,16295.27,14400.79,12669.23,11455.68,10.19,9.08,8.21,6.86,7.1,7.19
India3.0,04C-311-665-P,BRAKE BRACKET,4073,4073,"CHAUDHARI,BEDIANDZACHARIAH PRIVATE LIMITED",621,8253,39,0,13.29,Gray,7189.48,4446,1800,2,2,57,Braking,14.87,D,B2,Buyer Delta,Forging,10121.11,6246,57,6189,62639549.79,93921768.24,9.97,Daily,excess,680.01,677.05,728.8,701.14,546.4,568.62,8253,7764.55,7222.02,6662.65,6315.66,5837.82,12.14,11.47,9.91,9.5,11.56,10.27
Commercial-Vehicle,04C-656-342-C,BRAKE PAD,4036,4036,SIDHU-WADHWA PRIVATE LIMITED,348,1338,10,0,3.84,Green,3518.84,547,308,0,4,134,Braking,3.7,C,P1,Buyer Delta,Machining,3151.64,855,134,721,2272332.44,4817520.36,2.07,Monthly,in_transit,405.35,349.75,297.19,402.8,352.89,297.09,1338,1127.32,1027.31,759.44,598.17,467.03,3.3,3.22,3.46,1.89,1.7,1.57
Passenger-Vehicle,04C-496-903-B,FUEL FILTER,4009,4009,"SAMI,OAKANDMALL PRIVATE LIMITED",779,10,288,481,0.01,Red,9490.09,5,1,7,1,71,Fuel System,0.93,D,B1,Buyer Alpha,Rubber,11503.2,6,71,0,0.0,111233.56,0.0,Weekly,critical,818.73,903.73,892.53,732.14,691.92,672.24,10,0.0,0.0,0.0,0.0,0.0,0.01,0.0,0.0,0.0,0.0,0.0
India2.0,12B-685-852-P,SENSOR ASSEMBLY,4044,4044,ZACHARIAPLC PRIVATE LIMITED,488,1750,6,0,3.59,Green,5120.84,711,697,0,2,192,Electrical,17.73,D,P3,Buyer Gamma,Plastics,8473.8,1408,192,1216,10304140.8,13237395.76,2.49,Daily,in_transit,481.63,493.77,572.32,523.7,548.19,483.38,1750,1443.05,1067.23,657.35,242.48,0.0,3.63,2.92,1.86,1.26,0.44,0.0
India2.0,15D-438-476-C,SUSPENSION BRACKET,4030,4030,"YOHANNAN,LALLANDSANGHA PRIVATE LIMITED",1527,6330,211,0,4.15,Green,17090.44,2223,1522,4,0,81,Suspension,14.5,B,P3,Buyer Epsilon,Fasteners,6561.03,3745,81,3664,24039613.92,38283318.43,2.4,Daily,healthy,1727.35,1554.5,1499.64,1363.22,1460.56,1378.41,6330,5096.74,3978.4,2677.41,1272.68,99.73,3.66,3.28,2.65,1.96,0.87,0.07
Commercial-Vehicle,04C-109-497-B,FUEL PIPE,4064,4064,GUPTA-CHANDRA PRIVATE LIMITED,2010,4367,176,0,2.17,Green,23402.88,1625,931,3,2,7,Fuel System,7.82,D,B1,Buyer Beta,Metals,8403.14,2556,7,2549,21419603.86,41461839.96,1.27,Monthly,healthy,1977.23,2386.09,2243.7,1855.41,1890.61,2245.95,4367,2485.29,530.46,0.0,0.0,0.0,2.21,1.04,0.24,0.0,0.0,0.0
India3.0,12B-152-565-B,FUEL FILTER,4031,4031,"RASTOGI,PATHAKANDKANDA PRIVATE LIMITED",944,3332,107,0,3.53,Green,12266.02,2061,719,3,3,42,Fuel System,17.98,C,B2,Buyer Delta,Machining,2157.48,2780,42,2738,5907180.24,7982964.66,2.9,Daily,healthy,840.83,981.76,996.23,1042.06,981.28,808.85,3332,2386.54,1576.8,767.67,0.0,0.0,3.96,2.43,1.58,0.74,0.0,0.0
Commercial-Vehicle,12B-840-704-A,TRANSMISSION COVER,4014,4014,"DASH,RADHAKRISHNANANDBRAR PRIVATE LIMITED",2379,6122,230,0,2.57,Green,27235.34,2989,1701,2,2,53,Transmission,17.97,D,P1,Buyer Beta,Electronics,5692.97,4690,53,4637,26398301.89,37887119.86,1.95,Weekly,healthy,2148.46,2502.27,2245.6,2653.48,2236.82,2736.79,6122,4146.1,1912.69,0.0,0.0,0.0,2.85,1.66,0.85,0.0,0.0,0.0
Commercial-Vehicle,15D-768-271-B,BRAKE CALIPER,4061,4061,"KHANNA,MALLICKANDSUNDER PRIVATE LIMITED",1833,8461,224,0,4.62,Green,22700.92,4406,3158,3,1,5,Braking,4.18,B,B1,Buyer Beta,Plastics,10602.5,7564,5,7559,80144297.5,87185203.62,4.12,Daily,healthy,1799.43,1936.09,1602.8,2165.18,1637.09,1668.65,8461,6696.31,5193.53,3249.65,1902.14,383.04,4.7,3.46,3.24,1.5,1.16,0.23
EV-Program,15D-947-669-B,BODY BRACKET,4079,4079,MANGAL-SAMPATH PRIVATE LIMITED,961,868,23,70,0.9,Red,12637.14,488,277,1,5,48,Body,13.34,C,P2,Buyer Alpha,Metals,3056.68,765,48,717,2191639.56,2257054.08,0.75,Monthly,low_coverage,1022.69,881.0,925.53,847.24,979.1,1081.04,868,210.86,0.0,0.0,0.0,0.0,0.85,0.24,0.0,0.0,0.0,0.0
Commercial-Vehicle,04C-195-736-B,BRAKE BRACKET,4002,4002,KAPOORANDSONS PRIVATE LIMITED,1503,3890,36,0,2.59,Green,18212.8,2498,982,0,1,41,Braking,10.09,D,P2,Buyer Epsilon,Electronics,4226.76,3480,41,3439,14535827.64,18875647.77,2.29,Monthly,healthy,1788.15,1698.77,1567.22,1563.91,1299.67,1366.34,3890,2520.21,1209.0,71.35,0.0,0.0,2.18,1.48,0.77,0.05,0.0,0.0
India3.0,15D-599-419-B,FUEL FILTER,4073,4073,"CHAUDHARI,BEDIANDZACHARIAH PRIVATE LIMITED",2002,2814,1063,0,1.41,Amber,24000.48,1664,821,2,3,32,Fuel System,2.07,A,P2,Buyer Beta,Plastics,1947.38,2485,32,2453,4776923.14,5968523.48,1.23,Daily,low_coverage,1823.4,2033.75,1918.71,1865.98,2091.79,1715.28,2814,1049.8,0.0,0.0,0.0,0.0,1.54,0.52,0.0,0.0,0.0,0.0
India3.0,04C-686-481-C,FUEL PIPE,4047,4047,KHATRI-BHARDWAJ PRIVATE LIMITED,1132,2789,127,0,2.46,Green,14125.16,1315,510,0,2,7,Fuel System,22.56,B,N1,Buyer Epsilon,Plastics,839.21,1825,7,1818,1525683.78,2317011.3,1.61,Weekly,healthy,1219.82,1000.9,1139.43,1053.25,1152.88,1078.03,2789,2141.51,1221.38,255.51,0.0,0.0,2.29,2.14,1.07,0.24,0.0,0.0
EV-Program,06A-343-332-A,OIL FILTER HOUSING,4012,4012,PARMERLLC PRIVATE LIMITED,1394,4991,58,0,3.58,Green,14690.43,2857,1411,3,5,39,Engine,11.3,A,B2,Buyer Gamma,Rubber,5367.39,4268,39,4229,22698692.31,26789990.53,3.03,Weekly,in_transit,1233.55,1188.3,1460.81,1511.46,1355.86,1243.04,4991,4018.35,2864.47,1753.4,553.8,0.0,4.05,3.38,1.96,1.16,0.41,0.0
Commercial-Vehicle,06A-454-715-P,SUSPENSION BRACKET,4044,4044,ZACHARIAPLC PRIVATE LIMITED,2450,2632,1096,0,1.07,Amber,33953.73,982,949,6,2,41,Suspension,23.15,B,B1,Buyer Alpha,Electronics,10917.51,1931,41,1890,20634093.9,31338890.14,0.77,Weekly,low_coverage,2636.38,2598.32,2369.12,2679.31,2866.89,2791.42,2632,169.83,0.0,0.0,0.0,0.0,1.0,0.07,0.0,0.0,0.0,0.0
India2.0,06A-376-646-P,SUSPENSION BRACKET,4061,4061,"KHANNA,MALLICKANDSUNDER PRIVATE LIMITED",985,236,491,258,0.24,Red,10527.09,127,47,5,4,38,Suspension,7.49,C,N1,Buyer Epsilon,Machining,9126.31,174,38,136,1241178.16,2401502.65,0.14,Daily,critical,1133.71,996.68,962.02,1096.74,1145.57,1125.09,236,0.0,0.0,0.0,0.0,0.0,0.21,0.0,0.0,0.0,0.0,0.0
India2.0,08K-251-577-A,INTAKE MANIFOLD,4007,4007,SENPLC PRIVATE LIMITED,58,55,44,0,0.95,Red,662.21,21,20,4,7,61,Engine,23.61,A,B2,Buyer Delta,Electronics,7232.83,41,61,0,0.0,386529.96,0.0,Daily,low_coverage,63.4,66.22,61.36,57.68,61.39,68.04,55,69.25,65.07,26.16,46.82,0.08,0.87,1.05,1.06,0.45,0.76,0.0
Commercial-Vehicle,06A-859-408-C,WATER PUMP,4040,4040,SETTYINC PRIVATE LIMITED,3020,1466,2341,0,0.49,Red,41913.47,742,266,1,0,1,Cooling,19.51,D,P3,Buyer Alpha,Plastics,5916.45,1008,1,1007,5957865.15,8960721.21,0.33,Monthly,demand_spike,2802.47,5118.61,3860.1,4692.64,5128.9,4012.96,1466,0.0,0.0,0.0,0.0,0.0,0.52,0.0,0.0,0.0,0.0,0.0
EV-Program,15D-330-736-A,BODY BRACKET,4019,4019,PATLA-GABA PRIVATE LIMITED,85,123,7,0,1.45,Amber,996.99,74,38,8,2,52,Body,23.9,D,N2,Buyer Alpha,Forging,6912.81,112,52,60,414768.6,799541.22,0.71,Weekly,low_coverage,85.69,97.3,79.98,77.49,90.67,94.11,123,113.86,107.11,146.18,79.61,91.61,1.44,1.17,1.34,1.89,0.88,0.97
India2.0,15D-651-483-A,BONNET ASSEMBLY,4076,4076,KALA-RATTAN PRIVATE LIMITED,1440,4522,177,0,3.14,Green,15681.21,2704,1612,3,4,102,Body,20.49,B,P1,Buyer Beta,Rubber,2127.23,4316,102,4214,8964147.22,8460996.92,2.93,Weekly,in_transit,1335.54,1466.63,1541.05,1249.44,1380.35,1371.73,4522,3383.38,1957.64,820.65,0.0,0.0,3.39,2.31,1.27,0.66,0.0,0.0
Passenger-Vehicle,04C-700-193-A,OIL FILTER HOUSING,4042,4042,"CHERIAN,MISRAANDTRIPATHI PRIVATE LIMITED",3103,890,1337,876,0.29,Red,32219.54,409,212,1,0,62,Engine,24.35,C,P1,Buyer Gamma,Rubber,616.45,621,62,559,344595.55,554289.54,0.18,Monthly,demand_spike,3179.12,4668.49,3575.76,4863.73,4006.36,4365.12,890,0.0,0.0,0.0,0.0,0.0,0.28,0.0,0.0,0.0,0.0,0.0
India3.0,08K-234-109-P,SEAT BRACKET,4079,4079,MANGAL-SAMPATH PRIVATE LIMITED,0,240,0,0,,Gray,0.0,109,92,3,2,96,Interior,10.95,A,P3,Buyer Alpha,Forging,7412.99,201,96,105,778363.95,1989482.14,,Daily,zero_demand,0.0,0.0,0.0,0.0,0.0,0.0,240,273.0,277.0,382.0,519.0,629.0,,,,,,
Passenger-Vehicle,04C-650-708-A,INTAKE MANIFOLD,4041,4041,"LALL,TELLAANDGOKHALE PRIVATE LIMITED",1598,1533,860,0,0.96,Red,19787.37,623,312,8,5,9,Engine,7.1,D,B1,Buyer Alpha,Machining,6031.66,935,9,926,5585317.16,10534629.64,0.58,Daily,low_coverage,1371.71,1381.81,1419.43,1786.33,1833.47,1629.89,1533,241.21,0.0,0.0,0.0,0.0,1.12,0.17,0.0,0.0,0.0,0.0
Commercial-Vehicle,06A-747-297-C,BRAKE CALIPER,4067,4067,"BHAGAT,CHAUDHARIANDBHAT PRIVATE LIMITED",2101,7090,180,0,3.37,Green,21754.55,4593,2176,2,0,53,Braking,8.86,C,P1,Buyer Delta,Rubber,5698.66,6769,53,6716,38272200.56,42353029.2,3.2,Monthly,healthy,2066.61,2343.79,2065.43,1794.7,1901.0,1868.4,7090,5058.91,3426.91,1778.98,493.39,0.0,3.43,2.16,1.66,0.99,0.26,0.0
India2.0,12B-411-462-C,INTAKE MANIFOLD,4069,4069,HANDAANDSONS PRIVATE LIMITED,1659,8018,133,0,4.83,Green,21634.92,3054,1714,4,2,80,Engine,8.84,C,B2,Buyer Delta,Rubber,7259.78,4768,80,4688,34033848.64,66537607.5,2.83,Weekly,healthy,1762.93,1678.09,1689.33,1630.17,1671.12,1606.19,8018,6825.11,5430.79,4104.24,2965.33,1588.36,4.55,4.07,3.21,2.52,1.77,0.99
India2.0,06A-368-780-P,DOOR PANEL,4012,4012,PARMERLLC PRIVATE LIMITED,1817,1208,33,576,0.66,Red,23401.21,578,410,3,6,44,Body,23.85,C,P3,Buyer Gamma,Plastics,2545.73,988,44,944,2403169.12,2811319.73,0.52,Monthly,low_coverage,2034.47,1851.05,1607.68,1850.36,2078.42,1892.64,1208,0.0,0.0,0.0,0.0,0.0,0.59,0.0,0.0,0.0,0.0,0.0
Passenger-Vehicle,06A-118-603-B,INTAKE MANIFOLD,4044,4044,ZACHARIAPLC PRIVATE LIMITED,148,607,1,0,4.1,Green,1874.16,315,166,4,1,70,Engine,11.0,D,P3,Buyer Gamma,Machining,6107.08,481,70,411,2510009.88,3852790.88,2.78,Weekly,healthy,138.07,132.8,136.91,138.68,127.22,137.37,607,594.87,557.27,460.64,420.77,390.34,4.4,4.48,4.07,3.32,3.31,2.84
India2.0,15D-971-744-A,,4066,4066,ROY-SIBAL PRIVATE LIMITED,817,942,620,0,1.15,Amber,10779.33,373,324,3,6,18,Electrical,22.08,A,P3,Buyer Alpha,Machining,4336.35,697,18,679,2944381.65,4246400.92,0.83,Weekly,low_coverage,710.37,765.88,705.59,823.59,747.19,842.76,942,415.77,0.0,0.0,0.0,0.0,1.33,0.54,0.0,0.0,0.0,0.0
India3.0,04C-350-989-C,RADIATOR PIPE,4006,4006,"BALA,ISSACANDSAINI PRIVATE LIMITED",490,16,249,225,0.03,Red,5933.32,7,4,5,5,98,Cooling,11.6,C,P3,Buyer Alpha,Rubber,10203.62,11,98,0,0.0,167357.48,0.0,Daily,critical,481.95,430.72,521.37,468.42,443.95,442.08,16,0.0,0.0,0.0,0.0,0.0,0.03,0.0,0.0,0.0,0.0,0.0
EV-Program,12B-519-673-A,CLUTCH PLATE,4069,4069,HANDAANDSONS PRIVATE LIMITED,644,1823,75,0,2.83,Green,8532.16,968,386,2,0,100,Transmission,1.68,A,P2,Buyer Gamma,Metals,4587.9,1354,100,1254,5753226.6,8548797.45,1.95,Weekly,healthy,548.84,606.84,744.25,734.67,712.76,762.98,1823,1249.68,616.83,0.0,0.0,0.0,3.32,2.06,0.83,0.0,0.0,0.0
Commercial-Vehicle,15D-317-170-P,GEAR HOUSING,4026,4026,BHATTI-KAKAR PRIVATE LIMITED,2132,30902,287,0,14.49,Gray,26722.39,19359,10023,2,2,1,Transmission,2.7,C,B2,Buyer Delta,Forging,1279.59,29382,1,29381,37595633.79,36356267.44,13.78,Weekly,excess,2047.15,2464.28,2044.88,2121.18,2403.48,2150.4,30902,28720.94,27259.57,25435.08,23245.76,21601.88,15.1,11.65,13.33,11.99,9.67,10.05
Commercial-Vehicle,12B-459-339-P,FUEL FILTER,4017,4017,BUCH-KAUL PRIVATE LIMITED,1604,803,1228,0,0.5,Red,17764.58,287,163,1,2,58,Fuel System,16.18,A,P3,Buyer Delta,Machining,5514.39,450,58,392,2161640.88,5083133.65,0.24,Daily,demand_spike,1615.88,2446.55,2149.48,2336.57,2144.21,2139.88,803,0.0,0.0,0.0,0.0,0.0,0.5,0.0,0.0,0.0,0.0,0.0
Commercial-Vehicle,04C-125-154-C,CLUTCH PLATE,4005,4005,KAULPLC PRIVATE LIMITED,2206,8281,151,0,3.75,Green,25651.4,3459,1319,0,2,21,Transmission,0.2,A,N1,Buyer Delta,Rubber,7246.63,4778,21,4757,34472218.91,67768928.47,2.16,Monthly,healthy,1891.56,2099.47,2337.93,2473.4,2331.37,1928.63,8281,6550.91,4380.98,2264.57,351.51,0.0,4.38,3.12,1.87,0.92,0.15,0.0
EV-Program,08K-265-334-P,FUEL RAIL,4041,4041,"LALL,TELLAANDGOKHALE PRIVATE LIMITED",1289,1057,75,157,0.82,Red,15180.04,510,310,2,2,14,Fuel System,19.43,A,B2,Buyer Beta,Rubber,7162.4,820,14,806,5772894.4,8158646.22,0.63,Weekly,low_coverage,1471.07,1221.08,1216.58,1246.42,1221.66,1232.37,1057,156.98,0.0,0.0,0.0,0.0,0.72,0.13,0.0,0.0,0.0,0.0
EV-Program,15D-485-978-B,BONNET ASSEMBLY,4001,4001,"CHOUDHURY,BAKSHIANDMAHARAJ PRIVATE LIMITED",246,967,11,0,3.93,Green,2838.57,547,318,3,4,179,Body,6.17,B,B2,Buyer Delta,Machining,3760.96,865,179,686,2580018.56,4135727.38,2.79,Monthly,in_transit,261.92,248.39,227.74,274.82,232.61,289.1,967,890.26,764.12,549.29,384.03,296.03,3.69,3.58,3.36,2.0,1.65,1.02
EV-Program,12B-409-510-A,FUEL FILTER,4012,4012,PARMERLLC PRIVATE LIMITED,340,1651,17,0,4.86,Green,4184.05,1032,408,0,3,97,Fuel System,13.42,D,P1,Buyer Alpha,Forging,11892.75,1440,97,1343,15971963.25,22210398.43,3.95,Monthly,healthy,340.22,355.55,387.15,303.09,305.21,355.32,1651,1433.34,1130.21,947.56,866.78,677.59,4.85,4.03,2.92,3.13,2.84,1.91
EV-Program,12B-175-525-P,FRAME SUPPORT,4047,4047,KHATRI-BHARDWAJ PRIVATE LIMITED,965,725,256,0,0.75,Red,12203.05,411,287,8,2,89,Chassis,11.55,C,B2,Buyer Gamma,Metals,7207.63,698,89,609,4389446.67,5064898.01,0.63,Daily,low_coverage,1072.67,942.55,931.46,951.78,1045.46,1045.6,725,2.36,0.0,0.0,0.0,0.0,0.68,0.0,0.0,0.0,0.0,0.0
EV-Program,08K-842-529-P,TRANSMISSION COVER,4030,4030,"YOHANNAN,LALLANDSANGHA PRIVATE LIMITED",2297,8712,98,0,3.79,Green,27847.5,5224,2666,2,3,85,Transmission,3.55,A,B2,Buyer Epsilon,Electronics,6163.45,7890,85,7805,48105727.25,57951307.86,3.4,Daily,healthy,2504.44,2522.36,2336.8,2011.6,2377.92,2715.15,8712,6569.67,4757.19,3182.88,1224.89,0.0,3.48,2.6,2.04,1.58,0.52,0.0
Passenger-Vehicle,04C-830-685-A,OIL FILTER HOUSING,4053,4053,"IYER,MUNIANDRASTOGI PRIVATE LIMITED",354,1750,52,0,4.94,Green,3947.0,947,536,3,0,49,Engine,4.57,C,P2,Buyer Epsilon,Electronics,6334.18,1483,49,1434,9083214.12,11809043.67,4.05,Monthly,healthy,403.55,352.13,376.18,340.16,352.17,302.75,1750,1529.59,1255.62,963.29,728.45,539.93,4.34,4.34,3.34,2.83,2.07,1.78
EV-Program,08K-708-791-P,WATER PUMP,4059,4059,"BHARGAVA,KARNIKANDBIR PRIVATE LIMITED",1769,1297,1194,0,0.73,Red,19530.02,575,488,6,1,21,Cooling,22.76,B,B2,Buyer Delta,Fasteners,4591.19,1063,21,1042,4784019.98,5801987.59,0.59,Monthly,demand_spike,1662.93,2724.12,2924.72,3162.92,2200.92,2130.72,1297,0.0,0.0,0.0,0.0,0.0,0.78,0.0,0.0,0.0,0.0,0.0
India2.0,15D-758-935-A,ENGINE MOUNT,4022,4022,"KONDA,GADEANDSHERE PRIVATE LIMITED",4117,1914,1598,605,0.46,Red,56875.8,906,711,8,0,21,Engine,18.02,C,B1,Buyer Alpha,Metals,1211.71,1617,21,1596,1933889.16,2643874.29,0.39,Daily,demand_spike,4069.01,4806.74,5710.3,5916.68,7387.73,7525.81,1914,0.0,0.0,0.0,0.0,0.0,0.47,0.0,0.0,0.0,0.0,0.0
India3.0,15D-577-328-A,FUEL PIPE,4028,4028,SHANKER-DHAR PRIVATE LIMITED,0,270,1,0,,Gray,0.0,164,47,2,3,50,Fuel System,1.08,D,B1,Buyer Epsilon,Rubber,181.72,211,50,161,29256.92,44064.43,,Daily,zero_demand,0.0,0.0,0.0,0.0,0.0,0.0,270,277.0,369.0,499.0,541.0,684.0,,,,,,
EV-Program,04C-800-826-P,WIRING HARNESS,4057,4057,KARPEPLC PRIVATE LIMITED,1768,7370,148,0,4.17,Green,21532.6,3622,1117,1,0,23,Electrical,23.93,A,P1,Buyer Epsilon,Metals,11779.81,4739,23,4716,55553583.96,89869242.58,2.67,Monthly,healthy,2025.66,1588.03,1773.12,1882.17,1892.17,1889.37,7370,6009.4,4486.96,2926.05,1392.59,0.0,3.64,3.78,2.53,1.55,0.74,0.0
Passenger-Vehicle,04C-992-525-C,DASHBOARD PANEL,4069,4069,HANDAANDSONS PRIVATE LIMITED,547,7600,26,0,13.89,Gray,6979.9,2684,1998,0,3,26,Interior,3.19,D,N2,Buyer Delta,Fasteners,1580.7,4682,26,4656,7359739.2,10676244.42,8.51,Monthly,excess,526.64,590.2,593.16,502.76,574.9,492.05,7600,7171.28,6695.16,6312.66,5886.55,5406.83,14.43,12.15,11.29,12.56,10.24,10.99
India2.0,04C-467-106-B,DASHBOARD PANEL,4002,4002,,25,61,2,0,2.44,Green,256.43,29,13,0,0,49,Interior,16.39,D,N2,Buyer Epsilon,Machining,3080.7,42,49,0,0.0,185910.49,0.0,Daily,healthy,21.52,23.79,21.49,25.54,29.52,25.76,61,179.79,185.9,312.83,327.56,379.46,2.83,7.56,8.65,12.25,11.1,14.73
EV-Program,06A-936-432-B,BONNET ASSEMBLY,4016,4016,"BOASE,BATHANDKARI PRIVATE LIMITED",685,1920,89,0,2.8,Green,7520.05,858,689,1,0,17,Body,17.18,B,N1,Buyer Delta,Electronics,8511.85,1547,17,1530,13023130.5,14838106.89,2.23,Weekly,healthy,691.58,655.17,759.71,701.39,761.14,593.45,1920,1440.32,767.22,257.23,0.0,0.0,2.78,2.2,1.01,0.37,0.0,0.0
Passenger-Vehicle,12B-553-428-C,ENGINE MOUNT,4029,4029,DEWAN-KOSHY PRIVATE LIMITED,1843,6554,121,0,3.56,Green,18576.5,3683,1954,2,0,68,Engine,15.03,A,P1,Buyer Beta,Fasteners,3345.27,5637,68,5569,18629808.63,19410549.27,3.02,Monthly,healthy,1917.18,2139.9,1681.43,1803.91,1992.77,1595.7,6554,4530.88,2908.96,1314.21,0.0,0.0,3.42,2.12,1.73,0.73,0.0,0.0
India2.0,04C-626-300-B,BRAKE PAD,4029,4029,DEWAN-KOSHY PRIVATE LIMITED,1271,3987,36,0,3.14,Green,14957.9,1500,985,2,0,41,Braking,10.87,A,P2,Buyer Epsilon,Rubber,9112.81,2485,41,2444,22271707.64,36872230.94,1.92,Daily,healthy,1515.82,1510.96,1435.34,1373.64,1132.08,1395.89,3987,2647.3,1620.67,305.3,0.0,0.0,2.63,1.75,1.13,0.22,0.0,0.0
India2.0,15D-891-885-B,FUEL PIPE,4036,4036,SIDHU-WADHWA PRIVATE LIMITED,453,1864,61,0,4.11,Green,5576.1,711,701,4,3,16,Fuel System,24.23,D,N1,Buyer Beta,Plastics,8896.06,1412,16,1396,12418899.76,15728401.34,3.08,Monthly,healthy,447.51,509.22,467.63,524.88,466.44,521.53,1864,1428.01,1158.5,713.05,420.64,93.72,4.17,2.8,2.48,1.36,0.9,0.18
Commercial-Vehicle,04C-919-851-B,SHOCK ABSORBER,4002,4002,KAPOORANDSONS PRIVATE LIMITED,1946,596,1252,98,0.31,Red,26073.7,264,191,5,5,100,Suspension,8.59,B,N2,Buyer Epsilon,Casting,2877.05,455,100,355,1021352.75,1788062.28,0.18,Monthly,critical,1826.18,1842.84,1961.89,2160.71,1848.08,2219.65,596,0.0,0.0,0.0,0.0,0.0,0.33,0.0,0.0,0.0,0.0,0.0
Commercial-Vehicle,04C-802-752-A,CONTROL ARM,4007,4007,SENPLC PRIVATE LIMITED,2364,2672,1036,0,1.13,Amber,31725.56,1674,732,8,4,64,Suspension,16.47,A,N1,Buyer Epsilon,Rubber,11594.87,2406,64,2342,27155185.54,30206704.87,0.99,Weekly,low_coverage,2825.4,2322.5,2829.34,2705.25,2833.56,2676.59,2672,679.57,0.0,0.0,0.0,0.0,0.95,0.29,0.0,0.0,0.0,0.0
India3.0,08K-708-806-P,SHOCK ABSORBER,4021,4021,"LOKE,BORAANDGARG PRIVATE LIMITED",828,2694,36,0,3.25,Green,8325.22,1047,777,1,2,52,Suspension,3.58,B,P2,Buyer Gamma,Fasteners,8597.34,1824,52,1772,15234486.48,24426656.6,2.14,Weekly,healthy,716.32,729.01,973.23,795.1,794.67,938.21,2694,2000.05,1203.86,636.0,0.0,0.0,3.76,2.74,1.24,0.8,0.0,0.0
India3.0,12B-793-849-P,CLUTCH PLATE,4038,4038,"YADAV,LOKEANDOAK PRIVATE LIMITED",1370,4860,181,0,3.55,Green,15656.0,3139,779,2,3,44,Transmission,8.19,D,B1,Buyer Delta,Metals,10639.31,3918,44,3874,41216686.94,59183223.79,2.83,Daily,healthy,1182.12,1389.99,1631.71,1434.75,1217.8,1434.8,4860,3898.92,2658.85,1396.08,574.98,0.0,4.11,2.8,1.63,0.97,0.47,0.0
EV-Program,12B-136-129-A,SENSOR ASSEMBLY,4020,4020,PANT-KADAKIA PRIVATE LIMITED,5554,3699,216,1639,0.67,Red,63641.68,1913,881,5,3,36,Electrical,18.57,B,N1,Buyer Epsilon,Machining,7803.32,2794,36,2758,21521556.56,30346931.57,0.5,Monthly,demand_spike,6541.96,8415.19,6622.37,6505.56,8126.63,8794.1,3699,0.0,0.0,0.0,0.0,0.0,0.57,0.0,0.0,0.0,0.0,0.0
India3.0,06A-702-852-P,SENSOR ASSEMBLY,4055,4055,DARA-KOTA PRIVATE LIMITED,6789,2109,1226,3454,0.31,Red,69575.54,1166,527,8,2,47,Electrical,14.95,D,B2,Buyer Epsilon,Electronics,247.77,1693,47,1646,407829.42,515948.97,0.24,Daily,demand_spike,7209.39,10865.09,11703.7,9593.38,9733.95,9869.64,2109,0.0,0.0,0.0,0.0,0.0,0.29,0.0,0.0,0.0,0.0,0.0
India2.0,04C-271-531-P,ENGINE MOUNT,4044,4044,ZACHARIAPLC PRIVATE LIMITED,1987,4185,213,0,2.11,Green,20204.8,2575,1162,0,1,71,Engine,6.54,D,P3,Buyer Epsilon,Casting,1057.07,3737,71,3666,3875218.62,4626053.04,1.84,Daily,healthy,1998.06,2004.71,2120.44,2061.33,2308.36,1967.29,4185,2727.33,1103.16,0.0,0.0,0.0,2.09,1.36,0.52,0.0,0.0,0.0
India2.0,06A-729-626-C,DASHBOARD PANEL,4063,4063,"SOLANKI,KIBEANDSOLANKI PRIVATE LIMITED",2345,9202,9,0,3.92,Green,29516.35,5138,1971,2,1,56,Interior,13.69,B,N1,Buyer Epsilon,Plastics,5026.79,7109,56,7053,35453949.87,50649544.4,3.01,Monthly,healthy,2274.47,2171.78,2378.41,2207.36,2335.15,2629.69,9202,7338.48,5366.15,3535.98,1622.25,0.0,4.05,3.38,2.26,1.6,0.69,0.0
Commercial-Vehicle,15D-636-295-P,WIRING HARNESS,4066,4066,ROY-SIBAL PRIVATE LIMITED,620,7553,9,0,12.18,Gray,7954.46,3634,1135,3,0,32,Electrical,19.05,C,P2,Buyer Epsilon,Casting,10727.23,4769,32,4737,50814888.51,73630456.71,7.64,Daily,excess,633.91,731.31,685.11,529.29,609.03,708.87,7553,7097.43,6646.46,6324.86,5862.91,5254.55,11.91,9.71,9.7,11.95,9.63,7.41
Passenger-Vehicle,15D-481-849-C,FRAME SUPPORT,4035,4035,BHATT-RAJAN PRIVATE LIMITED,1653,2969,154,0,1.8,Amber,17095.99,1534,833,4,2,71,Chassis,9.54,B,B1,Buyer Gamma,Machining,9509.97,2367,71,2296,21834891.12,24023240.52,1.39,Daily,healthy,1811.45,1805.49,1686.17,1503.72,1824.23,1438.73,2969,1365.06,0.0,0.0,0.0,0.0,1.64,0.76,0.0,0.0,0.0,0.0
Passenger-Vehicle,15D-584-375-C,OIL FILTER HOUSING,4042,4042,"CHERIAN,MISRAANDTRIPATHI PRIVATE LIMITED",0,292,0,0,,Gray,0.0,145,97,3,0,6,Engine,17.35,C,B1,Buyer Beta,Machining,458.45,242,6,236,108194.2,114914.87,,Weekly,zero_demand,0.0,0.0,0.0,0.0,0.0,0.0,292,436.0,494.0,502.0,546.0,639.0,,,,,,
Passenger-Vehicle,15D-558-488-P,SUSPENSION BRACKET,4058,4058,AMBLEINC PRIVATE LIMITED,1062,7968,38,0,7.5,Green,12249.44,4387,1525,4,2,97,Suspension,16.93,D,B2,Buyer Alpha,Casting,9983.74,5912,97,5815,58055448.1,74330674.2,5.48,Weekly,excess,1053.04,1192.09,917.33,937.24,991.3,1225.48,7968,7084.99,6308.05,5442.69,4524.9,3464.94,7.57,5.94,6.88,5.81,4.56,2.83
EV-Program,06A-424-248-C,FUEL FILTER,4012,4012,,1895,22580,185,0,11.92,Gray,22898.91,11399,3832,4,3,92,Fuel System,14.82,A,P1,Buyer Alpha,Plastics,3642.1,15231,92,15139,55137751.9,76634964.7,7.99,Monthly,excess,2016.84,1750.99,1944.57,2057.67,1830.09,1980.74,22580,20994.03,19463.51,17758.75,16274.71,14751.61,11.2,11.99,10.01,8.63,8.89,7.45
India3.0,08K-730-607-A,BRAKE CALIPER,4048,4048,BRARINC PRIVATE LIMITED,310,2558,43,0,8.25,Gray,3626.12,1353,907,4,2,78,Braking,8.44,C,P3,Buyer Epsilon,Electronics,11547.43,2260,78,2182,25196492.26,25784366.5,7.04,Monthly,excess,302.23,276.28,352.33,334.12,264.4,279.54,2558,2317.79,2063.56,1891.07,1681.58,1478.93,8.46,8.39,5.86,5.66,6.36,5.29
Passenger-Vehicle,15D-630-764-C,BRAKE BRACKET,4062,4062,ZACHARIAANDSONS PRIVATE LIMITED,5835,1744,526,3565,0.3,Red,78279.21,928,496,5,2,60,Braking,24.83,D,N1,Buyer Gamma,Forging,10378.98,1424,60,1364,14156928.72,17812356.59,0.23,Weekly,demand_spike,5749.28,9664.83,10056.84,6884.08,6613.19,9677.84,1744,0.0,0.0,0.0,0.0,0.0,0.3,0.0,0.0,0.0,0.0,0.0
EV-Program,08K-590-718-A,CROSS MEMBER,4066,4066,ROY-SIBAL PRIVATE LIMITED,1871,9135,120,0,4.88,Green,20787.82,5176,2697,0,1,78,Chassis,18.0,C,N1,Buyer Alpha,Metals,9111.56,7873,78,7795,71024610.2,88026404.97,4.17,Weekly,healthy,1729.85,2190.81,1709.53,2237.26,1837.15,1662.96,9135,7224.29,5764.25,3825.1,2338.79,877.23,5.28,3.3,3.37,1.71,1.27,0.53
EV-Program,08K-567-993-B,COOLING FAN,4071,4071,MALLICKGROUP PRIVATE LIMITED,577,7103,30,0,12.31,Gray,7772.91,3886,1660,0,0,59,Cooling,4.78,A,B2,Buyer Alpha,Electronics,8474.8,5546,59,5487,46501227.6,55723720.98,9.51,Monthly,excess,496.56,537.32,633.14,539.17,684.37,504.06,7103,6682.13,6212.12,5912.62,5494.19,5104.99,14.3,12.44,9.81,10.97,8.03,10.13
Passenger-Vehicle,15D-490-543-P,CLUTCH PLATE,4027,4027,"MURTY,KALAANDTATA PRIVATE LIMITED",78,62,35,0,0.79,Red,1062.07,23,20,1,7,50,Transmission,20.87,C,N1,Buyer Epsilon,Forging,5918.85,43,50,0,0.0,344819.31,0.0,Daily,low_coverage,83.3,80.32,78.12,68.48,83.46,71.11,62,84.2,86.77,61.49,120.4,107.59,0.74,1.05,1.11,0.9,1.44,1.51
India3.0,12B-247-641-C,BRAKE BRACKET,4065,4065,SANKARLLC PRIVATE LIMITED,4783,1103,1344,2336,0.23,Red,50778.54,663,211,4,1,10,Braking,9.53,A,B1,Buyer Beta,Electronics,11882.18,874,10,864,10266203.52,13565649.12,0.18,Daily,demand_spike,4995.46,6243.38,8306.3,7822.86,8443.69,6332.05,1103,0.0,0.0,0.0,0.0,0.0,0.22,0.0,0.0,0.0,0.0,0.0
India2.0,08K-438-318-B,BRAKE BRACKET,4062,4062,ZACHARIAANDSONS PRIVATE LIMITED,947,2871,20,0,3.03,Green,13093.56,1578,593,0,1,52,Braking,8.98,D,P2,Buyer Alpha,Electronics,9980.7,2171,52,2119,21149103.3,26263629.81,2.24,Weekly,healthy,1016.32,1093.34,964.16,862.45,1089.59,970.58,2871,1938.15,1240.56,421.02,0.0,0.0,2.82,1.77,1.29,0.49,0.0,0.0
Commercial-Vehicle,08K-509-990-C,DOOR PANEL,4017,4017,BUCH-KAUL PRIVATE LIMITED,1430,6199,5,0,4.33,Green,16085.63,2247,2056,1,2,100,Body,13.24,C,N1,Buyer Epsilon,Plastics,9797.14,4303,100,4203,41177379.42,54399161.14,2.94,Weekly,healthy,1386.76,1420.98,1706.54,1540.44,1423.49,1642.83,6199,4975.83,3473.42,2231.19,955.0,0.0,4.47,3.5,2.04,1.45,0.67,0.0
Commercial-Vehicle,12B-124-751-B,DASHBOARD PANEL,4066,4066,ROY-SIBAL PRIVATE LIMITED,1103,116,212,775,0.11,Red,11856.86,74,22,3,2,79,Interior,1.57,B,B1,Buyer Alpha,Rubber,8963.69,96,79,17,152382.73,1053626.48,0.02,Daily,critical,1065.06,1291.95,1192.05,1029.87,1162.5,1307.73,116,0.0,0.0,0.0,0.0,0.0,0.11,0.0,0.0,0.0,0.0,0.0
Commercial-Vehicle,06A-623-885-C,SHOCK ABSORBER,4066,4066,ROY-SIBAL PRIVATE LIMITED,500,2404,63,0,4.81,Green,5182.23,1020,615,3,1,18,Suspension,24.95,D,P3,Buyer Epsilon,Machining,2926.23,1635,18,1617,4731713.91,7297516.0,3.23,Monthly,healthy,481.08,560.64,542.89,568.26,571.6,505.22,2404,2110.91,1668.26,1283.7,929.74,649.49,5.0,3.77,3.07,2.26,1.63,1.29
India3.0,08K-234-856-B,SHOCK ABSORBER,4048,4048,BRARINC PRIVATE LIMITED,2401,2411,723,0,1,Amber,33236.7,1286,585,6,6,72,Suspension,20.24,A,N1,Buyer Epsilon,Electronics,8026.72,1871,72,1799,14440069.28,18585163.52,0.75,Daily,low_coverage,2789.63,2585.85,2153.46,2413.22,2776.43,2795.12,2411,125.63,0.0,0.0,0.0,0.0,0.86,0.05,0.0,0.0,0.0,0.0
India3.0,04C-904-272-B,COOLING FAN,4041,4041,"LALL,TELLAANDGOKHALE PRIVATE LIMITED",294,1171,5,0,3.98,Green,3292.06,659,269,2,2,62,Cooling,0.34,B,N2,Buyer Beta,Machining,7338.69,928,62,866,6355305.54,7459358.89,2.95,Daily,healthy,270.94,318.31,328.62,270.74,264.46,334.54,1171,992.58,791.68,693.91,480.68,260.47,4.32,3.12,2.41,2.56,1.82,0.78
EV-Program,06A-368-920-B,SEAT BRACKET,4003,4003,"CHAUDRY,CHAHALANDSAMI PRIVATE LIMITED",389,560,45,0,1.44,Amber,5170.18,255,164,1,3,46,Interior,1.81,B,N2,Buyer Epsilon,Machining,2145.29,419,46,373,800193.17,1231274.37,0.96,Monthly,low_coverage,338.97,456.6,342.7,453.76,331.76,460.65,560,226.93,0.0,0.0,0.0,0.0,1.65,0.5,0.0,0.0,0.0,0.0
Commercial-Vehicle,12B-409-928-B,WIRING HARNESS,4060,4060,NARAYANANINC PRIVATE LIMITED,1723,5560,148,0,3.23,Green,22877.21,2197,1908,0,0,98,Electrical,4.79,A,B1,Buyer Epsilon,Plastics,1082.72,4105,98,4007,4338459.04,6235278.4,2.33,Monthly,healthy,1996.95,1767.58,1520.19,1802.55,2037.92,1853.35,5560,3805.1,2517.95,1226.69,0.0,0.0,2.78,2.15,1.66,0.68,0.0,0.0
India2.0,06A-839-310-A,WIRING HARNESS,4009,4009,"SAMI,OAKANDMALL PRIVATE LIMITED",807,372,211,224,0.46,Red,8373.76,228,114,3,7,29,Electrical,19.11,B,P3,Buyer Gamma,Casting,3878.36,342,29,313,1213926.68,1438013.13,0.39,Weekly,critical,966.06,886.92,943.34,881.06,860.61,768.02,372,0.0,0.0,0.0,0.0,0.0,0.39,0.0,0.0,0.0,0.0,0.0
India2.0,06A-877-977-C,INTAKE MANIFOLD,4064,4064,GUPTA-CHANDRA PRIVATE LIMITED,2146,6154,29,0,2.87,Green,28553.61,3540,1159,3,2,58,Engine,1.6,D,B2,Buyer Delta,Plastics,5718.0,4699,58,4641,26537238.0,37378915.28,2.16,Daily,healthy,2314.58,1880.61,1912.48,2321.43,2370.97,2061.04,6154,4619.14,3222.3,1052.27,0.0,0.0,2.66,2.46,1.68,0.45,0.0,0.0
EV-Program,15D-896-602-B,CROSS MEMBER,4077,4077,GALAGROUP PRIVATE LIMITED,1669,1646,813,0,0.99,Red,21272.53,1063,348,4,3,91,Chassis,22.05,B,N2,Buyer Beta,Rubber,10971.41,1411,91,1320,14482261.2,19088418.52,0.79,Weekly,low_coverage,1453.27,1852.2,1875.08,1578.91,1534.25,1544.53,1646,111.47,0.0,0.0,0.0,0.0,1.13,0.06,0.0,0.0,0.0,0.0
Commercial-Vehicle,06A-505-999-A,CHASSIS BRACKET,4077,4077,GALAGROUP PRIVATE LIMITED,2386,17368,166,0,7.28,Green,32576.86,8946,4071,1,2,87,Chassis,23.83,A,P1,Buyer Gamma,Rubber,5934.93,13017,87,12930,76738644.9,96099936.03,5.42,Weekly,excess,2292.3,2204.78,2825.47,2795.84,2678.05,2481.28,17368,15437.38,12820.09,10402.18,8362.17,6077.42,7.58,7.0,4.54,3.72,3.12,2.45
India3.0,15D-215-823-B,CONSOLE COVER,4057,4057,KARPEPLC PRIVATE LIMITED,1294,6010,70,0,4.64,Green,15617.34,2280,1248,3,2,91,Interior,5.43,D,P1,Buyer Alpha,Machining,4983.01,3528,91,3437,17126605.37,32344235.8,2.66,Monthly,healthy,1158.9,1147.75,1360.36,1155.08,1102.11,1214.51,6010,5096.66,3921.88,3029.09,2242.01,1419.0,5.19,4.44,2.88,2.62,2.03,1.17
EV-Program,08K-446-967-B,WATER PUMP,4016,4016,"BOASE,BATHANDKARI PRIVATE LIMITED",1603,7228,224,0,4.51,Green,18434.83,3396,2436,0,1,66,Cooling,10.32,D,P1,Buyer Alpha,Rubber,11012.5,5832,66,5766,63498075.0,86348945.27,3.6,Daily,healthy,1554.26,1513.82,1460.99,1575.62,1642.98,1815.29,7228,5791.02,4612.82,3193.47,1992.47,609.96,4.65,3.83,3.16,2.03,1.21,0.34
India2.0,15D-298-364-P,TRANSMISSION COVER,4012,4012,PARMERLLC PRIVATE LIMITED,1714,1138,311,265,0.66,Red,20544.3,671,304,3,7,28,Transmission,15.15,A,N1,Buyer Gamma,Plastics,7736.6,975,28,947,7326560.2,8188980.7,0.55,Monthly,low_coverage,1532.31,1971.16,1903.07,1935.53,1851.71,1651.77,1138,0.0,0.0,0.0,0.0,0.0,0.74,0.0,0.0,0.0,0.0,0.0
Commercial-Vehicle,15D-437-400-A,GEAR HOUSING,4009,4009,"SAMI,OAKANDMALL PRIVATE LIMITED",1083,4481,4,0,4.14,Green,11872.05,2323,883,4,2,80,Transmission,24.53,D,B2,Buyer Gamma,Machining,10279.35,3206,80,3126,32133248.1,49454287.32,2.89,Daily,healthy,1100.17,926.46,1272.29,1047.68,1228.07,1017.24,4481,3812.88,2900.47,2006.79,993.39,173.55,4.07,4.12,2.28,1.92,0.81,0.17
India2.0,04C-555-113-C,FUEL FILTER,4044,4044,ZACHARIAPLC PRIVATE LIMITED,51,96,1,0,1.88,Amber,642.27,42,28,3,2,26,Fuel System,24.15,A,P2,Buyer Epsilon,Forging,11608.06,70,26,44,510754.64,1209036.22,0.86,Monthly,healthy,55.79,46.64,57.92,47.42,59.58,56.17,96,87.37,174.63,208.14,279.79,239.02,1.72,1.87,3.01,4.39,4.7,4.26
Passenger-Vehicle,04C-775-313-P,CHASSIS BRACKET,4058,4058,AMBLEINC PRIVATE LIMITED,326,762,17,0,2.34,Green,4399.64,287,289,4,2,38,Chassis,10.42,C,N1,Buyer Gamma,Fasteners,8862.5,576,38,538,4768025.0,6324570.1,1.65,Monthly,healthy,348.47,373.83,358.53,300.15,354.06,375.16,762,486.82,286.56,88.44,0.0,0.0,2.19,1.3,0.8,0.29,0.0,0.0
India3.0,04C-876-690-C,FUEL RAIL,4013,4013,"LALLA,BASSIANDSHARAF PRIVATE LIMITED",1419,2773,186,0,1.95,Amber,18327.51,1768,883,0,8,269,Fuel System,20.03,B,B1,Buyer Gamma,Fasteners,6231.12,2651,269,2382,14842527.84,17391591.75,1.68,Daily,in_transit,1501.42,1564.5,1266.16,1243.93,1332.59,1686.83,2773,1745.83,513.2,0.0,0.0,0.0,1.85,1.12,0.41,0.0,0.0,0.0
Commercial-Vehicle,12B-845-119-A,BRAKE BRACKET,4070,4070,"SEN,DEYANDSAMI PRIVATE LIMITED",1398,3000,127,0,2.15,Green,19571.94,1462,492,3,8,150,Braking,10.82,B,N2,Buyer Beta,Casting,11642.02,1954,150,1804,21002204.08,35558055.61,1.29,Weekly,in_transit,1622.48,1354.97,1265.03,1593.59,1557.7,1663.7,3000,1949.31,905.04,0.0,0.0,0.0,1.85,1.44,0.72,0.0,0.0,0.0
Passenger-Vehicle,15D-340-379-B,TRANSMISSION COVER,4053,4053,"IYER,MUNIANDRASTOGI PRIVATE LIMITED",2189,4114,0,0,1.88,Amber,29149.67,1451,1395,1,3,87,Transmission,3.95,D,N1,Buyer Gamma,Fasteners,1637.82,2846,87,2759,4518745.38,6927451.87,1.26,Weekly,healthy,2614.43,2481.8,2264.97,2564.78,2436.38,1986.47,4114,1965.23,82.52,0.0,0.0,0.0,1.57,0.79,0.04,0.0,0.0,0.0
India3.0,12B-726-331-P,WIRING HARNESS,4079,4079,MANGAL-SAMPATH PRIVATE LIMITED,262,1125,17,0,4.29,Green,3471.05,438,301,3,3,40,Electrical,3.21,D,B1,Buyer Gamma,Casting,10234.97,739,40,699,7154244.03,11032295.51,2.67,Daily,healthy,248.03,269.45,314.21,275.65,240.47,291.91,1125,1003.09,868.11,671.13,503.71,391.33,4.54,3.72,2.76,2.43,2.09,1.34
India3.0,12B-840-885-C,FRAME SUPPORT,4057,4057,KARPEPLC PRIVATE LIMITED,61,244,0,0,4,Green,853.78,142,38,3,2,96,Chassis,23.27,B,P2,Buyer Delta,Machining,7356.98,180,96,84,617986.32,1731070.33,1.38,Daily,healthy,59.0,59.17,61.78,54.46,56.12,64.52,244,259.05,295.21,391.7,485.95,528.16,4.14,4.38,4.78,7.19,8.66,8.19
India3.0,12B-111-373-A,DOOR PANEL,4034,4034,DUTTALTD PRIVATE LIMITED,2202,8675,81,0,3.94,Green,28831.5,3400,3007,4,3,29,Body,5.91,B,B1,Buyer Alpha,Rubber,11326.37,6407,29,6378,72239587.86,108716468.1,2.9,Monthly,healthy,2040.57,2015.23,1950.32,2424.65,1877.02,1981.58,8675,6838.26,5319.88,3014.58,1360.66,0.0,4.25,3.39,2.73,1.24,0.72,0.0
India2.0,08K-601-781-A,SEAT BRACKET,4047,4047,KHATRI-BHARDWAJ PRIVATE LIMITED,357,1342,35,0,3.76,Green,4463.84,557,235,0,3,34,Interior,15.56,B,N1,Buyer Gamma,Plastics,1569.48,792,34,758,1189665.84,2121258.48,2.12,Weekly,healthy,392.27,397.5,363.12,370.97,340.41,341.83,1342,1004.6,792.04,528.93,292.78,10.2,3.42,2.53,2.18,1.43,0.86,0.03
Commercial-Vehicle,08K-917-471-P,BONNET ASSEMBLY,4019,4019,PATLA-GABA PRIVATE LIMITED,1864,2165,877,0,1.16,Amber,22534.98,928,845,6,4,78,Body,17.16,A,P2,Buyer Gamma,Plastics,2410.7,1773,78,1695,4086136.5,5260145.92,0.91,Weekly,low_coverage,1947.19,1957.68,1984.72,2147.1,2036.76,1646.12,2165,704.6,0.0,0.0,0.0,0.0,1.11,0.36,0.0,0.0,0.0,0.0
EV-Program,15D-877-510-A,WATER PUMP,4056,4056,BHATTLLC PRIVATE LIMITED,2166,8336,18,0,3.85,Green,25153.95,4153,2232,3,5,115,Cooling,11.1,B,N2,Buyer Delta,Rubber,4881.24,6385,115,6270,30605374.8,45216770.97,2.89,Monthly,in_transit,2469.44,2244.33,2283.51,2516.25,2095.02,2130.04,8336,6657.38,4553.34,2800.54,1186.69,0.0,3.38,2.97,1.99,1.11,0.57,0.0
EV-Program,12B-772-913-C,SHOCK ABSORBER,4033,4033,BATTAINC PRIVATE LIMITED,2463,2054,1139,0,0.83,Red,30175.52,974,531,6,5,100,Suspension,18.02,B,P2,Buyer Beta,Forging,3496.8,1505,100,1405,4913004.0,7532619.04,0.57,Monthly,low_coverage,2410.79,2143.73,2139.73,2107.08,2903.89,2284.45,2054,191.27,0.0,0.0,0.0,0.0,0.85,0.09,0.0,0.0,0.0,0.0
Passenger-Vehicle,08K-728-471-B,FUEL PIPE,4035,4035,BHATT-RAJAN PRIVATE LIMITED,2471,2980,1367,0,1.21,Amber,28578.96,1072,454,2,2,74,Fuel System,12.16,D,B2,Buyer Alpha,Plastics,11757.07,1526,74,1452,17071265.64,35548108.78,0.59,Monthly,low_coverage,2472.92,2729.32,2944.58,2368.06,2769.35,2643.43,2980,475.77,0.0,0.0,0.0,0.0,1.21,0.17,0.0,0.0,0.0,0.0
EV-Program,12B-547-453-P,BONNET ASSEMBLY,4064,4064,GUPTA-CHANDRA PRIVATE LIMITED,1719,8220,187,0,4.78,Green,21580.33,3581,2776,4,0,13,Body,4.87,C,B1,Buyer Delta,Fasteners,3539.92,6357,13,6344,22457252.48,31844509.37,3.69,Daily,healthy,1891.79,2039.56,2011.16,1785.78,1908.9,1539.83,8220,6329.37,4481.4,2813.14,1089.19,0.0,4.35,3.1,2.23,1.58,0.57,0.0
India2.0,08K-498-132-A,SUSPENSION BRACKET,4068,4068,NORI-CHOPRA PRIVATE LIMITED,6611,2442,2011,2158,0.37,Red,87669.48,1226,744,6,3,5,Suspension,11.35,A,N2,Buyer Epsilon,Plastics,6049.38,1970,5,1965,11887031.7,14787494.08,0.3,Daily,demand_spike,6533.49,7236.6,10830.37,11800.43,9739.56,8515.6,2442,0.0,0.0,0.0,0.0,0.0,0.37,0.0,0.0,0.0,0.0,0.0
Passenger-Vehicle,04C-753-676-P,CHASSIS BRACKET,4040,4040,SETTYINC PRIVATE LIMITED,1210,1817,76,0,1.5,Amber,14943.04,855,473,0,3,27,Chassis,19.72,C,P1,Buyer Gamma,Rubber,4605.86,1328,27,1301,5992223.86,8267306.37,1.08,Daily,healthy,1339.63,1306.77,1062.83,1047.25,1374.14,1443.12,1817,658.0,0.0,0.0,0.0,0.0,1.36,0.5,0.0,0.0,0.0,0.0
Commercial-Vehicle,04C-712-402-P,DOOR PANEL,4048,4048,BRARINC PRIVATE LIMITED,2247,8994,205,0,4,Green,22481.41,3999,1349,1,2,65,Body,22.84,C,P1,Buyer Gamma,Casting,5015.17,5348,65,5283,26495143.11,50013210.35,2.35,Daily,healthy,2041.56,2582.04,1919.04,1963.88,2583.27,1982.81,8994,7064.87,5156.9,3353.93,1493.33,0.0,4.41,2.74,2.69,1.71,0.58,0.0
India3.0,06A-176-880-A,CONTROL ARM,4013,4013,"LALLA,BASSIANDSHARAF PRIVATE LIMITED",2449,843,1090,516,0.34,Red,28780.87,314,128,7,8,84,Suspension,14.45,B,P2,Buyer Alpha,Forging,2702.43,442,84,358,967469.94,1944264.05,0.15,Daily,critical,2348.39,2593.75,2725.55,2859.23,2096.46,2596.08,843,0.0,0.0,0.0,0.0,0.0,0.36,0.0,0.0,0.0,0.0,0.0
India2.0,06A-212-220-C,INTAKE MANIFOLD,4028,4028,SHANKER-DHAR PRIVATE LIMITED,319,400,253,0,1.25,Amber,3653.46,225,85,6,3,49,Engine,20.8,A,N2,Buyer Alpha,Metals,11230.18,310,49,261,2931076.98,3827566.6,0.82,Monthly,low_coverage,315.75,373.66,372.21,351.63,382.21,376.46,400,77.27,0.0,0.0,0.0,0.0,1.27,0.21,0.0,0.0,0.0,0.0
EV-Program,04C-452-267-P,WIRING HARNESS,4030,4030,"YOHANNAN,LALLANDSANGHA PRIVATE LIMITED",927,1981,91,0,2.14,Green,11434.42,728,687,4,3,254,Electrical,3.61,A,B2,Buyer Beta,Machining,2380.18,1415,254,1161,2763388.98,4320708.42,1.25,Daily,in_transit,1044.5,898.54,1015.43,1062.38,993.41,1067.03,1981,1339.4,350.87,0.0,0.0,0.0,1.9,1.49,0.35,0.0,0.0,0.0
Commercial-Vehicle,06A-808-567-B,BRAKE PAD,4016,4016,"BOASE,BATHANDKARI PRIVATE LIMITED",1142,5475,142,0,4.79,Green,14931.33,3295,2020,2,3,32,Braking,10.02,B,B1,Buyer Epsilon,Casting,9320.65,5315,32,5283,49240993.95,54114885.16,4.63,Monthly,healthy,1247.21,1011.55,1306.76,1100.88,982.63,1301.91,5475,4847.69,3922.38,3109.52,2358.32,1093.14,4.39,4.79,3.0,2.82,2.4,0.84
India2.0,12B-400-788-C,OIL FILTER HOUSING,4063,4063,"SOLANKI,KIBEANDSOLANKI PRIVATE LIMITED",1143,2286,158,0,2,Green,14438.03,1111,834,2,2,79,Engine,8.07,A,P2,Buyer Delta,Electronics,974.96,1945,79,1866,1819275.36,2329415.39,1.63,Monthly,healthy,1334.68,1310.78,1086.63,1213.51,1049.66,1169.72,2286,1217.89,391.56,0.0,0.0,0.0,1.71,0.93,0.36,0.0,0.0,0.0
Commercial-Vehicle,06A-311-188-A,FUEL RAIL,4050,4050,DAVELTD PRIVATE LIMITED,1618,6780,138,0,4.19,Green,18762.44,3000,1901,0,1,98,Fuel System,3.78,B,P2,Buyer Gamma,Electronics,4667.88,4901,98,4803,22419827.64,29465147.4,2.97,Weekly,healthy,1908.32,1711.96,1648.89,1584.59,1797.77,1400.67,6780,5330.83,4176.21,3052.41,1409.86,430.33,3.55,3.11,2.53,1.93,0.78,0.31
India3.0,04C-106-719-P,RADIATOR PIPE,4005,4005,KAULPLC PRIVATE LIMITED,1334,4440,158,0,3.33,Green,14988.29,1793,1067,3,3,8,Cooling,23.04,C,P3,Buyer Beta,Metals,8951.69,2860,8,2852,25530219.88,43909539.23,2.14,Weekly,healthy,1292.4,1426.15,1288.19,1469.6,1562.77,1268.44,4440,3104.58,1939.25,742.83,0.0,0.0,3.44,2.18,1.51,0.51,0.0,0.0
Commercial-Vehicle,06A-982-418-A,CLUTCH PLATE,4036,4036,SIDHU-WADHWA PRIVATE LIMITED,2224,7114,113,0,3.2,Green,24599.57,3752,2034,1,8,239,Transmission,8.66,D,N2,Buyer Epsilon,Machining,11117.81,5786,239,5547,61670492.07,83580767.72,2.49,Daily,in_transit,2126.83,1965.65,2005.04,2375.12,1953.3,2637.75,7114,5718.37,4293.11,2307.78,792.55,0.0,3.34,2.91,2.14,0.97,0.41,0.0
EV-Program,08K-474-335-A,FRAME SUPPORT,4047,4047,KHATRI-BHARDWAJ PRIVATE LIMITED,1869,2523,710,0,1.35,Amber,25170.51,1263,977,7,5,27,Chassis,24.06,B,P1,Buyer Gamma,Fasteners,11669.95,2240,27,2213,25825599.35,26296144.99,1.18,Weekly,low_coverage,2078.6,2127.65,1781.9,1721.18,2223.17,1950.75,2523,926.96,0.0,0.0,0.0,0.0,1.21,0.44,0.0,0.0,0.0,0.0
Commercial-Vehicle,08K-828-184-B,FUEL RAIL,4056,4056,BHATTLLC PRIVATE LIMITED,1571,5283,138,0,3.36,Green,19140.95,2969,1885,3,2,38,Fuel System,5.57,A,P1,Buyer Delta,Metals,8514.75,4854,38,4816,41007036.0,44264761.47,3.07,Weekly,healthy,1732.87,1679.43,1711.46,1640.76,1539.57,1553.16,5283,3909.84,2373.73,921.33,0.0,0.0,3.05,2.33,1.39,0.56,0.0,0.0
India3.0,08K-408-714-C,SEAT BRACKET,4046,4046,,2467,6341,362,0,2.57,Green,29222.71,2350,2212,2,1,26,Interior,18.5,C,B2,Buyer Epsilon,Machining,4608.14,4562,26,4536,20902523.04,32290125.32,1.84,Monthly,healthy,2180.43,2832.0,2862.97,2239.1,2121.55,2741.35,6341,4118.44,1524.0,0.0,0.0,0.0,2.91,1.45,0.53,0.0,0.0,0.0
India2.0,08K-561-311-P,CLUTCH PLATE,4068,4068,NORI-CHOPRA PRIVATE LIMITED,398,442,262,0,1.11,Amber,4622.33,230,83,3,6,14,Transmission,18.32,B,B2,Buyer Delta,Fasteners,10060.92,313,14,299,3008215.08,4589678.91,0.75,Weekly,low_coverage,368.58,466.22,464.09,470.99,360.61,375.08,442,157.31,0.0,0.0,0.0,0.0,1.2,0.34,0.0,0.0,0.0,0.0
Commercial-Vehicle,06A-536-367-A,FUEL FILTER,4061,4061,"KHANNA,MALLICKANDSUNDER PRIVATE LIMITED",2053,226,824,1003,0.11,Red,23691.59,79,88,6,1,51,Fuel System,5.23,A,P3,Buyer Gamma,Machining,3099.83,167,51,116,359580.28,674842.25,0.06,Monthly,critical,2260.29,2458.19,2366.92,1836.35,2362.08,1863.63,226,0.0,0.0,0.0,0.0,0.0,0.1,0.0,0.0,0.0,0.0,0.0
Passenger-Vehicle,06A-908-485-B,SENSOR ASSEMBLY,4005,4005,KAULPLC PRIVATE LIMITED,3482,1814,2224,0,0.52,Red,39727.04,745,568,4,1,12,Electrical,23.75,A,P1,Buyer Delta,Casting,7935.19,1313,12,1301,10323682.19,13378002.88,0.37,Monthly,demand_spike,4176.55,5423.3,4287.11,4131.08,3968.45,5168.14,1814,0.0,0.0,0.0,0.0,0.0,0.43,0.0,0.0,0.0,0.0,0.0
EV-Program,04C-597-363-P,FRAME SUPPORT,4047,4047,,2282,28268,293,0,12.39,Gray,31327.76,14130,9573,1,1,9,Chassis,8.72,A,N2,Buyer Epsilon,Forging,9685.63,23703,9,23694,229491317.22,308406026.87,10.38,Daily,excess,2106.29,2094.19,2399.91,2308.07,2329.56,2569.33,28268,26422.45,24618.16,22708.25,20722.31,18575.23,13.42,12.62,10.26,9.84,8.9,7.23
Commercial-Vehicle,04C-919-493-B,COOLING FAN,4063,4063,"SOLANKI,KIBEANDSOLANKI PRIVATE LIMITED",806,2921,86,0,3.62,Green,10675.99,1781,462,3,6,59,Cooling,17.63,A,P3,Buyer Epsilon,Metals,2437.79,2243,59,2184,5324133.36,6212875.74,2.71,Weekly,in_transit,748.27,771.97,764.95,959.25,898.97,855.41,2921,2233.4,1621.38,822.18,238.17,0.0,3.9,2.89,2.12,0.86,0.26,0.0
India2.0,08K-470-798-C,FUEL FILTER,4029,4029,DEWAN-KOSHY PRIVATE LIMITED,129,161,59,0,1.25,Amber,1633.81,103,47,7,3,57,Fuel System,4.97,D,N1,Buyer Alpha,Metals,4601.79,150,57,93,427966.47,717417.62,0.72,Daily,low_coverage,111.68,118.39,119.75,132.63,129.46,150.79,161,144.84,142.83,174.53,140.31,123.83,1.44,1.22,1.19,1.32,1.08,0.82
India3.0,06A-975-520-B,CROSS MEMBER,4040,4040,SETTYINC PRIVATE LIMITED,412,63,105,244,0.15,Red,5150.58,22,24,3,7,93,Chassis,22.1,A,P2,Buyer Delta,Rubber,10009.1,46,93,0,0.0,616198.22,0.0,Daily,critical,399.28,449.39,410.78,399.66,486.0,474.5,63,0.0,0.0,0.0,0.0,0.0,0.16,0.0,0.0,0.0,0.0,0.0
Commercial-Vehicle,12B-273-714-P,FUEL FILTER,4051,4051,GANDHI-LANKA PRIVATE LIMITED,1757,7341,179,0,4.18,Green,21748.34,4013,1811,2,8,172,Fuel System,18.15,D,P3,Buyer Beta,Forging,10624.85,5824,172,5652,60051652.2,80781997.14,3.22,Weekly,in_transit,1997.26,2091.46,1710.89,1662.61,2024.48,1649.15,7341,5472.09,3981.16,2613.92,800.71,0.0,3.68,2.62,2.33,1.57,0.4,0.0
India2.0,08K-101-839-C,INTAKE MANIFOLD,4031,4031,"RASTOGI,PATHAKANDKANDA PRIVATE LIMITED",1451,6579,8,0,4.53,Green,18995.63,3041,1862,3,0,67,Engine,4.5,C,B2,Buyer Alpha,Casting,3384.71,4903,67,4836,16368457.56,20255346.63,3.33,Daily,healthy,1504.38,1528.08,1359.13,1729.02,1645.43,1466.25,6579,5391.68,4245.18,2791.54,1601.47,551.49,4.37,3.53,3.12,1.61,0.97,0.38
EV-Program,04C-154-998-P,INTAKE MANIFOLD,4019,4019,PATLA-GABA PRIVATE LIMITED,2135,7185,297,0,3.37,Green,25038.27,3521,2241,1,3,37,Engine,4.56,D,N1,Buyer Alpha,Fasteners,2796.31,5762,37,5725,16008874.75,18683945.29,2.68,Monthly,healthy,2549.63,2487.88,1999.8,2489.84,2277.55,2259.09,7185,4790.85,2899.66,1055.93,0.0,0.0,2.82,1.93,1.45,0.42,0.0,0.0
Commercial-Vehicle,04C-290-878-C,GEAR HOUSING,4077,4077,GALAGROUP PRIVATE LIMITED,1624,5378,151,0,3.31,Green,21963.96,2208,1070,3,3,72,Transmission,18.18,D,P3,Buyer Delta,Fasteners,3616.4,3278,72,3206,11594178.4,17908982.76,1.97,Daily,healthy,1854.75,1530.22,1634.58,1781.58,1866.39,1760.48,5378,4230.1,2805.38,1311.5,0.0,0.0,2.9,2.76,1.72,0.74,0.0,0.0
India2.0,04C-743-921-C,FUEL FILTER,4011,4011,CHANDAGROUP PRIVATE LIMITED,2239,40,1228,971,0.02,Red,24022.98,20,7,7,4,12,Fuel System,9.15,A,B2,Buyer Delta,Forging,8175.19,27,12,15,122627.85,326221.24,0.01,Daily,critical,2101.85,2364.13,2451.61,2293.59,1910.19,2513.22,40,0.0,0.0,0.0,0.0,0.0,0.02,0.0,0.0,0.0,0.0,0.0
Passenger-Vehicle,06A-910-779-C,FUEL RAIL,4005,4005,KAULPLC PRIVATE LIMITED,0,275,1,0,,Gray,0.0,162,56,2,1,65,Fuel System,6.22,A,N1,Buyer Delta,Casting,2491.62,218,65,153,381217.86,688801.95,,Monthly,zero_demand,0.0,0.0,0.0,0.0,0.0,0.0,275,347.0,421.0,543.0,545.0,686.0,,,,,,
Commercial-Vehicle,06A-324-121-A,SHOCK ABSORBER,4065,4065,SANKARLLC PRIVATE LIMITED,1089,5020,141,0,4.61,Green,13337.93,1793,2002,4,4,162,Suspension,9.02,D,P3,Buyer Gamma,Plastics,11926.41,3795,162,3633,43328647.53,68343182.66,3.34,Daily,in_transit,938.48,1067.34,984.54,972.99,1243.3,1157.03,5020,4305.14,3427.3,2661.6,1560.41,621.63,5.35,4.03,3.48,2.74,1.26,0.54
EV-Program,15D-995-227-P,OIL FILTER HOUSING,4057,4057,KARPEPLC PRIVATE LIMITED,2449,2670,563,0,1.09,Amber,32376.7,1101,509,1,8,23,Engine,6.01,A,P3,Buyer Gamma,Forging,1443.38,1610,23,1587,2290644.06,3411569.33,0.65,Monthly,low_coverage,2824.27,2387.89,2085.4,2148.84,2681.47,2881.61,2670,906.31,0.0,0.0,0.0,0.0,0.95,0.38,0.0,0.0,0.0,0.0
EV-Program,08K-705-142-A,FUEL PIPE,4028,4028,SHANKER-DHAR PRIVATE LIMITED,4077,2646,837,594,0.65,Red,50341.37,1432,613,3,2,34,Fuel System,23.43,A,N2,Buyer Delta,Casting,5343.84,2045,34,2011,10746462.24,14251222.44,0.49,Weekly,demand_spike,3615.25,5789.62,7024.73,6619.59,5160.85,6658.02,2646,0.0,0.0,0.0,0.0,0.0,0.73,0.0,0.0,0.0,0.0,0.0
EV-Program,08K-620-623-P,DASHBOARD PANEL,4065,4065,SANKARLLC PRIVATE LIMITED,443,394,7,42,0.89,Red,5891.12,207,70,5,5,65,Interior,12.74,B,B1,Buyer Beta,Fasteners,8115.48,277,65,212,1720481.76,3401816.7,0.48,Weekly,low_coverage,426.99,465.26,439.69,518.8,468.91,469.79,394,41.94,0.0,0.0,0.0,0.0,0.92,0.09,0.0,0.0,0.0,0.0
Commercial-Vehicle,08K-836-965-P,CROSS MEMBER,4039,4039,MEMONGROUP PRIVATE LIMITED,1871,8921,139,0,4.77,Green,21494.83,5475,1600,1,2,47,Chassis,10.72,B,B1,Buyer Epsilon,Casting,7545.92,7075,47,7028,53032725.76,61598394.14,3.76,Weekly,healthy,1883.32,2072.75,1906.33,1601.5,2162.8,1948.83,8921,7008.55,5363.84,4209.84,2177.05,670.13,4.74,3.38,2.81,2.63,1.01,0.34
India2.0,08K-389-473-B,FUEL FILTER,4016,4016,"BOASE,BATHANDKARI PRIVATE LIMITED",1511,4083,7,0,2.7,Green,20731.7,1751,1361,3,3,55,Fuel System,6.09,C,P3,Buyer Gamma,Casting,7050.04,3112,55,3057,21551972.28,24647323.05,2.02,Weekly,healthy,1443.6,1766.27,1362.37,1388.72,1716.44,1430.47,4083,2448.03,1353.86,362.53,0.0,0.0,2.83,1.39,0.99,0.26,0.0,0.0
Passenger-Vehicle,12B-697-337-A,COOLING FAN,4024,4024,"NAIR,BHALLAANDKARNIK PRIVATE LIMITED",0,109,0,0,,Gray,0.0,51,17,3,3,89,Cooling,13.94,A,B2,Buyer Epsilon,Rubber,11905.55,68,89,0,0.0,1422429.52,,Daily,zero_demand,0.0,0.0,0.0,0.0,0.0,0.0,109,257.0,270.0,292.0,412.0,435.0,,,,,,
India3.0,15D-673-751-C,WATER PUMP,4005,4005,KAULPLC PRIVATE LIMITED,2140,2504,1323,0,1.17,Amber,27214.1,1155,852,2,6,4,Cooling,4.32,A,N2,Buyer Epsilon,Rubber,11800.56,2007,4,2003,23636521.68,26861779.21,0.94,Monthly,low_coverage,1877.63,2449.07,2123.02,2332.79,2523.38,2258.99,2504,602.15,0.0,0.0,0.0,0.0,1.33,0.25,0.0,0.0,0.0,0.0
Commercial-Vehicle,15D-940-544-C,DASHBOARD PANEL,4037,4037,APTE-CONTRACTOR PRIVATE LIMITED,0,211,1,0,,Gray,0.0,129,74,1,2,95,Interior,11.11,C,N2,Buyer Alpha,Fasteners,6256.01,203,95,108,675649.08,1414722.11,,Weekly,zero_demand,0.0,0.0,0.0,0.0,0.0,0.0,211,258.0,332.0,437.0,502.0,544.0,,,,,,
Commercial-Vehicle,08K-884-703-C,SEAT BRACKET,4035,4035,BHATT-RAJAN PRIVATE LIMITED,711,894,456,0,1.26,Amber,8997.71,531,182,5,7,32,Interior,10.52,A,P1,Buyer Epsilon,Electronics,3760.76,713,32,681,2561077.56,3657820.74,0.96,Daily,low_coverage,757.79,627.21,704.73,757.41,760.28,793.23,894,483.31,0.0,0.0,0.0,0.0,1.18,0.77,0.0,0.0,0.0,0.0
Commercial-Vehicle,12B-767-939-B,CONTROL ARM,4019,4019,PATLA-GABA PRIVATE LIMITED,578,2000,17,0,3.46,Green,6209.43,824,542,0,3,28,Suspension,12.61,A,P1,Buyer Gamma,Casting,3224.82,1366,28,1338,4314809.16,6561858.22,2.31,Daily,healthy,545.89,627.95,574.99,686.25,501.71,557.63,2000,1649.94,1219.46,681.72,356.14,0.0,3.66,2.63,2.12,0.99,0.71,0.0
Passenger-Vehicle,04C-685-640-B,SENSOR ASSEMBLY,4051,4051,GANDHI-LANKA PRIVATE LIMITED,1981,130,1232,619,0.07,Red,21901.68,63,31,7,3,28,Electrical,23.61,A,B2,Buyer Gamma,Machining,7833.84,94,28,66,517033.44,898443.25,0.03,Weekly,critical,2350.94,2295.95,1713.19,2363.81,1857.23,1779.04,130,0.0,0.0,0.0,0.0,0.0,0.06,0.0,0.0,0.0,0.0,0.0
Passenger-Vehicle,04C-854-943-C,GEAR HOUSING,4031,4031,"RASTOGI,PATHAKANDKANDA PRIVATE LIMITED",2261,7691,320,0,3.4,Green,24989.58,4329,2116,1,1,23,Transmission,1.05,B,P2,Buyer Epsilon,Metals,3861.27,6445,23,6422,24797075.94,33520178.99,2.84,Monthly,healthy,2633.31,2709.32,2453.34,2538.64,2355.48,2649.97,7691,5657.91,3405.58,1471.82,0.0,0.0,2.92,2.09,1.39,0.58,0.0,0.0
India2.0,15D-869-256-A,DASHBOARD PANEL,4045,4045,NAIKGROUP PRIVATE LIMITED,1230,1447,370,0,1.18,Amber,15341.22,711,471,1,3,42,Interior,10.1,D,P3,Buyer Gamma,Rubber,6981.33,1182,42,1140,7958716.2,9651477.95,0.93,Weekly,low_coverage,1312.6,1094.17,1434.49,1064.76,1315.64,1098.67,1447,628.06,0.0,0.0,0.0,0.0,1.1,0.57,0.0,0.0,0.0,0.0
Commercial-Vehicle,06A-155-790-A,CLUTCH PLATE,4037,4037,APTE-CONTRACTOR PRIVATE LIMITED,0,79,0,0,,Gray,0.0,38,16,0,1,78,Transmission,15.76,D,B1,Buyer Alpha,Electronics,11598.46,54,78,0,0.0,802748.32,,Weekly,zero_demand,0.0,0.0,0.0,0.0,0.0,0.0,79,135.0,240.0,245.0,361.0,468.0,,,,,,
EV-Program,08K-642-388-B,CHASSIS BRACKET,4015,4015,"MEMON,PATHAKANDHANDA PRIVATE LIMITED",1479,6595,175,0,4.46,Green,20252.26,3151,993,4,0,62,Chassis,21.78,D,P3,Buyer Delta,Plastics,10844.91,4144,62,4082,44268922.62,70714561.17,2.76,Weekly,healthy,1296.5,1349.2,1696.84,1676.55,1670.98,1650.69,6595,5370.72,3956.65,2384.9,1111.29,0.0,5.09,3.98,2.33,1.42,0.67,0.0
EV-Program,06A-329-526-A,SHOCK ABSORBER,4038,4038,"YADAV,LOKEANDOAK PRIVATE LIMITED",463,1062,18,0,2.29,Green,5132.65,503,299,3,2,87,Suspension,0.26,D,B1,Buyer Gamma,Forging,8486.91,802,87,715,6068140.65,8565133.05,1.54,Daily,healthy,544.07,411.44,442.91,445.89,398.86,491.88,1062,758.89,347.9,108.51,0.0,0.0,1.95,1.84,0.79,0.24,0.0,0.0
Commercial-Vehicle,15D-555-483-P,FUEL RAIL,4007,4007,SENPLC PRIVATE LIMITED,2232,4281,134,0,1.92,Amber,24402.79,1621,1137,3,1,4,Fuel System,15.15,D,B1,Buyer Beta,Rubber,10800.51,2758,4,2754,29744604.54,50793004.84,1.23,Daily,healthy,2480.51,1984.16,2328.27,2571.07,2479.08,2189.46,4281,2744.64,659.65,0.0,0.0,0.0,1.73,1.38,0.28,0.0,0.0,0.0
EV-Program,12B-121-779-C,CLUTCH PLATE,4008,4008,AHUJA-DUTTA PRIVATE LIMITED,1507,396,775,336,0.26,Red,18726.44,196,80,4,2,31,Transmission,21.64,A,N2,Buyer Gamma,Machining,10714.06,276,31,245,2624944.7,4738362.69,0.16,Daily,critical,1432.6,1554.77,1662.13,1652.38,1770.46,1797.39,396,0.0,0.0,0.0,0.0,0.0,0.28,0.0,0.0,0.0,0.0,0.0
Passenger-Vehicle,04C-769-578-P,INTAKE MANIFOLD,4061,4061,"KHANNA,MALLICKANDSUNDER PRIVATE LIMITED",1332,1039,921,0,0.78,Red,13909.59,600,409,3,1,52,Engine,21.82,B,N1,Buyer Delta,Electronics,5127.53,1009,52,957,4907046.21,5855237.8,0.72,Monthly,low_coverage,1438.8,1514.06,1335.51,1476.96,1335.47,1407.06,1039,21.91,0.0,0.0,0.0,0.0,0.72,0.01,0.0,0.0,0.0,0.0
India3.0,08K-510-345-C,ENGINE MOUNT,4045,4045,NAIKGROUP PRIVATE LIMITED,5921,4670,4061,0,0.79,Red,77799.45,1822,1150,2,3,35,Engine,18.29,B,P3,Buyer Alpha,Plastics,5563.51,2972,35,2937,16340028.87,23093287.02,0.5,Weekly,demand_spike,7019.92,8257.37,6588.66,10051.23,10299.04,7865.32,4670,0.0,0.0,0.0,0.0,0.0,0.67,0.0,0.0,0.0,0.0,0.0
EV-Program,06A-891-136-P,FRAME SUPPORT,4014,4014,"DASH,RADHAKRISHNANANDBRAR PRIVATE LIMITED",1108,4463,106,0,4.03,Green,13911.88,2299,1484,1,0,46,Chassis,5.08,D,P3,Buyer Delta,Metals,10556.2,3783,46,3737,39448519.4,46971893.57,3.37,Daily,healthy,1134.4,1307.83,1177.28,1195.66,1033.01,1170.7,4463,3504.88,2596.9,1745.42,1018.81,0.0,3.93,2.68,2.21,1.46,0.99,0.0
Commercial-Vehicle,08K-591-616-P,RADIATOR PIPE,4063,4063,"SOLANKI,KIBEANDSOLANKI PRIVATE LIMITED",384,1869,36,0,4.87,Green,4130.53,773,316,2,0,30,Cooling,4.74,B,N1,Buyer Epsilon,Rubber,6840.42,1089,30,1059,7244004.78,13799810.78,2.76,Weekly,healthy,390.7,369.53,395.7,376.65,350.31,344.64,1869,1588.52,1340.73,1120.07,809.95,633.27,4.78,4.3,3.39,2.97,2.31,1.84
India3.0,08K-316-409-B,CHASSIS BRACKET,4016,4016,"BOASE,BATHANDKARI PRIVATE LIMITED",2357,1700,281,376,0.72,Red,29028.9,855,397,2,8,56,Chassis,8.81,A,P1,Buyer Gamma,Fasteners,11683.71,1252,56,1196,13973717.16,22440643.86,0.51,Weekly,low_coverage,2657.81,2231.88,2311.59,2264.35,2601.35,2068.52,1700,0.0,0.0,0.0,0.0,0.0,0.64,0.0,0.0,0.0,0.0,0.0
EV-Program,08K-921-208-P,OIL FILTER HOUSING,4076,4076,KALA-RATTAN PRIVATE LIMITED,1901,6969,263,0,3.67,Green,19273.4,3381,1659,1,2,48,Engine,1.78,C,P2,Buyer Delta,Fasteners,1928.74,5040,48,4992,9628270.08,13109542.8,2.63,Weekly,healthy,2202.73,1748.57,1867.06,2265.55,1825.72,2120.86,6969,5750.67,4081.46,2062.46,831.61,0.0,3.16,3.29,2.19,0.91,0.46,0.0
EV-Program,12B-478-505-P,SUSPENSION BRACKET,4025,4025,MUTTIGROUP PRIVATE LIMITED,2414,11401,0,0,4.72,Green,25171.3,6081,4383,4,3,9,Suspension,2.4,D,P3,Buyer Beta,Machining,1837.03,10464,9,10455,19206148.65,21833058.6,4.33,Daily,healthy,2232.82,2767.97,2364.27,2229.44,2801.95,2326.45,11401,8952.69,6687.48,4972.47,2838.67,851.33,5.11,3.23,2.83,2.23,1.01,0.37
Passenger-Vehicle,04C-152-552-B,DASHBOARD PANEL,4043,4043,"ISSAC,DUAANDPRAKASH PRIVATE LIMITED",2061,776,252,1033,0.38,Red,27456.88,456,237,6,2,90,Interior,9.84,C,P2,Buyer Alpha,Forging,5018.06,693,90,603,3025890.18,4122709.9,0.29,Monthly,demand_spike,1855.79,2682.33,2475.01,3768.2,2980.24,3096.04,776,0.0,0.0,0.0,0.0,0.0,0.42,0.0,0.0,0.0,0.0,0.0
Passenger-Vehicle,04C-549-762-P,TRANSMISSION COVER,4023,4023,MADAN-KANDA PRIVATE LIMITED,718,2668,62,0,3.72,Green,8150.6,1658,625,0,0,49,Transmission,9.39,D,N2,Buyer Beta,Plastics,2018.88,2283,49,2234,4510177.92,4987391.72,3.11,Monthly,healthy,818.88,850.11,658.49,708.83,645.6,692.91,2668,1990.06,1496.22,838.09,315.93,0.0,3.26,2.34,2.27,1.18,0.49,0.0
India3.0,04C-210-561-B,CHASSIS BRACKET,4023,4023,MADAN-KANDA PRIVATE LIMITED,1265,9527,149,0,7.53,Green,17015.7,3791,2817,0,2,83,Chassis,3.89,C,B1,Buyer Gamma,Machining,7128.08,6608,83,6525,46510722.0,70101414.81,5.16,Monthly,excess,1298.3,1201.1,1436.34,1474.29,1128.82,1217.57,9527,8455.64,7134.13,5962.24,4979.42,4094.5,7.34,7.04,4.97,4.04,4.41,3.36
India2.0,06A-163-629-B,BRAKE CALIPER,4066,4066,ROY-SIBAL PRIVATE LIMITED,0,152,0,0,,Gray,0.0,96,45,1,1,59,Braking,5.52,C,N1,Buyer Epsilon,Electronics,4862.82,141,59,82,398751.24,683112.22,,Daily,zero_demand,0.0,0.0,0.0,0.0,0.0,0.0,152,178.0,247.0,327.0,356.0,380.0,,,,,,
Passenger-Vehicle,06A-767-749-C,CONSOLE COVER,4024,4024,"NAIR,BHALLAANDKARNIK PRIVATE LIMITED",70,53,56,0,0.76,Red,903.43,33,14,5,3,50,Interior,17.68,D,B1,Buyer Delta,Fasteners,8738.1,47,50,0,0.0,404998.72,0.0,Weekly,low_coverage,65.45,59.75,82.46,63.39,79.1,68.93,53,69.1,51.31,107.26,152.85,129.79,0.81,1.16,0.62,1.69,1.93,1.88
Passenger-Vehicle,06A-707-282-C,ENGINE MOUNT,4070,4070,"SEN,DEYANDSAMI PRIVATE LIMITED",2064,10,919,1135,0,Red,26008.78,3,3,3,1,37,Engine,18.84,B,N2,Buyer Epsilon,Casting,5862.07,6,37,0,0.0,62119.62,0.0,Monthly,critical,2391.9,1807.17,2452.62,2335.45,1886.49,2069.99,10,0.0,0.0,0.0,0.0,0.0,0.0,0.0,0.0,0.0,0.0,0.0
Commercial-Vehicle,15D-707-291-P,SENSOR ASSEMBLY,4029,4029,DEWAN-KOSHY PRIVATE LIMITED,443,307,261,0,0.69,Red,5451.66,196,94,7,4,82,Electrical,4.86,B,P3,Buyer Delta,Plastics,9667.06,290,82,208,2010748.48,3214469.59,0.47,Weekly,low_coverage,447.78,456.55,419.06,431.17,388.81,466.29,307,0.0,0.0,0.0,0.0,0.0,0.69,0.0,0.0,0.0,0.0,0.0
Passenger-Vehicle,08K-857-467-B,OIL FILTER HOUSING,4061,4061,"KHANNA,MALLICKANDSUNDER PRIVATE LIMITED",0,191,0,0,,Gray,0.0,99,60,4,2,99,Engine,4.37,C,N2,Buyer Gamma,Casting,5967.59,159,99,60,358055.4,1177225.64,,Daily,zero_demand,0.0,0.0,0.0,0.0,0.0,0.0,191,320.0,352.0,354.0,445.0,510.0,,,,,,
India3.0,08K-237-529-C,BONNET ASSEMBLY,4025,4025,MUTTIGROUP PRIVATE LIMITED,1361,49,846,466,0.04,Red,14743.27,17,12,6,2,14,Body,19.69,D,B2,Buyer Alpha,Rubber,7363.51,29,14,15,110452.65,340096.6,0.01,Monthly,critical,1207.94,1566.78,1348.3,1605.94,1276.8,1577.42,49,0.0,0.0,0.0,0.0,0.0,0.04,0.0,0.0,0.0,0.0,0.0
India3.0,04C-116-647-C,WIRING HARNESS,4028,4028,SHANKER-DHAR PRIVATE LIMITED,2252,451,129,1672,0.2,Red,30508.68,249,151,4,5,45,Electrical,24.35,A,B2,Buyer Delta,Casting,1379.96,400,45,355,489885.8,688010.41,0.16,Monthly,critical,2166.55,2561.39,2261.98,2247.7,2616.6,2155.24,451,0.0,0.0,0.0,0.0,0.0,0.21,0.0,0.0,0.0,0.0,0.0
India3.0,04C-388-681-C,DASHBOARD PANEL,4004,4004,BALANINC PRIVATE LIMITED,2201,9473,124,0,4.3,Green,28216.68,5348,3025,2,2,70,Interior,5.32,B,P1,Buyer Gamma,Rubber,1182.48,8373,70,8303,9818131.44,12605293.78,3.77,Monthly,healthy,1970.22,2105.46,2289.9,2269.73,2197.95,2214.13,9473,7528.07,5588.33,3350.2,1535.44,0.0,4.81,3.58,2.44,1.48,0.7,0.0
India3.0,04C-600-486-P,CONSOLE COVER,4064,4064,GUPTA-CHANDRA PRIVATE LIMITED,859,1678,11,0,1.95,Amber,10003.43,735,417,0,0,5,Interior,13.12,D,B1,Buyer Epsilon,Fasteners,3709.17,1152,5,1147,4254417.99,5412944.05,1.34,Weekly,healthy,919.26,766.82,1018.79,770.18,935.98,909.58,1678,1123.43,320.4,0.0,0.0,0.0,1.83,1.47,0.31,0.0,0.0,0.0
India3.0,08K-216-651-P,COOLING FAN,4061,4061,"KHANNA,MALLICKANDSUNDER PRIVATE LIMITED",1539,12249,122,0,7.96,Green,18250.81,6515,2094,0,1,16,Cooling,24.05,D,B2,Buyer Gamma,Plastics,10382.63,8609,16,8593,89217939.59,145145448.78,5.58,Daily,excess,1428.38,1650.66,1581.07,1502.74,1492.14,1743.64,12249,11015.67,9811.0,8544.44,7368.34,6139.78,8.58,6.67,6.21,5.69,4.94,3.52
Commercial-Vehicle,04C-886-463-A,CLUTCH PLATE,4045,4045,NAIKGROUP PRIVATE LIMITED,1326,4865,145,0,3.67,Green,13822.45,2668,1605,4,4,167,Transmission,14.02,C,P2,Buyer Alpha,Casting,6139.59,4273,167,4106,25209156.54,25684158.64,3.1,Weekly,in_transit,1545.03,1406.0,1211.89,1273.85,1232.87,1543.12,4865,3689.83,2900.33,2040.04,1125.6,0.0,3.15,2.62,2.39,1.6,0.91,0.0
Commercial-Vehicle,04C-227-901-A,CROSS MEMBER,4044,4044,ZACHARIAPLC PRIVATE LIMITED,1329,19181,9,0,14.43,Gray,15683.13,9337,6226,4,3,90,Chassis,10.12,D,P3,Buyer Delta,Plastics,3233.08,15563,90,15473,50025446.84,62075761.03,11.64,Weekly,excess,1374.15,1403.07,1583.15,1473.99,1445.55,1139.73,19181,17855.17,16359.55,15121.2,14103.73,13112.5,13.96,12.73,10.33,10.26,9.76,11.5
EV-Program,08K-329-904-P,CLUTCH PLATE,4003,4003,"CHAUDRY,CHAHALANDSAMI PRIVATE LIMITED",0,209,1,0,,Gray,0.0,82,53,3,2,32,Transmission,6.18,C,B2,Buyer Delta,Machining,6641.34,135,32,103,684058.02,1500300.96,,Monthly,zero_demand,0.0,0.0,0.0,0.0,0.0,0.0,209,353.0,382.0,510.0,569.0,581.0,,,,,,
India3.0,06A-353-185-B,CONTROL ARM,4079,4079,MANGAL-SAMPATH PRIVATE LIMITED,1070,4641,15,0,4.34,Green,13930.38,2339,813,0,4,134,Suspension,17.26,C,P1,Buyer Epsilon,Metals,7224.6,3152,134,3018,21803842.8,33167628.36,2.82,Daily,in_transit,1143.31,1096.83,1007.29,1015.72,954.89,931.67,4641,3692.63,2766.26,2133.8,1244.84,499.91,4.06,3.37,2.75,2.1,1.3,0.54
India3.0,04C-488-111-C,FUEL PIPE,4048,4048,BRARINC PRIVATE LIMITED,1964,1485,555,0,0.76,Red,21541.41,844,280,8,4,34,Fuel System,6.27,D,B1,Buyer Epsilon,Rubber,720.16,1124,34,1090,784974.4,1194016.2,0.55,Daily,low_coverage,2223.49,1688.88,1813.74,2271.11,1754.27,1744.48,1485,0.0,0.0,0.0,0.0,0.0,0.67,0.0,0.0,0.0,0.0,0.0
India3.0,12B-881-892-B,OIL FILTER HOUSING,4047,4047,KHATRI-BHARDWAJ PRIVATE LIMITED,743,2869,33,0,3.86,Green,7917.26,1648,692,3,4,225,Engine,24.28,D,N2,Buyer Beta,Casting,941.63,2340,225,2115,1991547.45,2458533.02,2.85,Daily,in_transit,700.6,833.08,659.81,817.6,738.97,703.12,2869,2323.21,1861.29,1220.5,672.62,79.9,4.1,2.79,2.82,1.49,0.91,0.11
India3.0,08K-365-907-B,BRAKE CALIPER,4014,4014,"DASH,RADHAKRISHNANANDBRAR PRIVATE LIMITED",2397,9106,16,0,3.8,Green,25724.34,4135,2209,1,1,17,Braking,9.02,C,B1,Buyer Delta,Fasteners,9811.65,6344,17,6327,62078309.55,82107677.71,2.64,Weekly,healthy,2329.25,2210.49,2772.28,2062.84,2302.69,2111.3,9106,7163.06,5097.06,3661.48,1561.98,0.0,3.91,3.24,1.84,1.77,0.68,0.0
Commercial-Vehicle,04C-696-203-A,FUEL PIPE,4033,4033,BATTAINC PRIVATE LIMITED,1140,2765,150,0,2.43,Green,12518.49,1636,448,2,2,54,Fuel System,0.65,C,P1,Buyer Delta,Electronics,6803.31,2084,54,2030,13810719.3,16038627.86,1.78,Weekly,healthy,1195.75,1337.65,1142.32,1114.3,1167.24,1109.3,2765,1770.28,756.3,0.0,0.0,0.0,2.31,1.32,0.66,0.0,0.0,0.0
EV-Program,06A-790-749-B,SEAT BRACKET,4046,4046,CHOUDHURYLLC PRIVATE LIMITED,2490,17014,222,0,6.83,Green,25502.05,10254,5713,4,1,28,Interior,23.45,D,N2,Buyer Epsilon,Casting,5243.36,15967,28,15939,83573915.04,88373769.38,6.4,Daily,excess,2500.27,2946.34,2732.36,2714.03,2231.27,2769.71,17014,14564.66,12343.75,9838.16,8190.95,5585.11,6.8,4.94,4.52,3.62,3.67,2.02
Commercial-Vehicle,06A-587-496-P,BODY BRACKET,4055,4055,DARA-KOTA PRIVATE LIMITED,2065,5009,212,0,2.43,Green,26646.01,2821,1194,2,2,39,Body,10.28,C,B1,Buyer Alpha,Forging,7114.7,4015,39,3976,28288047.2,35171594.08,1.93,Daily,healthy,2121.74,2079.49,2111.57,2072.86,1851.18,2407.34,5009,3376.02,1366.92,0.0,0.0,0.0,2.36,1.62,0.65,0.0,0.0,0.0
Commercial-Vehicle,08K-286-311-A,SEAT BRACKET,4050,4050,DAVELTD PRIVATE LIMITED,1521,3151,96,0,2.07,Green,16617.88,1433,1211,0,0,15,Interior,17.51,B,B2,Buyer Beta,Fasteners,1227.62,2644,15,2629,3227412.98,4108853.32,1.73,Daily,healthy,1721.21,1613.91,1654.41,1383.19,1813.12,1708.0,3151,1999.29,709.47,0.0,0.0,0.0,1.83,1.24,0.43,0.0,0.0,0.0
EV-Program,12B-354-214-P,CONTROL MODULE,4057,4057,KARPEPLC PRIVATE LIMITED,904,1240,592,0,1.37,Amber,9716.58,438,303,6,1,15,Electrical,4.62,B,P1,Buyer Epsilon,Fasteners,7310.62,741,15,726,5307510.12,9037203.95,0.8,Daily,low_coverage,1007.79,829.69,1070.17,1071.01,1075.7,836.92,1240,551.46,0.0,0.0,0.0,0.0,1.23,0.66,0.0,0.0,0.0,0.0
India3.0,04C-674-770-C,INTAKE MANIFOLD,4073,4073,"CHAUDHARI,BEDIANDZACHARIAH PRIVATE LIMITED",0,107,0,0,,Gray,0.0,57,42,1,1,13,Engine,21.8,A,N2,Buyer Epsilon,Forging,5736.66,99,13,86,493352.76,685471.98,,Weekly,zero_demand,0.0,0.0,0.0,0.0,0.0,0.0,107,147.0,242.0,248.0,252.0,290.0,,,,,,
India2.0,06A-124-148-C,SENSOR ASSEMBLY,4032,4032,UPADHYAYGROUP PRIVATE LIMITED,1344,749,269,326,0.56,Red,14701.09,474,133,2,8,41,Electrical,15.67,D,N1,Buyer Gamma,Fasteners,6860.01,607,41,566,3882765.66,4923545.2,0.42,Weekly,low_coverage,1513.81,1221.12,1389.72,1548.7,1584.09,1222.04,749,0.0,0.0,0.0,0.0,0.0,0.49,0.0,0.0,0.0,0.0,0.0
EV-Program,12B-249-208-C,CROSS MEMBER,4070,4070,"SEN,DEYANDSAMI PRIVATE LIMITED",40,140,0,0,3.5,Green,448.59,56,29,0,3,37,Chassis,6.59,B,P3,Buyer Epsilon,Rubber,7068.9,85,37,48,339307.2,963608.85,1.2,Monthly,healthy,38.08,40.23,35.46,44.74,45.11,37.79,140,190.78,229.11,272.05,368.86,345.26,3.68,4.74,6.46,6.08,8.18,9.14
Passenger-Vehicle,06A-768-692-C,CONSOLE COVER,4014,4014,"DASH,RADHAKRISHNANANDBRAR PRIVATE LIMITED",1566,7658,113,0,4.89,Green,19142.24,3975,2557,4,3,86,Interior,15.32,C,P2,Buyer Delta,Fasteners,5411.62,6532,86,6446,34883302.52,45978725.61,4.12,Daily,healthy,1712.84,1528.36,1671.25,1361.03,1581.98,1489.88,7658,6460.5,4828.91,3699.46,2562.16,1524.61,4.47,4.23,2.89,2.72,1.62,1.02
India3.0,04C-953-892-A,TRANSMISSION COVER,4021,4021,"LOKE,BORAANDGARG PRIVATE LIMITED",891,1678,68,0,1.88,Amber,10180.12,1053,360,4,1,66,Transmission,24.23,B,N1,Buyer Beta,Casting,10550.62,1413,66,1347,14211685.14,16359402.89,1.51,Weekly,healthy,1049.4,841.68,907.81,864.8,873.75,1064.76,1678,1056.16,340.59,0.0,0.0,0.0,1.6,1.25,0.38,0.0,0.0,0.0
India3.0,04C-307-375-P,GEAR HOUSING,4019,4019,PATLA-GABA PRIVATE LIMITED,2001,9928,79,0,4.96,Green,26834.49,4838,2744,0,2,3,Transmission,20.56,D,P3,Buyer Beta,Electronics,11883.09,7582,3,7579,90061939.11,120668950.66,3.79,Monthly,healthy,2252.5,1864.82,1939.26,1705.69,2313.98,2268.97,9928,8246.41,6608.68,5099.29,3295.79,1484.32,4.41,4.42,3.41,2.99,1.42,0.65
EV-Program,06A-496-673-C,BRAKE CALIPER,4042,4042,"CHERIAN,MISRAANDTRIPATHI PRIVATE LIMITED",2215,10222,308,0,4.61,Green,30991.97,6081,1603,3,3,92,Braking,16.54,D,P2,Buyer Epsilon,Fasteners,3232.93,7684,92,7592,24544404.56,33030503.65,3.43,Weekly,healthy,1916.48,2269.38,2527.42,2558.67,2490.49,2448.35,10222,8012.43,5682.48,3756.4,1451.99,0.0,5.33,3.53,2.25,1.47,0.58,0.0
India3.0,04C-421-676-P,WIRING HARNESS,4011,4011,CHANDAGROUP PRIVATE LIMITED,5337,1092,2662,1583,0.2,Red,58813.03,522,306,6,3,64,Electrical,11.58,A,P2,Buyer Beta,Plastics,8506.16,828,64,764,6498706.24,8704846.57,0.14,Weekly,demand_spike,5543.67,5718.33,7209.5,6718.47,7141.03,6141.55,1092,0.0,0.0,0.0,0.0,0.0,0.2,0.0,0.0,0.0,0.0,0.0
Commercial-Vehicle,12B-494-510-B,SEAT BRACKET,4066,4066,ROY-SIBAL PRIVATE LIMITED,1458,6900,123,0,4.73,Green,14994.49,3760,1690,2,3,14,Interior,24.32,A,N2,Buyer Gamma,Electronics,5062.12,5450,14,5436,27517684.32,29763378.93,3.73,Daily,healthy,1400.38,1666.84,1444.37,1428.41,1709.1,1622.96,6900,5434.54,4134.6,2955.14,1438.28,153.97,4.93,3.26,2.86,2.07,0.84,0.09
Commercial-Vehicle,06A-760-638-C,BRAKE BRACKET,4044,4044,ZACHARIAPLC PRIVATE LIMITED,592,1532,41,0,2.59,Green,8114.13,564,449,0,6,252,Braking,6.96,A,N1,Buyer Delta,Electronics,7049.94,1013,252,761,5365004.34,10921321.47,1.29,Weekly,in_transit,605.79,618.88,600.17,532.57,645.53,589.01,1532,1028.39,603.39,222.3,0.0,0.0,2.53,1.66,1.01,0.42,0.0,0.0
India3.0,15D-502-206-B,RADIATOR PIPE,4056,4056,BHATTLLC PRIVATE LIMITED,173,743,2,0,4.29,Green,1907.8,381,146,0,0,24,Cooling,6.98,D,N2,Buyer Delta,Forging,2979.22,527,24,503,1498547.66,2257834.28,2.91,Weekly,healthy,201.41,148.25,195.55,171.3,166.63,169.55,743,656.89,490.38,487.13,421.37,355.68,3.69,4.43,2.51,2.84,2.53,2.1
Commercial-Vehicle,04C-809-225-P,FUEL FILTER,4067,4067,"BHAGAT,CHAUDHARIANDBHAT PRIVATE LIMITED",318,1542,34,0,4.85,Green,3434.04,843,357,4,0,58,Fuel System,10.86,C,B2,Buyer Delta,Forging,11252.01,1200,58,1142,12849795.42,19791200.73,3.59,Monthly,healthy,376.62,318.38,360.22,309.86,318.98,343.02,1542,1285.43,1113.4,949.43,808.23,554.78,4.09,4.04,3.09,3.06,2.53,1.62
India2.0,06A-652-776-C,FUEL PIPE,4054,4054,"PRAKASH,SARMAANDVARUGHESE PRIVATE LIMITED",708,137,290,281,0.19,Red,7469.08,87,36,6,8,14,Fuel System,2.61,B,P1,Buyer Gamma,Metals,7119.26,123,14,109,775999.34,956058.26,0.15,Monthly,critical,741.71,821.46,634.29,803.31,770.22,813.93,137,0.0,0.0,0.0,0.0,0.0,0.18,0.0,0.0,0.0,0.0,0.0
India2.0,06A-389-641-B,INTAKE MANIFOLD,4036,4036,SIDHU-WADHWA PRIVATE LIMITED,3105,2101,1108,0,0.68,Red,36230.04,794,491,3,0,19,Engine,18.85,C,P1,Buyer Delta,Forging,2091.4,1285,19,1266,2647712.4,4272801.37,0.41,Weekly,demand_spike,3326.26,4175.98,4367.18,4038.67,4166.69,4187.38,2101,0.0,0.0,0.0,0.0,0.0,0.63,0.0,0.0,0.0,0.0,0.0
Commercial-Vehicle,08K-451-363-C,ENGINE MOUNT,4077,4077,GALAGROUP PRIVATE LIMITED,1030,3403,149,0,3.3,Green,12935.36,1216,735,4,3,77,Engine,1.72,B,N1,Buyer Gamma,Fasteners,11302.27,1951,77,1874,21180453.98,32737490.64,1.82,Daily,healthy,1210.0,884.17,1050.06,960.44,1213.9,1046.63,3403,2721.88,1802.64,1064.42,239.78,0.0,2.81,3.08,1.72,1.11,0.2,0.0
India3.0,12B-733-975-B,FRAME SUPPORT,4042,4042,"CHERIAN,MISRAANDTRIPATHI PRIVATE LIMITED",457,2185,23,0,4.78,Green,6231.9,987,701,3,0,54,Chassis,4.61,C,B2,Buyer Delta,Fasteners,3485.68,1688,54,1634,5695601.12,7799223.16,3.58,Daily,healthy,516.19,527.6,462.45,542.28,421.67,490.27,2185,1754.21,1436.48,1007.9,720.8,394.31,4.23,3.32,3.11,1.86,1.71,0.8
Passenger-Vehicle,04C-146-103-B,BODY BRACKET,4073,4073,"CHAUDHARI,BEDIANDZACHARIAH PRIVATE LIMITED",559,2019,5,0,3.61,Green,6084.26,796,525,0,0,88,Body,4.82,C,P2,Buyer Delta,Forging,7252.13,1321,88,1233,8941876.29,15078915.2,2.21,Weekly,healthy,586.15,536.79,660.81,629.67,667.48,642.7,2019,1548.77,941.66,502.31,96.09,0.0,3.44,2.89,1.43,0.8,0.14,0.0
EV-Program,06A-140-114-P,CONSOLE COVER,4027,4027,"MURTY,KALAANDTATA PRIVATE LIMITED",2327,6898,47,0,2.96,Green,25623.83,3373,1293,1,1,4,Interior,1.18,A,B1,Buyer Delta,Rubber,9708.03,4666,4,4662,45258835.86,75400659.97,2.0,Monthly,in_transit,2757.9,2385.36,2392.19,2712.96,2238.25,2467.91,6898,5036.66,2864.86,345.1,0.0,0.0,2.5,2.11,1.2,0.13,0.0,0.0
EV-Program,08K-866-520-A,CONTROL MODULE,4044,4044,ZACHARIAPLC PRIVATE LIMITED,1757,1852,913,0,1.05,Amber,23787.73,954,333,5,6,51,Electrical,3.12,C,N1,Buyer Beta,Casting,7758.85,1287,51,1236,9589938.6,12928277.6,0.7,Daily,low_coverage,1898.13,1895.76,1987.52,1606.48,1710.96,2019.64,1852,385.8,0.0,0.0,0.0,0.0,0.98,0.2,0.0,0.0,0.0,0.0
EV-Program,04C-849-371-B,BRAKE PAD,4047,4047,KHATRI-BHARDWAJ PRIVATE LIMITED,2066,7977,183,0,3.86,Green,26474.84,3574,2017,4,3,46,Braking,12.05,C,B2,Buyer Beta,Fasteners,4774.76,5591,46,5545,26476044.2,32852362.84,2.68,Monthly,healthy,2427.58,2420.18,2079.83,2167.81,2129.1,1762.39,7977,6079.51,4401.97,2630.95,716.84,0.0,3.29,2.51,2.12,1.21,0.34,0.0
India2.0,08K-681-503-A,SENSOR ASSEMBLY,4030,4030,"YOHANNAN,LALLANDSANGHA PRIVATE LIMITED",1712,999,583,130,0.58,Red,18105.58,366,304,7,4,39,Electrical,6.58,D,B2,Buyer Delta,Casting,579.08,670,39,631,365399.48,573617.92,0.37,Daily,low_coverage,1781.84,1746.82,1540.73,1671.93,1989.98,1554.78,999,0.0,0.0,0.0,0.0,0.0,0.56,0.0,0.0,0.0,0.0,0.0
Commercial-Vehicle,06A-486-489-A,SHOCK ABSORBER,4007,4007,SENPLC PRIVATE LIMITED,3520,1908,2043,0,0.54,Red,40872.47,957,434,1,3,6,Suspension,20.2,B,P3,Buyer Delta,Electronics,6480.42,1391,6,1385,8975381.7,11990877.75,0.39,Weekly,demand_spike,4200.03,4730.88,5378.07,4269.25,4753.91,4835.59,1908,0.0,0.0,0.0,0.0,0.0,0.45,0.0,0.0,0.0,0.0,0.0
Passenger-Vehicle,12B-875-856-C,BONNET ASSEMBLY,4039,4039,MEMONGROUP PRIVATE LIMITED,1711,620,339,752,0.36,Red,20351.16,303,122,1,5,93,Body,24.18,C,P3,Buyer Epsilon,Forging,11064.87,425,93,332,3673536.84,7214153.29,0.19,Daily,critical,1598.65,1978.49,1692.55,2015.68,1506.41,1975.4,620,0.0,0.0,0.0,0.0,0.0,0.39,0.0,0.0,0.0,0.0,0.0
Passenger-Vehicle,15D-926-102-P,BONNET ASSEMBLY,4080,4080,"SUR,DUBEYANDGUPTA PRIVATE LIMITED",2150,7902,165,0,3.68,Green,25086.96,3413,2864,0,2,29,Body,21.93,B,B2,Buyer Alpha,Metals,11486.63,6277,29,6248,71768464.24,103702157.75,2.91,Weekly,healthy,1998.96,2481.29,1848.31,2029.06,2432.89,2199.2,7902,5842.29,4321.52,2603.25,438.03,0.0,3.95,2.35,2.34,1.28,0.18,0.0
India3.0,15D-456-718-P,DOOR PANEL,4013,4013,"LALLA,BASSIANDSHARAF PRIVATE LIMITED",1523,773,313,437,0.51,Red,16694.88,320,295,2,3,46,Body,2.53,D,N1,Buyer Gamma,Machining,2197.35,615,46,569,1250292.15,1567270.12,0.37,Monthly,low_coverage,1734.83,1660.08,1703.94,1336.95,1424.83,1552.5,773,0.0,0.0,0.0,0.0,0.0,0.45,0.0,0.0,0.0,0.0,0.0
India2.0,06A-594-244-A,INTAKE MANIFOLD,4001,4001,"CHOUDHURY,BAKSHIANDMAHARAJ PRIVATE LIMITED",450,20,237,193,0.04,Red,5177.19,12,7,6,3,27,Engine,21.11,A,P1,Buyer Epsilon,Rubber,7887.65,19,27,0,0.0,159153.81,0.0,Monthly,critical,423.01,518.56,400.41,427.34,479.96,523.92,20,0.0,0.0,0.0,0.0,0.0,0.05,0.0,0.0,0.0,0.0,0.0
India2.0,06A-214-201-C,BRAKE PAD,4002,4002,KAPOORANDSONS PRIVATE LIMITED,2253,4973,321,0,2.21,Green,28959.13,1990,1218,0,4,92,Braking,14.14,C,P2,Buyer Epsilon,Rubber,11199.78,3208,92,3116,34898514.48,58725224.65,1.38,Daily,in_transit,1934.77,2601.43,2465.37,2453.82,2476.02,2031.4,4973,2949.3,798.51,0.0,0.0,0.0,2.57,1.13,0.32,0.0,0.0,0.0
India2.0,08K-910-302-P,WATER PUMP,4064,4064,GUPTA-CHANDRA PRIVATE LIMITED,435,28,258,149,0.06,Red,4542.82,15,10,7,7,59,Cooling,13.1,A,P1,Buyer Gamma,Plastics,9001.63,25,59,0,0.0,214772.58,0.0,Weekly,critical,418.45,446.97,435.57,395.73,415.25,401.53,28,0.0,0.0,0.0,0.0,0.0,0.07,0.0,0.0,0.0,0.0,0.0
Commercial-Vehicle,06A-552-271-C,FRAME SUPPORT,4041,4041,"LALL,TELLAANDGOKHALE PRIVATE LIMITED",1082,2243,74,0,2.07,Green,12606.86,941,614,3,0,57,Chassis,14.91,D,P2,Buyer Beta,Electronics,6041.54,1555,57,1498,9050226.92,12536882.48,1.38,Monthly,healthy,1090.9,1197.6,1296.96,1022.93,1048.36,1043.79,2243,1235.4,151.79,0.0,0.0,0.0,2.06,1.03,0.12,0.0,0.0,0.0
India2.0,12B-378-653-B,ENGINE MOUNT,4016,4016,"BOASE,BATHANDKARI PRIVATE LIMITED",2261,4423,184,0,1.96,Amber,23586.21,1887,1135,1,4,33,Engine,14.21,D,P2,Buyer Alpha,Electronics,10896.99,3022,33,2989,32571103.11,43793788.03,1.32,Weekly,in_transit,2225.22,2622.82,1945.17,2170.97,2426.76,2556.49,4423,2157.73,653.58,0.0,0.0,0.0,1.99,0.82,0.34,0.0,0.0,0.0
India2.0,15D-256-909-P,ENGINE MOUNT,4058,4058,AMBLEINC PRIVATE LIMITED,2494,29210,278,0,11.71,Gray,31770.97,15284,11055,1,0,69,Engine,10.61,C,P1,Buyer Delta,Fasteners,341.87,26339,69,26270,8980924.9,8787096.14,10.53,Daily,excess,2777.25,2836.5,2556.22,2503.08,2871.04,2468.28,29210,26948.88,24705.44,22412.61,20310.56,18564.46,10.52,9.5,9.66,8.95,7.07,7.52
India3.0,08K-817-583-P,WIRING HARNESS,4020,4020,PANT-KADAKIA PRIVATE LIMITED,2293,358,471,1464,0.16,Red,25730.52,195,82,3,8,56,Electrical,17.53,C,P1,Buyer Epsilon,Rubber,90.19,277,56,221,19931.99,29281.33,0.1,Monthly,critical,2068.44,2232.6,2376.1,2329.7,2349.4,2446.15,358,0.0,0.0,0.0,0.0,0.0,0.17,0.0,0.0,0.0,0.0,0.0
India3.0,08K-103-499-A,BRAKE CALIPER,4052,4052,"SAMPATH,KAKARANDZACHARIA PRIVATE LIMITED",820,157,393,270,0.19,Red,9138.68,86,33,5,3,34,Braking,21.32,D,N1,Buyer Beta,Rubber,8577.85,119,34,85,729117.25,1369847.06,0.1,Weekly,critical,788.58,925.47,870.01,816.48,923.45,792.71,157,0.0,0.0,0.0,0.0,0.0,0.2,0.0,0.0,0.0,0.0,0.0
EV-Program,15D-371-400-B,ENGINE MOUNT,4015,4015,"MEMON,PATHAKANDHANDA PRIVATE LIMITED",565,1635,25,0,2.89,Green,6227.26,676,315,2,3,22,Engine,16.07,B,B2,Buyer Alpha,Forging,1138.72,991,22,969,1103419.68,2067765.32,1.72,Daily,healthy,590.32,523.19,536.28,638.29,520.47,496.87,1635,1202.94,857.02,437.6,0.0,0.0,2.77,2.3,1.6,0.69,0.0,0.0
India2.0,12B-423-928-P,SEAT BRACKET,4049,4049,"SUNDER,BISWASANDWALIA PRIVATE LIMITED",469,825,14,0,1.76,Amber,4920.78,447,159,3,3,34,Interior,9.28,A,B2,Buyer Epsilon,Rubber,10794.81,606,34,572,6174631.32,8242265.4,1.22,Weekly,healthy,462.24,496.52,427.13,451.7,543.46,531.94,825,503.41,187.98,0.0,0.0,0.0,1.78,1.01,0.44,0.0,0.0,0.0
Passenger-Vehicle,12B-216-842-P,FUEL RAIL,4073,4073,"CHAUDHARI,BEDIANDZACHARIAH PRIVATE LIMITED",980,4755,142,0,4.85,Green,10472.34,3087,743,2,1,94,Fuel System,20.24,D,P2,Buyer Delta,Forging,622.65,3830,94,3736,2326220.4,2963518.27,3.81,Monthly,healthy,881.13,935.85,1016.53,1155.34,1171.81,1049.74,4755,3952.81,3115.46,2171.84,1174.76,490.98,5.4,4.22,3.06,1.88,1.0,0.47
Commercial-Vehicle,15D-332-754-A,GEAR HOUSING,4019,4019,PATLA-GABA PRIVATE LIMITED,281,2927,40,0,10.42,Gray,2851.56,1092,1004,2,3,1,Transmission,23.15,A,N2,Buyer Delta,Metals,6245.72,2096,1,2095,13084783.4,17939934.03,7.46,Weekly,excess,273.27,249.42,252.5,279.7,313.75,255.08,2927,2729.67,2497.74,2352.85,2225.85,2113.34,10.71,10.94,9.89,8.41,7.09,8.29
EV-Program,06A-631-821-B,SUSPENSION BRACKET,4071,4071,MALLICKGROUP PRIVATE LIMITED,1543,4810,101,0,3.12,Green,20138.37,2412,1035,4,3,77,Suspension,15.01,C,N1,Buyer Gamma,Fasteners,478.77,3447,77,3370,1613454.9,1979849.19,2.18,Monthly,healthy,1344.85,1357.33,1450.55,1431.89,1692.59,1348.13,4810,3541.59,2569.66,1383.93,0.0,0.0,3.58,2.61,1.77,0.97,0.0,0.0
India2.0,06A-643-464-C,WATER PUMP,4028,4028,SHANKER-DHAR PRIVATE LIMITED,4889,1675,2429,785,0.34,Red,53380.49,826,447,6,3,40,Cooling,15.85,D,N1,Buyer Alpha,Machining,8439.84,1273,40,1233,10406322.72,15497228.29,0.25,Daily,demand_spike,5253.03,6091.11,6437.34,7674.8,5313.7,5340.73,1675,0.0,0.0,0.0,0.0,0.0,0.32,0.0,0.0,0.0,0.0,0.0
India3.0,08K-756-350-C,CROSS MEMBER,4040,4040,SETTYINC PRIVATE LIMITED,1628,432,167,1029,0.27,Red,21471.36,216,78,2,2,7,Chassis,19.12,C,P1,Buyer Delta,Machining,244.41,294,7,287,70145.67,94979.98,0.18,Monthly,critical,1461.74,1757.25,1397.1,1580.51,1582.68,1567.08,432,0.0,0.0,0.0,0.0,0.0,0.3,0.0,0.0,0.0,0.0,0.0
EV-Program,06A-314-905-C,CROSS MEMBER,4042,4042,"CHERIAN,MISRAANDTRIPATHI PRIVATE LIMITED",935,1347,258,0,1.44,Amber,11444.89,604,259,6,3,93,Chassis,6.44,A,P2,Buyer Alpha,Rubber,5850.65,863,93,770,4505000.5,8928583.23,0.82,Monthly,low_coverage,1101.78,1066.19,821.68,1047.67,987.5,998.03,1347,448.59,0.0,0.0,0.0,0.0,1.22,0.42,0.0,0.0,0.0,0.0
India2.0,08K-160-623-B,BRAKE CALIPER,4044,4044,ZACHARIAPLC PRIVATE LIMITED,1812,6271,45,0,3.46,Green,20602.36,2464,1825,0,2,16,Braking,0.66,B,P2,Buyer Gamma,Machining,51.02,4289,16,4273,218008.46,302657.68,2.36,Daily,healthy,2103.97,1980.8,1968.74,1778.1,1930.25,1623.18,6271,4667.68,3014.74,1612.07,42.04,0.0,2.98,2.36,1.53,0.91,0.02,0.0
India2.0,06A-793-116-A,GEAR HOUSING,4068,4068,NORI-CHOPRA PRIVATE LIMITED,2172,2924,294,0,1.35,Amber,26248.88,1601,944,7,4,44,Transmission,5.64,A,B1,Buyer Beta,Metals,5972.47,2545,44,2501,14937147.47,15059128.25,1.15,Daily,low_coverage,1924.05,1896.34,1882.89,1892.69,2060.1,2036.1,2924,1559.43,90.84,0.0,0.0,0.0,1.52,0.82,0.05,0.0,0.0,0.0
Passenger-Vehicle,06A-296-807-A,SHOCK ABSORBER,4031,4031,"RASTOGI,PATHAKANDKANDA PRIVATE LIMITED",5190,2730,4085,0,0.53,Red,71404.9,1654,642,8,1,58,Suspension,16.35,A,P2,Buyer Gamma,Metals,8709.41,2296,58,2238,19491659.58,27016020.63,0.43,Weekly,demand_spike,5097.18,7074.02,8324.12,7154.3,7337.27,6192.25,2730,0.0,0.0,0.0,0.0,0.0,0.54,0.0,0.0,0.0,0.0,0.0
Commercial-Vehicle,06A-155-278-B,BRAKE CALIPER,4041,4041,"LALL,TELLAANDGOKHALE PRIVATE LIMITED",136,272,8,0,2,Green,1369.45,126,59,1,0,54,Braking,10.98,C,B2,Buyer Delta,Electronics,5595.54,185,54,131,733015.74,1342144.48,0.96,Weekly,healthy,145.69,154.87,138.33,161.26,150.57,137.17,272,273.01,270.83,189.21,100.68,115.67,1.87,1.76,1.96,1.17,0.67,0.84
EV-Program,08K-542-357-B,WIRING HARNESS,4005,4005,KAULPLC PRIVATE LIMITED,1499,3330,118,0,2.22,Green,19597.39,1701,941,1,1,47,Electrical,6.03,A,P1,Buyer Gamma,Metals,6106.68,2642,47,2595,15846834.6,21961111.37,1.73,Weekly,healthy,1590.3,1625.61,1774.52,1773.46,1602.03,1419.11,3330,1924.6,551.55,0.0,0.0,0.0,2.09,1.18,0.31,0.0,0.0,0.0
India2.0,12B-595-828-P,SENSOR ASSEMBLY,4039,4039,MEMONGROUP PRIVATE LIMITED,2175,7360,169,0,3.38,Green,23974.12,4258,2206,0,8,36,Electrical,12.43,C,B1,Buyer Delta,Plastics,4533.14,6464,36,6428,29139023.92,31829002.61,2.96,Monthly,in_transit,1883.05,2078.09,2418.63,2171.15,2536.69,2379.86,7360,5577.91,3449.43,1830.31,0.0,0.0,3.91,2.68,1.43,0.84,0.0,0.0
Commercial-Vehicle,12B-633-620-P,BODY BRACKET,4014,4014,"DASH,RADHAKRISHNANANDBRAR PRIVATE LIMITED",927,1431,124,0,1.54,Amber,11448.1,666,310,1,0,87,Body,9.03,D,P1,Buyer Gamma,Casting,7976.93,976,87,889,7091490.77,11351398.95,0.96,Weekly,healthy,1061.47,881.58,1018.84,1069.96,946.89,1086.58,1431,858.32,0.0,0.0,0.0,0.0,1.35,0.97,0.0,0.0,0.0,0.0
Commercial-Vehicle,15D-513-168-A,RADIATOR PIPE,4011,4011,CHANDAGROUP PRIVATE LIMITED,1718,6078,154,0,3.54,Green,23916.99,3830,1274,4,7,123,Cooling,23.73,D,N2,Buyer Delta,Forging,6733.75,5104,123,4981,33540808.75,37869008.79,2.9,Monthly,in_transit,1844.67,1991.01,1530.39,1584.8,1572.96,2020.17,6078,4533.66,3095.04,1822.02,634.74,0.0,3.29,2.28,2.02,1.15,0.4,0.0
Commercial-Vehicle,08K-515-700-P,RADIATOR PIPE,4075,4075,RAYGROUP PRIVATE LIMITED,1265,1801,771,0,1.42,Amber,16836.02,676,461,7,4,94,Cooling,12.25,B,P1,Buyer Epsilon,Metals,6326.11,1137,94,1043,6598132.73,10451552.6,0.82,Monthly,low_coverage,1229.11,1097.81,1327.93,1155.14,1399.24,1179.32,1801,882.16,0.0,0.0,0.0,0.0,1.47,0.8,0.0,0.0,0.0,0.0
India3.0,06A-580-308-P,BRAKE CALIPER,4055,4055,DARA-KOTA PRIVATE LIMITED,89,246,5,0,2.76,Green,970.54,144,47,3,3,0,Braking,18.83,C,B2,Buyer Epsilon,Electronics,10048.78,191,0,191,1919316.98,2110151.64,2.15,Monthly,healthy,81.52,82.07,89.82,80.83,100.58,103.06,246,294.33,292.17,298.26,298.78,208.89,3.02,3.59,3.25,3.69,2.97,2.03
India2.0,04C-771-267-P,FUEL RAIL,4039,4039,MEMONGROUP PRIVATE LIMITED,1580,6759,32,0,4.28,Green,20119.79,2529,1954,1,7,175,Fuel System,12.16,A,B2,Buyer Beta,Machining,2515.94,4483,175,4308,10838669.52,17977097.44,2.73,Weekly,in_transit,1426.64,1804.65,1816.89,1525.22,1877.52,1528.17,6759,5270.87,3751.69,2458.75,883.2,0.0,4.74,2.92,2.06,1.61,0.47,0.0
India3.0,12B-805-437-C,COOLING FAN,4051,4051,GANDHI-LANKA PRIVATE LIMITED,1264,4139,166,0,3.27,Green,13885.11,1866,820,3,2,41,Cooling,20.78,C,P1,Buyer Beta,Plastics,5782.73,2686,41,2645,15295320.85,27361054.1,2.09,Weekly,healthy,1291.77,1150.95,1511.44,1291.43,1369.17,1143.1,4139,3155.72,2067.48,1078.3,65.57,0.0,3.2,2.74,1.37,0.83,0.05,0.0
India2.0,06A-509-843-P,COOLING FAN,4065,4065,SANKARLLC PRIVATE LIMITED,272,170,32,70,0.62,Red,3482.7,73,61,7,3,42,Cooling,21.44,D,N1,Buyer Gamma,Electronics,5494.73,134,42,92,505515.16,875846.81,0.34,Monthly,low_coverage,282.78,265.05,253.85,317.77,262.43,273.25,170,47.25,0.0,0.0,0.0,0.0,0.6,0.18,0.0,0.0,0.0,0.0
Passenger-Vehicle,04C-814-476-B,SENSOR ASSEMBLY,4018,4018,RAILLC PRIVATE LIMITED,1604,167,550,887,0.1,Red,20585.32,86,36,1,5,16,Electrical,10.07,D,N2,Buyer Beta,Electronics,1337.91,122,16,106,141818.46,242111.77,0.07,Daily,critical,1469.9,1820.6,1620.53,1848.14,1879.08,1556.11,167,0.0,0.0,0.0,0.0,0.0,0.11,0.0,0.0,0.0,0.0,0.0
Passenger-Vehicle,04C-168-261-P,SUSPENSION BRACKET,4047,4047,KHATRI-BHARDWAJ PRIVATE LIMITED,0,196,0,0,,Gray,0.0,73,60,4,2,99,Suspension,15.48,D,B2,Buyer Delta,Machining,9089.11,133,99,34,309029.74,1530648.19,,Daily,zero_demand,0.0,0.0,0.0,0.0,0.0,0.0,196,204.0,214.0,214.0,271.0,411.0,,,,,,
Passenger-Vehicle,15D-607-864-A,FUEL FILTER,4021,4021,"LOKE,BORAANDGARG PRIVATE LIMITED",1534,1098,512,0,0.72,Red,18428.17,543,290,7,3,46,Fuel System,16.56,C,N2,Buyer Epsilon,Machining,7776.54,833,46,787,6120136.98,7515644.6,0.51,Monthly,demand_spike,1641.57,2336.85,2685.8,2017.9,1778.75,2405.69,1098,0.0,0.0,0.0,0.0,0.0,0.67,0.0,0.0,0.0,0.0,0.0
India2.0,12B-314-631-B,CLUTCH PLATE,4008,4008,AHUJA-DUTTA PRIVATE LIMITED,1373,2513,150,0,1.83,Amber,18128.02,1117,995,3,3,215,Transmission,9.87,B,B1,Buyer Gamma,Fasteners,2579.65,2112,215,1897,4893596.05,7022060.1,1.38,Weekly,in_transit,1596.94,1437.86,1173.84,1352.59,1536.38,1200.85,2513,1327.24,495.27,0.0,0.0,0.0,1.57,0.92,0.42,0.0,0.0,0.0
India3.0,08K-715-407-P,BONNET ASSEMBLY,4052,4052,"SAMPATH,KAKARANDZACHARIA PRIVATE LIMITED",970,11374,8,0,11.73,Gray,11851.35,4347,3216,2,1,13,Body,7.42,C,P1,Buyer Beta,Casting,9850.56,7563,13,7550,74371728.0,127041859.65,7.78,Monthly,excess,952.82,898.86,943.38,1040.9,946.2,1152.62,11374,10678.31,10079.09,9172.03,8468.35,7445.91,11.94,11.88,10.68,8.81,8.95,6.46
EV-Program,06A-121-640-P,FUEL FILTER,4080,4080,"SUR,DUBEYANDGUPTA PRIVATE LIMITED",2435,2151,1557,0,0.88,Red,31865.38,1191,853,4,8,71,Fuel System,4.99,B,P2,Buyer Epsilon,Rubber,474.76,2044,71,1973,936701.48,987260.38,0.81,Monthly,low_coverage,2436.39,2399.78,2561.7,2831.87,2083.98,2538.58,2151,385.98,0.0,0.0,0.0,0.0,0.88,0.16,0.0,0.0,0.0,0.0
India3.0,04C-259-643-C,CONTROL ARM,4058,4058,AMBLEINC PRIVATE LIMITED,758,130,170,458,0.17,Red,10240.45,81,37,8,6,15,Suspension,20.12,C,P1,Buyer Gamma,Electronics,4642.55,118,15,103,478182.65,612753.11,0.14,Daily,critical,675.4,874.35,779.43,864.29,775.17,790.92,130,0.0,0.0,0.0,0.0,0.0,0.19,0.0,0.0,0.0,0.0,0.0
Passenger-Vehicle,15D-249-976-B,INTAKE MANIFOLD,4027,4027,"MURTY,KALAANDTATA PRIVATE LIMITED",1568,5259,28,0,3.35,Green,19409.54,2885,1018,1,3,34,Engine,18.04,A,B1,Buyer Alpha,Casting,5277.36,3903,34,3869,20418105.84,26285156.83,2.47,Daily,healthy,1744.76,1436.71,1794.63,1715.87,1506.42,1527.87,5259,4183.05,2689.24,1440.7,185.43,0.0,3.01,2.91,1.5,0.84,0.12,0.0
EV-Program,15D-538-152-A,TRANSMISSION COVER,4015,4015,,1792,4253,118,0,2.37,Green,21815.42,2075,942,2,2,9,Transmission,7.55,C,N1,Buyer Beta,Rubber,5736.83,3017,9,3008,17256384.64,23816534.03,1.68,Daily,healthy,2146.13,1561.01,1529.0,1839.31,2062.27,1726.17,4253,3056.79,1728.43,269.61,0.0,0.0,1.98,1.96,1.13,0.15,0.0,0.0
Commercial-Vehicle,06A-832-804-C,BRAKE BRACKET,4074,4074,CHANDERANDSONS PRIVATE LIMITED,1251,5754,35,0,4.6,Green,13905.6,2599,1318,2,0,57,Braking,23.39,C,N1,Buyer Delta,Electronics,7499.07,3917,57,3860,28946410.2,48076881.49,3.09,Daily,healthy,1211.01,1295.61,1239.55,1424.09,1484.35,1266.51,5754,4507.71,3413.13,2314.96,869.33,0.0,4.75,3.48,2.75,1.63,0.59,0.0
EV-Program,04C-613-469-B,FUEL RAIL,4004,4004,BALANINC PRIVATE LIMITED,2299,11443,240,0,4.98,Green,28142.21,5423,1991,3,1,96,Fuel System,9.26,A,B2,Buyer Epsilon,Electronics,4160.73,7414,96,7318,30448222.14,54622610.81,3.18,Weekly,healthy,2106.4,2445.56,2719.71,2705.02,2364.87,2103.36,11443,9645.48,7588.32,5120.03,3034.18,1478.12,5.43,3.94,2.79,1.89,1.28,0.7
India3.0,15D-517-649-B,BRAKE PAD,4068,4068,NORI-CHOPRA PRIVATE LIMITED,2646,633,951,1062,0.24,Red,30134.3,393,120,4,1,3,Braking,7.38,B,P3,Buyer Delta,Machining,1063.04,513,3,510,542150.4,602383.12,0.19,Daily,demand_spike,2688.85,3605.96,4150.22,3568.86,4203.44,4477.8,633,0.0,0.0,0.0,0.0,0.0,0.24,0.0,0.0,0.0,0.0,0.0
Passenger-Vehicle,08K-901-783-C,BRAKE PAD,4069,4069,HANDAANDSONS PRIVATE LIMITED,103,461,14,0,4.48,Green,1102.96,215,176,4,2,83,Braking,14.32,A,N1,Buyer Beta,Forging,6936.37,391,83,308,2136401.96,3355355.98,2.99,Monthly,healthy,101.72,94.84,98.13,93.23,106.09,112.82,461,530.48,575.86,534.75,507.8,423.76,4.53,5.59,5.87,5.74,4.79,3.76
India2.0,12B-848-892-C,BONNET ASSEMBLY,4005,4005,KAULPLC PRIVATE LIMITED,409,1974,6,0,4.83,Green,4725.08,946,782,1,3,98,Body,1.19,A,P2,Buyer Delta,Plastics,770.31,1728,98,1630,1255605.3,1735494.61,3.99,Weekly,healthy,422.68,393.19,424.01,369.45,358.52,420.86,1974,1671.99,1414.86,1145.1,801.14,450.04,4.67,4.25,3.34,3.1,2.23,1.07
Passenger-Vehicle,15D-299-454-B,WATER PUMP,4076,4076,KALA-RATTAN PRIVATE LIMITED,445,1621,42,0,3.64,Green,4804.67,1000,297,4,3,13,Cooling,6.43,A,N1,Buyer Alpha,Metals,5328.68,1297,13,1284,6842025.12,8151301.91,2.89,Monthly,healthy,389.56,438.82,423.09,510.38,445.31,520.17,1621,1376.95,1011.26,628.65,333.44,0.0,4.16,3.14,2.39,1.23,0.75,0.0
India3.0,06A-105-940-A,OIL FILTER HOUSING,4060,4060,NARAYANANINC PRIVATE LIMITED,2132,16033,13,0,7.52,Green,29766.72,7749,3417,0,3,54,Engine,23.96,A,P3,Buyer Beta,Plastics,4523.36,11166,54,11112,50263576.32,69037967.96,5.21,Monthly,excess,2506.23,2391.4,2002.28,2078.47,1939.58,2330.81,16033,13960.75,12252.26,10327.21,8567.85,6797.18,6.4,5.84,6.12,4.97,4.42,2.92
Commercial-Vehicle,08K-714-506-A,SHOCK ABSORBER,4046,4046,CHOUDHURYLLC PRIVATE LIMITED,1824,6231,61,0,3.42,Green,25333.09,2491,2437,1,3,53,Suspension,14.07,C,P3,Buyer Alpha,Rubber,10480.36,4928,53,4875,51091755.0,72180277.37,2.67,Weekly,healthy,2035.1,1695.94,2029.1,2116.92,1708.13,1783.66,6231,4727.97,2960.71,1229.71,0.0,0.0,3.06,2.79,1.46,0.58,0.0,0.0
Passenger-Vehicle,04C-956-422-P,WATER PUMP,4046,4046,CHOUDHURYLLC PRIVATE LIMITED,2461,5982,287,0,2.43,Green,32066.98,2497,936,4,1,2,Cooling,3.22,B,N1,Buyer Delta,Electronics,7025.02,3433,2,3431,24102843.62,40900211.75,1.39,Daily,healthy,2311.2,2571.3,2600.72,2791.39,2741.26,2828.25,5982,3664.24,1764.27,0.0,0.0,0.0,2.59,1.43,0.68,0.0,0.0,0.0
Commercial-Vehicle,06A-324-503-C,OIL FILTER HOUSING,4079,4079,MANGAL-SAMPATH PRIVATE LIMITED,1056,3323,59,0,3.15,Green,12959.23,1645,707,0,0,60,Engine,1.55,C,B2,Buyer Delta,Forging,3495.73,2352,60,2292,8012213.16,12362971.91,2.17,Daily,healthy,908.53,1029.38,1151.81,1044.01,1176.39,1118.94,3323,2544.12,1551.68,716.7,0.0,0.0,3.66,2.47,1.35,0.69,0.0,0.0
India3.0,04C-537-301-C,CONTROL MODULE,4001,4001,"CHOUDHURY,BAKSHIANDMAHARAJ PRIVATE LIMITED",2245,2909,1058,0,1.3,Amber,27786.02,1708,929,3,3,45,Electrical,13.13,D,P3,Buyer Beta,Forging,58.8,2637,45,2592,152409.6,175443.3,1.15,Monthly,low_coverage,2129.86,2364.66,2224.24,2287.89,2450.37,2135.86,2909,707.11,0.0,0.0,0.0,0.0,1.37,0.3,0.0,0.0,0.0,0.0
EV-Program,15D-929-716-C,BRAKE BRACKET,4009,4009,"SAMI,OAKANDMALL PRIVATE LIMITED",1019,4689,40,0,4.6,Green,12675.6,1657,1824,4,1,29,Braking,7.68,C,P3,Buyer Delta,Rubber,5870.32,3481,29,3452,20264344.64,29696677.3,3.39,Monthly,healthy,993.79,914.53,881.05,933.27,1164.55,1117.52,4689,3944.47,3227.75,2530.79,1475.27,649.69,4.72,4.31,3.66,2.71,1.27,0.58
India2.0,04C-631-986-P,FUEL RAIL,4060,4060,NARAYANANINC PRIVATE LIMITED,2430,3983,213,0,1.64,Amber,28759.74,1829,1385,0,2,77,Fuel System,20.28,D,P3,Buyer Delta,Forging,11435.06,3214,77,3137,35871783.22,52058841.42,1.29,Daily,healthy,2351.6,2448.84,2728.72,2723.2,2465.36,2525.99,3983,1797.17,0.0,0.0,0.0,0.0,1.69,0.73,0.0,0.0,0.0,0.0
Commercial-Vehicle,08K-928-588-A,OIL FILTER HOUSING,4061,4061,"KHANNA,MALLICKANDSUNDER PRIVATE LIMITED",681,3161,64,0,4.64,Green,8608.48,1866,1009,4,8,234,Engine,20.81,B,B2,Buyer Epsilon,Metals,9669.2,2875,234,2641,25536357.2,29870622.41,3.88,Daily,in_transit,798.89,671.14,634.05,607.15,683.64,685.93,3161,2618.7,2120.97,1709.58,1208.84,574.84,3.96,3.9,3.35,2.82,1.77,0.84
India2.0,12B-941-226-C,FUEL FILTER,4072,4072,BORRAGROUP PRIVATE LIMITED,2207,1777,528,0,0.81,Red,27167.75,635,501,2,7,79,Fuel System,20.88,C,N2,Buyer Alpha,Forging,6126.34,1136,79,1057,6475541.38,9579866.07,0.48,Monthly,low_coverage,2413.33,2308.72,2025.27,2421.42,2570.54,2123.8,1777,0.0,0.0,0.0,0.0,0.0,0.74,0.0,0.0,0.0,0.0,0.0
Passenger-Vehicle,15D-252-984-B,DASHBOARD PANEL,4001,4001,"CHOUDHURY,BAKSHIANDMAHARAJ PRIVATE LIMITED",1133,3462,105,0,3.06,Green,11534.56,1264,885,1,0,99,Interior,19.94,D,B1,Buyer Beta,Machining,473.06,2149,99,2050,969773.0,1868158.59,1.81,Weekly,healthy,979.05,1203.86,1170.86,1162.63,1024.07,1065.61,3462,2616.28,1833.91,778.82,0.0,0.0,3.54,2.17,1.57,0.67,0.0,0.0
EV-Program,04C-261-458-C,CHASSIS BRACKET,4036,4036,SIDHU-WADHWA PRIVATE LIMITED,1520,6726,214,0,4.42,Green,18606.58,4189,2539,1,3,85,Chassis,1.26,A,P2,Buyer Alpha,Machining,6124.4,6728,85,6643,40684389.2,45388286.19,4.37,Monthly,healthy,1463.63,1688.26,1715.52,1536.5,1672.23,1544.95,6726,5413.5,3955.56,2637.75,1409.73,0.0,4.6,3.21,2.31,1.72,0.84,0.0
Commercial-Vehicle,04C-247-855-B,COOLING FAN,4064,4064,GUPTA-CHANDRA PRIVATE LIMITED,624,312,224,88,0.5,Red,6515.81,118,80,3,8,57,Cooling,6.24,A,N1,Buyer Beta,Metals,5784.35,198,57,141,815593.35,1935354.84,0.23,Weekly,low_coverage,601.55,704.41,564.75,680.56,667.79,631.27,312,0.0,0.0,0.0,0.0,0.0,0.52,0.0,0.0,0.0,0.0,0.0
India3.0,04C-985-238-A,BRAKE BRACKET,4040,4040,SETTYINC PRIVATE LIMITED,0,64,1,0,,Gray,0.0,41,17,2,3,49,Braking,1.48,D,N1,Buyer Delta,Machining,10634.05,58,49,9,95706.45,778803.67,,Weekly,zero_demand,0.0,0.0,0.0,0.0,0.0,0.0,64,91.0,180.0,280.0,287.0,407.0,,,,,,
Passenger-Vehicle,15D-494-403-B,CROSS MEMBER,4037,4037,APTE-CONTRACTOR PRIVATE LIMITED,1348,142,321,885,0.11,Red,16861.92,91,31,2,7,88,Chassis,20.82,B,N1,Buyer Alpha,Casting,2842.37,122,88,34,96640.58,383630.26,0.03,Daily,critical,1476.66,1381.97,1365.83,1407.19,1160.91,1233.93,142,0.0,0.0,0.0,0.0,0.0,0.1,0.0,0.0,0.0,0.0,0.0
Commercial-Vehicle,06A-442-781-B,INTAKE MANIFOLD,4057,4057,KARPEPLC PRIVATE LIMITED,1444,7127,2,0,4.94,Green,16543.45,2571,1779,1,2,79,Engine,9.22,D,B2,Buyer Epsilon,Fasteners,8000.51,4350,79,4271,34170178.21,56894966.62,2.96,Monthly,healthy,1630.63,1291.44,1521.82,1525.25,1511.09,1351.99,7127,6246.77,4920.69,3607.69,2350.96,1199.33,4.37,4.84,3.23,2.37,1.56,0.89
EV-Program,06A-254-931-A,CHASSIS BRACKET,4010,4010,KALELLC PRIVATE LIMITED,842,2798,75,0,3.32,Green,9546.85,1653,606,0,8,89,Chassis,21.19,C,B2,Buyer Delta,Plastics,5716.48,2259,89,2170,12404761.6,17761975.82,2.58,Monthly,in_transit,953.59,906.18,840.39,992.1,832.61,809.96,2798,2092.8,1479.0,653.53,0.0,0.0,2.93,2.31,1.76,0.66,0.0,0.0
EV-Program,15D-654-925-P,BRAKE PAD,4013,4013,"LALLA,BASSIANDSHARAF PRIVATE LIMITED",0,270,0,0,,Gray,0.0,98,97,3,2,9,Braking,21.33,A,N2,Buyer Alpha,Forging,1322.24,195,9,186,245936.64,367831.76,,Daily,zero_demand,0.0,0.0,0.0,0.0,0.0,0.0,270,347.0,377.0,508.0,571.0,575.0,,,,,,
Commercial-Vehicle,12B-949-532-B,DOOR PANEL,4028,4028,SHANKER-DHAR PRIVATE LIMITED,123,198,3,0,1.61,Amber,1571.88,127,64,0,3,43,Body,12.69,B,B1,Buyer Gamma,Rubber,4105.4,191,43,148,607599.2,774162.23,1.2,Weekly,healthy,132.17,132.85,131.88,147.58,129.02,145.91,198,80.45,9.84,1.57,0.0,0.0,1.5,0.61,0.07,0.01,0.0,0.0
India3.0,04C-392-688-B,WIRING HARNESS,4007,4007,SENPLC PRIVATE LIMITED,1115,1096,598,0,0.98,Red,15170.48,662,270,6,2,76,Electrical,7.65,D,P3,Buyer Alpha,Machining,7477.85,932,76,856,6401039.6,9085728.84,0.77,Weekly,low_coverage,1005.75,978.59,1091.93,1141.09,1243.95,1279.7,1096,265.71,0.0,0.0,0.0,0.0,1.09,0.27,0.0,0.0,0.0,0.0
India2.0,15D-863-113-B,FRAME SUPPORT,4006,4006,"BALA,ISSACANDSAINI PRIVATE LIMITED",610,882,449,0,1.45,Amber,6888.03,532,137,3,3,98,Chassis,5.08,B,P3,Buyer Alpha,Rubber,10512.63,669,98,571,6002711.73,10652322.09,0.94,Weekly,low_coverage,730.55,727.51,600.81,606.72,596.23,623.12,882,360.86,0.0,0.0,0.0,0.0,1.21,0.5,0.0,0.0,0.0,0.0
India3.0,15D-857-721-B,SEAT BRACKET,4036,4036,SIDHU-WADHWA PRIVATE LIMITED,1960,5360,279,0,2.73,Green,26874.55,2572,1317,0,1,89,Interior,15.91,D,B2,Buyer Epsilon,Plastics,6198.9,3889,89,3800,23555820.0,32038840.47,1.94,Daily,in_transit,1800.56,2293.94,2318.98,1761.26,1722.87,1824.26,5360,3437.67,1486.9,43.52,0.0,0.0,2.98,1.5,0.64,0.02,0.0,0.0
Commercial-Vehicle,12B-579-977-P,CONTROL MODULE,4066,4066,ROY-SIBAL PRIVATE LIMITED,1881,7284,13,0,3.87,Green,21973.8,4445,1124,4,2,37,Electrical,10.61,D,B1,Buyer Gamma,Fasteners,5985.72,5569,37,5532,33113003.04,46855599.5,2.94,Weekly,healthy,2033.72,1774.93,2037.93,2057.4,2087.99,2083.37,7284,5946.76,4348.89,2493.28,891.05,0.0,3.58,3.35,2.13,1.21,0.43,0.0
Commercial-Vehicle,12B-888-285-C,CONTROL MODULE,4007,4007,SENPLC PRIVATE LIMITED,419,75,0,344,0.18,Red,5113.99,45,14,5,8,31,Electrical,6.38,D,B1,Buyer Gamma,Plastics,990.5,59,31,28,27734.0,63542.04,0.07,Daily,critical,368.61,424.9,450.64,377.04,494.17,374.94,75,0.0,0.0,0.0,0.0,0.0,0.2,0.0,0.0,0.0,0.0,0.0
Passenger-Vehicle,08K-557-870-C,GEAR HOUSING,4067,4067,"BHAGAT,CHAUDHARIANDBHAT PRIVATE LIMITED",1430,919,577,0,0.64,Red,17310.62,517,181,7,4,4,Transmission,22.02,B,B1,Buyer Epsilon,Electronics,2272.95,698,4,694,1577427.3,1919828.48,0.49,Monthly,low_coverage,1629.47,1482.88,1652.53,1594.94,1446.79,1601.82,919,0.0,0.0,0.0,0.0,0.0,0.56,0.0,0.0,0.0,0.0,0.0
India3.0,04C-217-829-B,FRAME SUPPORT,4031,4031,"RASTOGI,PATHAKANDKANDA PRIVATE LIMITED",243,1192,20,0,4.91,Green,2731.79,628,265,0,3,53,Chassis,11.01,B,B1,Buyer Gamma,Plastics,1836.55,893,53,840,1542702.0,2350813.83,3.46,Daily,healthy,244.41,263.07,250.5,270.02,280.52,272.91,1192,1135.21,1026.12,875.31,716.09,638.03,4.88,4.32,4.1,3.24,2.55,2.34
India3.0,15D-936-517-C,SUSPENSION BRACKET,4036,4036,SIDHU-WADHWA PRIVATE LIMITED,2044,1887,281,0,0.92,Red,23718.81,1160,449,4,7,64,Suspension,1.54,B,P3,Buyer Alpha,Casting,5869.49,1609,64,1545,9068362.05,11958873.67,0.76,Weekly,low_coverage,2139.97,2090.42,2243.9,2316.94,1768.87,1754.03,1887,97.3,0.0,0.0,0.0,0.0,0.88,0.05,0.0,0.0,0.0,0.0
Commercial-Vehicle,12B-457-820-A,FRAME SUPPORT,4076,4076,KALA-RATTAN PRIVATE LIMITED,1057,4423,10,0,4.18,Green,12959.08,2387,1530,3,0,56,Chassis,7.51,B,B2,Buyer Alpha,Casting,10409.81,3917,56,3861,40192276.41,52823158.53,3.65,Daily,healthy,903.64,899.03,1088.92,999.41,1215.8,1222.74,4423,3779.13,2876.75,2085.55,975.2,0.0,4.89,4.2,2.64,2.09,0.8,0.0
EV-Program,04C-581-588-P,FUEL FILTER,4016,4016,"BOASE,BATHANDKARI PRIVATE LIMITED",656,393,184,79,0.6,Red,8272.25,176,151,5,4,26,Fuel System,22.4,B,B2,Buyer Epsilon,Plastics,8925.59,327,26,301,2686602.59,3469132.01,0.46,Weekly,low_coverage,712.7,671.87,646.69,679.75,605.09,720.35,393,0.0,0.0,0.0,0.0,0.0,0.55,0.0,0.0,0.0,0.0,0.0
Passenger-Vehicle,08K-832-247-B,CLUTCH PLATE,4074,4074,CHANDERANDSONS PRIVATE LIMITED,1991,1802,804,0,0.91,Red,26977.17,1080,393,7,8,77,Transmission,13.35,D,N1,Buyer Beta,Casting,10114.73,1473,77,1396,14120163.08,16321470.77,0.7,Monthly,low_coverage,2280.97,1755.14,1894.32,1987.25,2237.73,1799.41,1802,476.12,0.0,0.0,0.0,0.0,0.79,0.27,0.0,0.0,0.0,0.0
Commercial-Vehicle,08K-361-328-P,OIL FILTER HOUSING,4061,4061,"KHANNA,MALLICKANDSUNDER PRIVATE LIMITED",0,255,0,0,,Gray,0.0,151,91,1,2,83,Engine,8.03,C,N1,Buyer Delta,Rubber,8963.57,242,83,159,1425207.63,2126645.12,,Daily,zero_demand,0.0,0.0,0.0,0.0,0.0,0.0,255,351.0,403.0,463.0,508.0,593.0,,,,,,
Passenger-Vehicle,12B-473-263-C,OIL FILTER HOUSING,4051,4051,GANDHI-LANKA PRIVATE LIMITED,614,1174,6,0,1.91,Amber,7020.97,430,325,0,2,49,Engine,22.18,C,N2,Buyer Epsilon,Machining,8543.64,755,49,706,6031809.84,11143971.36,1.15,Weekly,healthy,729.29,703.89,702.26,565.84,709.65,682.78,1174,712.32,120.59,0.0,0.0,0.0,1.61,1.01,0.17,0.0,0.0,0.0
Commercial-Vehicle,04C-260-165-A,FUEL RAIL,4061,4061,"KHANNA,MALLICKANDSUNDER PRIVATE LIMITED",1390,299,75,1016,0.22,Red,16536.57,159,89,3,7,88,Fuel System,18.97,C,P1,Buyer Gamma,Fasteners,4352.08,248,88,160,696332.8,1143596.45,0.12,Weekly,critical,1323.77,1655.33,1205.64,1287.02,1284.71,1459.74,299,0.0,0.0,0.0,0.0,0.0,0.23,0.0,0.0,0.0,0.0,0.0
India3.0,15D-896-990-A,TRANSMISSION COVER,4018,4018,RAILLC PRIVATE LIMITED,296,2236,40,0,7.55,Green,3725.04,1316,756,0,2,92,Transmission,23.22,B,P3,Buyer Beta,Fasteners,6334.56,2072,92,1980,12542428.8,14049012.41,6.69,Monthly,excess,320.64,286.41,274.4,323.17,320.82,271.8,2236,2017.23,1819.14,1675.65,1476.29,1257.18,6.97,7.04,6.63,5.19,4.6,4.63
Commercial-Vehicle,08K-512-857-B,CONTROL ARM,4064,4064,GUPTA-CHANDRA PRIVATE LIMITED,814,3800,83,0,4.67,Green,9474.77,1929,864,3,3,20,Suspension,18.78,C,N2,Buyer Alpha,Plastics,4234.97,2793,20,2773,11743571.81,17239598.59,3.41,Weekly,healthy,767.71,794.45,947.42,954.95,962.32,841.85,3800,3235.44,2468.75,1863.2,978.81,475.09,4.95,4.07,2.61,1.95,1.02,0.56
Commercial-Vehicle,06A-303-591-A,BRAKE CALIPER,4002,4002,KAPOORANDSONS PRIVATE LIMITED,2322,8002,348,0,3.45,Green,30870.51,4730,1720,3,3,76,Braking,19.85,D,P2,Buyer Epsilon,Metals,10857.58,6450,76,6374,69206214.92,86870581.07,2.75,Monthly,healthy,2038.21,2405.56,2749.65,2612.32,2170.57,2637.87,8002,5873.59,3650.25,1581.91,0.0,0.0,3.93,2.44,1.33,0.61,0.0,0.0
India2.0,15D-645-869-B,TRANSMISSION COVER,4045,4045,NAIKGROUP PRIVATE LIMITED,915,2034,127,0,2.22,Green,10046.24,1299,363,2,2,6,Transmission,2.96,A,N1,Buyer Gamma,Fasteners,5839.68,1662,6,1656,9670510.08,11128861.13,1.81,Monthly,healthy,880.07,858.61,786.21,914.52,891.57,853.41,2034,1468.02,928.37,175.41,0.0,0.0,2.31,1.71,1.18,0.19,0.0,0.0
Commercial-Vehicle,06A-181-245-A,BONNET ASSEMBLY,4050,4050,DAVELTD PRIVATE LIMITED,859,3229,89,0,3.76,Green,10390.37,2005,1188,2,2,64,Body,6.93,D,N1,Buyer Gamma,Machining,7383.41,3193,64,3129,23102689.89,23502607.28,3.64,Daily,healthy,803.73,914.17,809.51,749.55,826.4,873.7,3229,2552.51,1883.96,1384.26,758.43,57.57,4.02,2.79,2.33,1.85,0.92,0.07
India2.0,12B-444-342-A,CONTROL ARM,4011,4011,CHANDAGROUP PRIVATE LIMITED,5123,2553,4036,0,0.5,Red,63374.12,1516,408,4,1,16,Suspension,21.94,B,B1,Buyer Gamma,Fasteners,9997.97,1924,16,1908,19076126.76,27661029.31,0.37,Weekly,demand_spike,6000.83,5597.64,6173.17,6932.0,6039.87,5495.65,2553,0.0,0.0,0.0,0.0,0.0,0.43,0.0,0.0,0.0,0.0,0.0
India3.0,12B-965-494-C,SHOCK ABSORBER,4070,4070,"SEN,DEYANDSAMI PRIVATE LIMITED",1641,3359,47,0,2.05,Green,21203.27,2098,945,0,3,76,Suspension,14.27,D,N2,Buyer Gamma,Casting,11970.49,3043,76,2967,35516443.83,40934327.44,1.81,Daily,healthy,1833.6,1665.19,1478.88,1960.14,1537.03,1656.56,3359,1979.83,732.29,0.0,0.0,0.0,1.83,1.19,0.5,0.0,0.0,0.0
EV-Program,06A-698-664-C,INTAKE MANIFOLD,4038,4038,"YADAV,LOKEANDOAK PRIVATE LIMITED",1510,4609,35,0,3.05,Green,18727.63,2562,711,1,0,78,Engine,7.02,C,N2,Buyer Alpha,Fasteners,7954.65,3273,78,3195,25415106.75,36018922.13,2.12,Monthly,healthy,1405.75,1785.35,1520.61,1487.4,1637.97,1547.68,4609,3126.33,1999.68,955.29,0.0,0.0,3.28,1.75,1.32,0.64,0.0,0.0
EV-Program,12B-660-348-C,INTAKE MANIFOLD,4065,4065,SANKARLLC PRIVATE LIMITED,1265,80,783,402,0.06,Red,13664.44,45,18,1,4,46,Engine,20.72,B,N1,Buyer Epsilon,Casting,125.47,63,46,17,2132.99,10419.0,0.01,Daily,critical,1138.09,1460.63,1415.91,1229.86,1256.22,1103.95,80,0.0,0.0,0.0,0.0,0.0,0.07,0.0,0.0,0.0,0.0,0.0
India3.0,15D-504-535-B,FUEL FILTER,4073,4073,"CHAUDHARI,BEDIANDZACHARIAH PRIVATE LIMITED",2300,4348,293,0,1.89,Amber,24569.97,1656,914,0,8,115,Fuel System,10.4,D,N1,Buyer Delta,Casting,9260.05,2570,115,2455,22733422.75,44741472.55,1.07,Weekly,in_transit,2298.01,1983.45,2382.21,2164.95,2742.11,2702.74,4348,2480.68,817.17,0.0,0.0,0.0,1.89,1.25,0.34,0.0,0.0,0.0
EV-Program,12B-744-252-P,SUSPENSION BRACKET,4046,4046,CHOUDHURYLLC PRIVATE LIMITED,1017,4207,83,0,4.14,Green,11352.2,2080,1324,0,3,40,Suspension,0.63,C,P1,Buyer Alpha,Forging,8830.76,3404,40,3364,29706676.64,35521470.46,3.31,Daily,healthy,868.7,981.28,1096.17,887.48,1151.32,939.64,4207,3404.63,2520.43,1796.45,818.81,74.28,4.84,3.47,2.3,2.02,0.71,0.08
India2.0,12B-995-684-P,FRAME SUPPORT,4008,4008,AHUJA-DUTTA PRIVATE LIMITED,1260,8886,97,0,7.05,Green,12669.44,3339,2744,0,0,54,Chassis,9.67,C,N2,Buyer Beta,Casting,6975.05,6083,54,6029,42052576.45,64391694.87,4.78,Weekly,excess,1498.42,1356.73,1265.24,1089.56,1219.05,1329.94,8886,7932.81,6787.89,5812.28,4947.3,4028.58,5.93,5.85,5.36,5.33,4.06,3.03
Passenger-Vehicle,12B-607-747-A,CROSS MEMBER,4065,4065,SANKARLLC PRIVATE LIMITED,1969,1544,445,0,0.78,Red,22867.57,681,357,8,1,17,Chassis,2.7,A,B1,Buyer Epsilon,Machining,9470.59,1038,17,1021,9669472.39,14666402.37,0.52,Daily,demand_spike,2186.24,2542.25,3298.58,2460.26,2757.45,2471.37,1544,0.0,0.0,0.0,0.0,0.0,0.71,0.0,0.0,0.0,0.0,0.0
India3.0,04C-258-986-B,FUEL PIPE,4007,4007,SENPLC PRIVATE LIMITED,2076,1901,150,25,0.92,Red,24893.87,1171,745,1,2,75,Fuel System,10.6,B,N1,Buyer Delta,Fasteners,11344.84,1916,75,1841,20885850.44,24537851.77,0.89,Weekly,low_coverage,2426.55,2413.68,1978.26,2163.88,2041.45,2044.38,1901,91.06,0.0,0.0,0.0,0.0,0.78,0.04,0.0,0.0,0.0,0.0
EV-Program,12B-189-527-B,WIRING HARNESS,4021,4021,"LOKE,BORAANDGARG PRIVATE LIMITED",2412,25286,327,0,10.48,Gray,29757.91,11610,7303,2,2,62,Electrical,21.22,C,B2,Buyer Alpha,Casting,4281.68,18913,62,18851,80713949.68,112517214.76,7.82,Daily,excess,2596.87,2431.23,2600.64,2703.62,2081.29,2841.91,25286,23238.19,21315.49,19332.21,17723.73,15071.75,9.74,9.56,8.2,7.15,8.52,5.3
India3.0,08K-277-936-C,WATER PUMP,4034,4034,DUTTALTD PRIVATE LIMITED,1433,4658,162,0,3.25,Green,15152.17,2648,1128,3,2,94,Cooling,10.48,D,P3,Buyer Alpha,Forging,8198.96,3776,94,3682,30188570.72,33451028.42,2.57,Weekly,healthy,1555.68,1661.16,1497.77,1461.36,1520.45,1440.86,4658,3183.27,2093.73,846.14,0.0,0.0,2.99,1.92,1.4,0.58,0.0,0.0
Commercial-Vehicle,08K-106-476-C,CONSOLE COVER,4035,4035,BHATT-RAJAN PRIVATE LIMITED,717,1386,45,0,1.93,Amber,7718.6,627,237,1,2,41,Interior,12.63,A,N2,Buyer Gamma,Electronics,5246.55,864,41,823,4317910.65,6611716.16,1.15,Monthly,healthy,814.54,647.7,673.65,695.95,776.84,827.96,1386,1021.93,588.0,66.46,0.0,0.0,1.7,1.58,0.87,0.1,0.0,0.0
EV-Program,12B-650-557-C,ENGINE MOUNT,4057,4057,KARPEPLC PRIVATE LIMITED,314,677,19,0,2.16,Green,3180.97,336,260,1,1,84,Engine,14.63,B,N2,Buyer Gamma,Forging,1849.51,596,84,512,946949.12,1339755.21,1.63,Monthly,healthy,294.18,284.3,363.44,367.56,314.64,354.1,677,485.19,315.22,74.08,0.0,0.0,2.3,1.71,0.87,0.2,0.0,0.0
EV-Program,06A-409-142-A,SUSPENSION BRACKET,4025,4025,MUTTIGROUP PRIVATE LIMITED,844,7696,113,0,9.12,Gray,10110.8,4331,2315,3,2,52,Suspension,17.05,B,P2,Buyer Beta,Metals,5028.3,6646,52,6594,33156610.2,43070496.28,7.81,Monthly,excess,986.16,836.84,908.28,726.78,983.83,975.67,7696,7091.94,6410.22,5882.39,5021.58,4174.85,7.8,8.47,7.06,8.09,5.1,4.28
EV-Program,15D-922-186-P,FRAME SUPPORT,4013,4013,"LALLA,BASSIANDSHARAF PRIVATE LIMITED",451,368,276,0,0.82,Red,5985.32,143,60,3,7,31,Chassis,9.5,D,P1,Buyer Epsilon,Machining,4800.24,203,31,172,825641.28,1564702.72,0.38,Daily,low_coverage,477.59,515.4,534.1,426.92,472.28,440.09,368,0.0,0.0,0.0,0.0,0.0,0.77,0.0,0.0,0.0,0.0,0.0
India2.0,08K-987-591-C,BONNET ASSEMBLY,4049,4049,"SUNDER,BISWASANDWALIA PRIVATE LIMITED",1206,5821,105,0,4.83,Green,16463.58,3544,1592,1,2,18,Body,0.54,B,B1,Buyer Epsilon,Metals,4790.25,5136,18,5118,24516499.5,29047625.49,4.24,Daily,healthy,1080.74,1429.98,1444.3,1431.02,1167.5,1052.56,5821,4851.06,3823.97,2777.18,1654.68,733.96,5.39,3.39,2.65,1.94,1.42,0.7
Passenger-Vehicle,06A-126-153-B,SUSPENSION BRACKET,4079,4079,MANGAL-SAMPATH PRIVATE LIMITED,1469,1599,1087,0,1.09,Amber,17014.9,760,277,6,4,6,Suspension,16.66,B,N1,Buyer Alpha,Fasteners,2239.87,1037,6,1031,2309305.97,3464793.53,0.7,Daily,low_coverage,1726.8,1332.95,1739.06,1276.37,1291.2,1546.12,1599,615.35,0.0,0.0,0.0,0.0,0.93,0.46,0.0,0.0,0.0,0.0
Commercial-Vehicle,08K-398-340-P,SENSOR ASSEMBLY,4037,4037,APTE-CONTRACTOR PRIVATE LIMITED,2123,2899,1277,0,1.37,Amber,25675.02,1160,600,3,4,8,Electrical,13.47,C,P3,Buyer Epsilon,Forging,9910.88,1760,8,1752,17363861.76,25432135.81,0.83,Weekly,low_coverage,2049.89,2247.45,1905.0,2520.9,1887.87,2213.72,2899,793.21,0.0,0.0,0.0,0.0,1.41,0.35,0.0,0.0,0.0,0.0
India2.0,04C-912-332-B,BRAKE BRACKET,4007,4007,SENPLC PRIVATE LIMITED,2371,11708,219,0,4.94,Green,25765.04,5776,2781,3,1,76,Braking,17.69,A,P3,Buyer Beta,Rubber,2117.45,8557,76,8481,17958093.45,28346668.36,3.58,Daily,healthy,2554.39,2247.83,2217.84,2026.65,2819.73,2622.59,11708,9645.19,7717.55,5939.78,3402.99,1397.27,4.58,4.29,3.48,2.93,1.21,0.53
India2.0,15D-259-294-P,GEAR HOUSING,4048,4048,BRARINC PRIVATE LIMITED,2398,12,170,2216,0.01,Red,26976.37,7,4,1,4,11,Transmission,1.69,A,B1,Buyer Delta,Metals,5069.47,11,11,0,0.0,57674.11,0.0,Monthly,critical,2044.29,2177.94,2084.09,2868.95,2676.62,2232.26,12,0.0,0.0,0.0,0.0,0.0,0.01,0.0,0.0,0.0,0.0,0.0
EV-Program,04C-345-767-P,SHOCK ABSORBER,4038,4038,"YADAV,LOKEANDOAK PRIVATE LIMITED",1044,4351,154,0,4.17,Green,13220.71,2246,1303,4,0,46,Suspension,17.64,D,N1,Buyer Alpha,Plastics,592.57,3549,46,3503,2075772.71,2740510.92,3.36,Weekly,healthy,889.48,1184.79,1178.96,944.88,1020.7,1179.64,4351,3452.06,2590.24,1840.03,1100.32,191.22,4.89,2.91,2.2,1.95,1.08,0.16
Passenger-Vehicle,15D-709-926-P,COOLING FAN,4042,4042,"CHERIAN,MISRAANDTRIPATHI PRIVATE LIMITED",108,1212,6,0,11.22,Gray,1238.26,528,383,3,3,56,Cooling,20.41,B,P1,Buyer Delta,Metals,2055.64,911,56,855,1757572.2,2551212.56,7.92,Weekly,excess,105.68,104.54,124.45,118.04,97.97,111.72,1212,1255.64,1268.89,1249.36,1231.76,1254.61,11.47,12.01,10.2,10.58,12.57,11.23
Passenger-Vehicle,08K-587-858-P,GEAR HOUSING,4012,4012,PARMERLLC PRIVATE LIMITED,685,1305,37,0,1.91,Amber,8772.71,803,510,4,2,39,Transmission,6.43,A,B1,Buyer Alpha,Fasteners,8690.89,1313,39,1274,11072193.86,11136102.9,1.86,Weekly,healthy,600.08,631.13,796.99,604.4,745.85,656.64,1305,939.92,232.89,0.0,0.0,0.0,2.17,1.49,0.29,0.0,0.0,0.0
EV-Program,06A-899-508-P,TRANSMISSION COVER,4060,4060,NARAYANANINC PRIVATE LIMITED,447,2042,14,0,4.57,Green,4655.11,1040,743,1,1,57,Transmission,22.37,D,N2,Buyer Beta,Forging,2507.31,1783,57,1726,4327617.06,5372851.23,3.86,Daily,healthy,461.67,393.69,530.89,435.91,381.86,484.1,2042,1792.76,1429.2,1076.88,800.41,415.21,4.42,4.55,2.69,2.47,2.1,0.86
India2.0,06A-630-926-B,GEAR HOUSING,4054,4054,"PRAKASH,SARMAANDVARUGHESE PRIVATE LIMITED",862,3370,77,0,3.91,Green,11931.44,2067,904,0,5,63,Transmission,15.74,C,N2,Buyer Beta,Rubber,3283.97,2971,63,2908,9549784.76,12320812.65,3.37,Weekly,in_transit,931.48,776.29,776.7,927.06,770.8,860.24,3370,2746.26,2134.3,1306.68,734.46,81.34,3.62,3.54,2.75,1.41,0.95,0.09
India2.0,04C-608-656-P,WATER PUMP,4051,4051,GANDHI-LANKA PRIVATE LIMITED,284,918,27,0,3.23,Green,3132.09,348,237,1,1,97,Cooling,12.14,D,N2,Buyer Gamma,Fasteners,10152.19,585,97,488,4954268.72,10343559.63,1.72,Monthly,healthy,299.1,284.16,251.68,288.7,333.98,305.09,918,722.53,544.29,281.63,51.55,0.0,3.07,2.54,2.16,0.98,0.15,0.0
EV-Program,04C-360-104-A,COOLING FAN,4007,4007,SENPLC PRIVATE LIMITED,2178,3371,54,0,1.55,Amber,27839.19,1825,917,2,2,81,Cooling,0.56,A,N2,Buyer Gamma,Machining,2759.96,2742,81,2661,7344253.56,10246713.09,1.22,Monthly,healthy,2034.59,2021.21,2040.81,1877.54,2439.62,2489.1,3371,1477.0,0.0,0.0,0.0,0.0,1.66,0.73,0.0,0.0,0.0,0.0
India3.0,12B-625-761-P,SUSPENSION BRACKET,4058,4058,AMBLEINC PRIVATE LIMITED,93,256,9,0,2.75,Green,937.9,126,74,2,2,4,Suspension,24.43,A,N1,Buyer Epsilon,Rubber,8863.51,200,4,196,1737247.96,2270549.45,2.11,Daily,healthy,96.32,84.04,91.96,88.43,81.99,80.2,256,196.6,166.91,115.17,114.58,137.6,2.66,2.34,1.81,1.3,1.4,1.72
Commercial-Vehicle,12B-293-247-A,CLUTCH PLATE,4020,4020,PANT-KADAKIA PRIVATE LIMITED,0,298,1,0,,Gray,0.0,123,115,4,1,19,Transmission,16.3,B,B1,Buyer Delta,Forging,5545.79,238,19,219,1214528.01,1496657.33,,Daily,zero_demand,0.0,0.0,0.0,0.0,0.0,0.0,298,352.0,461.0,578.0,644.0,688.0,,,,,,
Commercial-Vehicle,12B-722-919-A,CLUTCH PLATE,4040,4040,SETTYINC PRIVATE LIMITED,68,7,38,23,0.1,Red,744.86,3,1,8,2,33,Transmission,7.46,B,N1,Buyer Beta,Fasteners,7326.05,4,33,0,0.0,44597.78,0.0,Monthly,critical,74.67,65.95,81.51,63.18,78.35,74.2,7,25.42,45.52,0.0,20.98,91.62,0.09,0.39,0.56,0.0,0.27,1.23
India3.0,06A-942-846-A,CHASSIS BRACKET,4059,4059,"BHARGAVA,KARNIKANDBIR PRIVATE LIMITED",2152,3977,36,0,1.85,Amber,22618.89,1774,697,1,1,10,Chassis,5.78,B,P1,Buyer Epsilon,Fasteners,8671.06,2471,10,2461,21339478.66,38500350.08,1.14,Daily,healthy,1884.67,1867.41,1970.59,1963.36,2039.28,2365.08,3977,2646.73,713.97,0.0,0.0,0.0,2.11,1.42,0.36,0.0,0.0,0.0
Passenger-Vehicle,06A-653-103-A,BRAKE PAD,4042,4042,"CHERIAN,MISRAANDTRIPATHI PRIVATE LIMITED",5206,3988,2493,0,0.77,Red,56374.72,1410,1123,2,3,31,Braking,15.98,D,B1,Buyer Beta,Metals,748.44,2533,31,2502,1872596.88,2853381.22,0.48,Daily,demand_spike,6024.86,6853.13,8191.45,6000.65,6902.0,9344.78,3988,0.0,0.0,0.0,0.0,0.0,0.66,0.0,0.0,0.0,0.0,0.0
Passenger-Vehicle,08K-159-925-A,BONNET ASSEMBLY,4027,4027,"MURTY,KALAANDTATA PRIVATE LIMITED",1044,3011,78,0,2.88,Green,13957.5,1450,819,2,0,39,Body,22.78,C,N1,Buyer Delta,Electronics,6915.36,2269,39,2230,15421252.8,23843642.43,2.14,Weekly,healthy,893.07,1222.92,1076.96,1089.02,1172.07,1183.79,3011,2124.39,1153.72,340.43,0.0,0.0,3.37,1.74,1.07,0.31,0.0,0.0
India3.0,04C-709-350-C,BRAKE CALIPER,4063,4063,"SOLANKI,KIBEANDSOLANKI PRIVATE LIMITED",917,13689,109,0,14.93,Gray,11994.89,5679,2167,0,1,41,Braking,18.19,B,P3,Buyer Alpha,Rubber,5595.38,7846,41,7805,43671940.9,82840857.83,8.51,Weekly,excess,901.84,1065.64,847.87,811.5,1010.1,1096.94,13689,12975.56,12170.74,11419.09,10511.51,9612.93,15.18,12.18,14.35,14.07,10.41,8.76
India3.0,06A-468-908-B,FUEL PIPE,4080,4080,"SUR,DUBEYANDGUPTA PRIVATE LIMITED",1930,9298,248,0,4.82,Green,23717.67,3526,2646,1,3,3,Fuel System,19.22,C,B2,Buyer Beta,Plastics,140.72,6172,3,6169,868101.68,1165977.82,3.2,Weekly,healthy,1674.85,2305.84,1670.95,1904.72,2298.28,1932.05,9298,7387.71,6098.39,4389.51,2570.25,1112.79,5.55,3.2,3.65,2.3,1.12,0.58
Passenger-Vehicle,04C-944-846-C,BODY BRACKET,4050,4050,DAVELTD PRIVATE LIMITED,1826,12922,12,0,7.08,Green,24208.71,6931,3478,1,0,95,Body,7.43,B,P1,Buyer Gamma,Forging,7506.29,10409,95,10314,77419875.06,106095617.01,5.65,Daily,excess,2171.83,1701.75,1559.24,1915.35,1896.96,1729.56,12922,11431.87,9906.01,8214.68,6479.22,5107.77,5.95,6.72,6.35,4.29,3.42,2.95
Commercial-Vehicle,08K-416-631-B,CHASSIS BRACKET,4011,4011,CHANDAGROUP PRIVATE LIMITED,0,166,1,0,,Gray,0.0,60,55,2,1,1,Chassis,24.41,A,P1,Buyer Gamma,Plastics,11081.96,115,1,114,1263343.44,1920173.79,,Daily,zero_demand,0.0,0.0,0.0,0.0,0.0,0.0,166,172.0,192.0,329.0,333.0,402.0,,,,,,
India2.0,06A-783-209-C,SEAT BRACKET,4053,4053,"IYER,MUNIANDRASTOGI PRIVATE LIMITED",1489,4641,135,0,3.12,Green,19606.76,2113,1115,2,3,93,Interior,4.5,C,P1,Buyer Epsilon,Metals,3052.96,3228,93,3135,9571029.6,12123919.66,2.11,Weekly,healthy,1783.42,1580.95,1487.14,1297.19,1286.25,1650.51,4641,3216.51,2091.58,940.35,0.0,0.0,2.6,2.03,1.41,0.72,0.0,0.0
India2.0,06A-470-414-C,SHOCK ABSORBER,4043,4043,"ISSAC,DUAANDPRAKASH PRIVATE LIMITED",1282,1333,44,0,1.04,Amber,15072.18,569,410,2,8,99,Suspension,10.39,C,P3,Buyer Gamma,Machining,2913.56,979,99,880,2563932.8,4097883.37,0.69,Monthly,low_coverage,1305.54,1474.13,1483.7,1370.52,1438.29,1144.28,1333,0.0,0.0,0.0,0.0,0.0,1.02,0.0,0.0,0.0,0.0,0.0
EV-Program,15D-689-413-P,RADIATOR PIPE,4037,4037,APTE-CONTRACTOR PRIVATE LIMITED,2088,8679,128,0,4.16,Green,26585.95,3519,3243,0,1,85,Cooling,14.4,C,N1,Buyer Gamma,Forging,7298.99,6762,85,6677,48735356.23,55124939.19,3.2,Weekly,healthy,1839.12,1951.71,1973.47,2335.63,2345.66,2490.35,8679,7030.61,5253.51,2996.69,1052.13,0.0,4.72,3.6,2.66,1.28,0.45,0.0
Passenger-Vehicle,12B-413-552-C,BODY BRACKET,4075,4075,RAYGROUP PRIVATE LIMITED,1204,5358,128,0,4.45,Green,14420.7,3083,1444,0,3,82,Body,10.87,D,B2,Buyer Alpha,Metals,6741.78,4527,82,4445,29967212.1,37922215.56,3.69,Monthly,healthy,1307.24,1361.7,1413.29,1158.93,1171.15,1214.96,5358,4166.1,2957.16,2045.52,1139.35,236.51,4.1,3.06,2.09,1.77,0.97,0.19
Commercial-Vehicle,12B-592-944-P,CLUTCH PLATE,4077,4077,GALAGROUP PRIVATE LIMITED,1514,6714,32,0,4.43,Green,17214.25,3252,2458,4,0,26,Transmission,0.95,D,B2,Buyer Delta,Plastics,1997.63,5710,26,5684,11354528.92,13396867.93,3.75,Daily,healthy,1778.83,1707.4,1455.7,1735.04,1708.97,1543.87,6714,5367.98,4328.71,2892.28,1403.09,60.84,3.77,3.14,2.97,1.67,0.82,0.04
India2.0,15D-449-320-P,FRAME SUPPORT,4003,4003,"CHAUDRY,CHAHALANDSAMI PRIVATE LIMITED",1494,144,73,1277,0.1,Red,18764.04,56,35,6,6,58,Chassis,11.29,D,B1,Buyer Delta,Electronics,4447.59,91,58,33,146770.47,665417.24,0.02,Monthly,critical,1526.44,1409.58,1456.54,1474.03,1379.98,1777.93,144,0.0,0.0,0.0,0.0,0.0,0.09,0.0,0.0,0.0,0.0,0.0
Commercial-Vehicle,15D-950-507-P,CONTROL MODULE,4061,4061,"KHANNA,MALLICKANDSUNDER PRIVATE LIMITED",1359,6227,127,0,4.58,Green,13917.2,3751,2278,4,2,74,Electrical,8.94,D,N1,Buyer Delta,Forging,8080.13,6029,74,5955,48117174.15,53867927.08,4.38,Daily,healthy,1462.0,1346.88,1540.88,1525.14,1280.82,1248.64,6227,5245.79,3928.99,2697.21,1754.37,719.4,4.26,3.89,2.55,1.77,1.37,0.58
EV-Program,15D-118-244-A,SEAT BRACKET,4063,4063,"SOLANKI,KIBEANDSOLANKI PRIVATE LIMITED",1199,2069,28,0,1.73,Amber,13858.48,737,742,3,2,74,Interior,7.56,B,B2,Buyer Delta,Electronics,6788.45,1479,74,1405,9537772.25,13921997.35,1.17,Weekly,healthy,1092.0,1163.62,1165.47,1045.16,1106.5,1028.02,2069,1185.45,267.72,0.0,0.0,0.0,1.89,1.02,0.23,0.0,0.0,0.0
Passenger-Vehicle,04C-476-717-C,CONTROL ARM,4037,4037,APTE-CONTRACTOR PRIVATE LIMITED,35,98,4,0,2.8,Green,439.42,37,31,4,0,78,Suspension,17.03,C,P2,Buyer Beta,Forging,1119.83,68,78,0,0.0,112125.75,0.0,Daily,healthy,33.43,30.23,36.39,32.97,30.92,30.09,98,101.81,93.48,150.21,163.39,198.4,2.93,3.37,2.57,4.56,5.28,6.59
EV-Program,06A-261-534-C,BRAKE BRACKET,4027,4027,"MURTY,KALAANDTATA PRIVATE LIMITED",1483,293,325,865,0.2,Red,17973.37,144,79,5,4,49,Braking,15.2,C,B2,Buyer Gamma,Rubber,10571.19,223,49,174,1839387.06,2917548.75,0.12,Monthly,critical,1545.97,1288.43,1714.3,1615.47,1559.24,1342.76,293,0.0,0.0,0.0,0.0,0.0,0.19,0.0,0.0,0.0,0.0,0.0
EV-Program,06A-954-867-B,FUEL PIPE,4019,4019,PATLA-GABA PRIVATE LIMITED,2307,9615,249,0,4.17,Green,28506.99,5847,1632,1,2,93,Fuel System,18.62,D,P2,Buyer Alpha,Plastics,8635.61,7479,93,7386,63782615.46,74847817.16,3.2,Daily,healthy,2386.13,2094.78,2362.95,2002.94,2530.17,2442.84,9615,7853.57,5784.32,4370.1,1972.43,0.0,4.03,3.75,2.45,2.18,0.78,0.0
Passenger-Vehicle,08K-478-505-C,INTAKE MANIFOLD,4037,4037,APTE-CONTRACTOR PRIVATE LIMITED,337,514,6,0,1.53,Amber,4134.02,218,165,1,2,76,Engine,23.86,A,B2,Buyer Beta,Fasteners,8464.21,383,76,307,2598512.47,4293686.14,0.91,Daily,healthy,403.03,329.43,320.79,323.94,330.1,290.03,514,248.35,67.03,0.0,0.0,0.0,1.28,0.75,0.21,0.0,0.0,0.0
India3.0,12B-260-178-A,INTAKE MANIFOLD,4009,4009,"SAMI,OAKANDMALL PRIVATE LIMITED",0,97,0,0,,Gray,0.0,61,33,3,3,46,Engine,23.74,C,P1,Buyer Alpha,Machining,3331.77,94,46,48,159924.96,371554.81,,Daily,zero_demand,0.0,0.0,0.0,0.0,0.0,0.0,97,210.0,333.0,354.0,379.0,523.0,,,,,,
India2.0,06A-593-515-A,BONNET ASSEMBLY,4068,4068,NORI-CHOPRA PRIVATE LIMITED,1125,4024,103,0,3.58,Green,11488.51,1709,1149,2,2,10,Body,21.57,D,N1,Buyer Epsilon,Machining,10163.85,2858,10,2848,28946644.8,35272720.74,2.53,Weekly,healthy,1065.22,981.51,1347.6,1089.72,1250.13,1181.54,4024,3158.16,2213.5,1453.62,255.64,0.0,3.78,3.22,1.64,1.33,0.2,0.0
Passenger-Vehicle,04C-491-156-B,OIL FILTER HOUSING,4042,4042,"CHERIAN,MISRAANDTRIPATHI PRIVATE LIMITED",2077,5531,76,0,2.66,Green,23402.18,2216,1257,2,2,1,Engine,0.62,A,N2,Buyer Delta,Casting,10118.45,3473,1,3472,35131258.4,62091889.68,1.67,Weekly,healthy,2315.84,2402.79,2067.16,2010.8,2302.47,1844.96,5531,3458.69,1976.66,365.94,0.0,0.0,2.39,1.44,0.96,0.18,0.0,0.0
Commercial-Vehicle,15D-773-525-A,FUEL RAIL,4006,4006,"BALA,ISSACANDSAINI PRIVATE LIMITED",1664,1955,781,0,1.17,Amber,22299.45,843,434,6,5,5,Fuel System,12.8,D,P1,Buyer Gamma,Electronics,5923.18,1277,5,1272,7534284.96,12977414.67,0.76,Weekly,low_coverage,1942.13,1494.42,1860.37,1875.06,1449.68,1452.14,1955,536.7,0.0,0.0,0.0,0.0,1.01,0.36,0.0,0.0,0.0,0.0
Commercial-Vehicle,12B-114-182-C,CLUTCH PLATE,4053,4053,"IYER,MUNIANDRASTOGI PRIVATE LIMITED",2088,232,11,1845,0.11,Red,24599.02,111,35,7,2,84,Transmission,18.97,A,B1,Buyer Epsilon,Plastics,1432.12,146,84,62,88791.44,325192.19,0.03,Daily,critical,1831.66,2086.07,2265.67,2060.86,2003.46,2347.33,232,0.0,0.0,0.0,0.0,0.0,0.13,0.0,0.0,0.0,0.0,0.0
EV-Program,15D-596-647-A,FUEL PIPE,4061,4061,"KHANNA,MALLICKANDSUNDER PRIVATE LIMITED",753,752,371,0,1,Amber,8905.14,470,203,2,7,67,Fuel System,10.63,D,P3,Buyer Alpha,Metals,6102.57,673,67,606,3698157.42,3963735.86,0.8,Daily,low_coverage,752.82,664.39,785.85,867.79,890.6,669.24,752,178.1,0.0,0.0,0.0,0.0,1.0,0.27,0.0,0.0,0.0,0.0
India3.0,12B-163-331-B,ENGINE MOUNT,4045,4045,NAIKGROUP PRIVATE LIMITED,1116,1510,643,0,1.35,Amber,15080.54,569,479,7,1,75,Engine,15.51,A,P3,Buyer Alpha,Machining,9705.28,1048,75,973,9443237.44,13182904.16,0.87,Weekly,low_coverage,1243.64,972.36,1238.81,963.56,1258.0,1228.93,1510,752.18,0.0,0.0,0.0,0.0,1.21,0.77,0.0,0.0,0.0,0.0
Passenger-Vehicle,12B-939-309-C,RADIATOR PIPE,4010,4010,KALELLC PRIVATE LIMITED,1713,6002,177,0,3.5,Green,20841.64,2795,2381,3,1,95,Cooling,20.45,B,B1,Buyer Gamma,Metals,1854.01,5176,95,5081,9420224.81,9901778.55,2.97,Daily,healthy,1671.74,1681.31,1941.32,1651.64,1938.73,1688.2,6002,4571.82,2860.49,1518.83,0.0,0.0,3.59,2.72,1.47,0.92,0.0,0.0
EV-Program,12B-725-152-B,OIL FILTER HOUSING,4001,4001,"CHOUDHURY,BAKSHIANDMAHARAJ PRIVATE LIMITED",1341,4429,61,0,3.3,Green,17978.25,2555,970,4,0,29,Engine,13.91,B,P1,Buyer Gamma,Fasteners,6497.36,3525,29,3496,22714770.56,24995341.86,2.61,Daily,healthy,1469.13,1444.98,1425.79,1556.44,1544.52,1314.9,4429,3331.68,2085.43,912.75,0.0,0.0,3.01,2.31,1.46,0.59,0.0,0.0
India2.0,12B-267-452-B,WIRING HARNESS,4063,4063,"SOLANKI,KIBEANDSOLANKI PRIVATE LIMITED",2383,871,538,974,0.37,Red,27340.91,388,267,4,1,0,Electrical,4.68,C,B1,Buyer Beta,Casting,322.27,655,0,655,211086.85,242797.44,0.27,Daily,critical,2738.04,2480.46,2299.45,2449.2,2175.64,2158.93,871,0.0,0.0,0.0,0.0,0.0,0.32,0.0,0.0,0.0,0.0,0.0
Passenger-Vehicle,06A-321-921-A,CROSS MEMBER,4048,4048,BRARINC PRIVATE LIMITED,866,652,82,132,0.75,Red,8978.24,359,257,8,3,70,Chassis,10.24,B,B2,Buyer Delta,Forging,2294.82,616,70,546,1252971.72,1426884.6,0.63,Weekly,demand_spike,954.2,1478.92,1104.58,1178.08,1270.01,1263.94,652,0.0,0.0,0.0,0.0,0.0,0.68,0.0,0.0,0.0,0.0,0.0
EV-Program,06A-541-404-A,BODY BRACKET,4066,4066,ROY-SIBAL PRIVATE LIMITED,851,579,378,0,0.68,Red,9116.48,267,94,4,1,77,Body,8.81,B,P1,Buyer Gamma,Casting,542.83,361,77,284,154163.72,306074.27,0.33,Monthly,low_coverage,845.91,747.46,783.99,906.72,882.76,789.42,579,0.0,0.0,0.0,0.0,0.0,0.68,0.0,0.0,0.0,0.0,0.0
Passenger-Vehicle,15D-746-877-A,SHOCK ABSORBER,4036,4036,SIDHU-WADHWA PRIVATE LIMITED,1743,3330,16,0,1.91,Amber,22687.92,2080,817,4,0,40,Suspension,16.57,D,P1,Buyer Beta,Casting,6641.0,2897,40,2857,18973337.0,20341235.86,1.64,Daily,healthy,1879.97,1807.38,1773.72,1627.87,1560.08,1975.96,3330,1843.51,389.04,0.0,0.0,0.0,1.77,1.02,0.22,0.0,0.0,0.0
India3.0,06A-294-974-P,SUSPENSION BRACKET,4020,4020,PANT-KADAKIA PRIVATE LIMITED,1078,1174,251,0,1.09,Amber,14120.86,592,313,7,7,48,Suspension,11.56,A,N2,Buyer Epsilon,Electronics,108.98,905,48,857,93395.86,139909.52,0.79,Weekly,low_coverage,1162.42,1194.83,1193.12,992.72,993.71,1116.24,1174,261.24,0.0,0.0,0.0,0.0,1.01,0.22,0.0,0.0,0.0,0.0
Passenger-Vehicle,04C-419-844-A,FUEL RAIL,4064,4064,GUPTA-CHANDRA PRIVATE LIMITED,1931,6435,202,0,3.33,Green,20380.61,3872,1614,0,3,72,Fuel System,4.38,C,N1,Buyer Gamma,Plastics,4368.77,5486,72,5414,23652520.78,28344138.5,2.8,Weekly,healthy,2307.19,2079.92,2009.31,1650.66,2218.2,1684.13,6435,4947.69,3154.38,1698.56,0.0,0.0,2.79,2.38,1.57,1.03,0.0,0.0
EV-Program,12B-915-425-C,BRAKE BRACKET,4010,4010,KALELLC PRIVATE LIMITED,2464,103,1363,998,0.04,Red,30663.46,36,18,8,8,77,Braking,11.5,B,N1,Buyer Alpha,Electronics,1644.61,54,77,0,0.0,172322.46,0.0,Daily,critical,2552.48,2719.54,2857.65,2944.79,2908.61,2868.3,103,0.0,0.0,0.0,0.0,0.0,0.04,0.0,0.0,0.0,0.0,0.0
Passenger-Vehicle,12B-123-394-P,BODY BRACKET,4009,4009,"SAMI,OAKANDMALL PRIVATE LIMITED",2085,216,1531,338,0.1,Red,26914.26,135,65,5,6,7,Body,19.68,C,N1,Buyer Epsilon,Metals,8265.41,200,7,193,1595224.13,1827084.55,0.09,Daily,critical,2235.94,2239.54,1778.54,2154.67,2287.48,1850.27,216,0.0,0.0,0.0,0.0,0.0,0.1,0.0,0.0,0.0,0.0,0.0
Passenger-Vehicle,08K-832-510-B,FUEL PIPE,4026,4026,BHATTI-KAKAR PRIVATE LIMITED,1182,122,860,200,0.1,Red,14080.08,52,36,6,3,49,Fuel System,19.12,C,N1,Buyer Delta,Forging,9829.84,88,49,39,383363.76,1118487.2,0.03,Weekly,critical,1303.64,1350.17,1070.5,1150.26,1173.7,1132.5,122,0.0,0.0,0.0,0.0,0.0,0.09,0.0,0.0,0.0,0.0,0.0
India2.0,06A-629-267-C,WATER PUMP,4018,4018,RAILLC PRIVATE LIMITED,2009,5239,218,0,2.61,Green,22845.9,2877,1179,1,2,40,Cooling,23.11,B,N2,Buyer Delta,Rubber,6151.54,4056,40,4016,24704584.64,29937110.25,2.0,Daily,healthy,2102.97,2027.17,2134.53,1802.77,2140.71,1777.19,5239,3555.41,1465.09,0.0,0.0,0.0,2.49,1.75,0.69,0.0,0.0,0.0
India3.0,12B-337-741-B,SHOCK ABSORBER,4018,4018,RAILLC PRIVATE LIMITED,2217,25389,199,0,11.45,Gray,23392.25,12109,6988,2,2,82,Suspension,16.22,A,P1,Buyer Alpha,Electronics,8010.25,19097,82,19015,152314903.75,198568656.06,8.58,Weekly,excess,2321.31,2647.18,2195.95,1924.65,2265.14,2530.38,25389,23455.65,21676.71,19844.48,17699.21,15539.76,10.94,8.86,9.87,10.31,7.81,6.14
India2.0,08K-285-941-A,COOLING FAN,4037,4037,APTE-CONTRACTOR PRIVATE LIMITED,168,507,9,0,3.02,Green,2086.47,178,151,0,2,291,Cooling,16.66,D,B1,Buyer Beta,Plastics,7042.24,329,291,38,267605.12,3495104.43,0.23,Weekly,in_transit,163.71,194.13,197.81,148.45,193.03,185.56,507,425.41,277.76,201.57,175.51,36.34,3.1,2.19,1.4,1.36,0.91,0.2
India3.0,08K-952-689-B,BONNET ASSEMBLY,4021,4021,"LOKE,BORAANDGARG PRIVATE LIMITED",1645,6924,102,0,4.21,Green,20197.64,2546,1959,0,3,5,Body,10.41,B,N1,Buyer Gamma,Plastics,4507.26,4505,5,4500,20282670.0,32779621.06,2.74,Weekly,healthy,1830.64,1466.16,1783.4,1604.14,1553.55,1970.52,6924,5697.06,4283.79,2803.51,1697.98,0.0,3.78,3.89,2.4,1.75,1.09,0.0
India3.0,06A-150-925-P,BODY BRACKET,4037,4037,APTE-CONTRACTOR PRIVATE LIMITED,2028,1553,162,313,0.77,Red,20942.7,780,505,7,3,1,Body,23.1,C,B1,Buyer Beta,Plastics,8076.06,1285,1,1284,10369661.04,13961450.08,0.63,Monthly,low_coverage,1860.26,2364.9,1967.52,2074.12,1765.92,2349.56,1553,0.0,0.0,0.0,0.0,0.0,0.83,0.0,0.0,0.0,0.0,0.0
India3.0,15D-316-777-B,DOOR PANEL,4018,4018,RAILLC PRIVATE LIMITED,2047,2166,603,0,1.06,Amber,25737.89,1262,853,5,4,29,Body,14.12,A,N1,Buyer Delta,Metals,5517.5,2115,29,2086,11509505.0,12284848.93,1.02,Daily,low_coverage,1961.39,2116.3,2236.61,1951.26,2415.63,2255.34,2166,203.84,0.0,0.0,0.0,0.0,1.1,0.1,0.0,0.0,0.0,0.0
EV-Program,06A-370-794-B,ENGINE MOUNT,4077,4077,GALAGROUP PRIVATE LIMITED,2309,1865,1256,0,0.81,Red,27780.61,1008,340,4,7,8,Engine,8.82,A,B1,Buyer Beta,Rubber,3527.24,1348,8,1340,4726501.6,5845499.51,0.58,Weekly,low_coverage,2065.0,2244.41,2744.54,2192.31,2239.35,2425.7,1865,0.0,0.0,0.0,0.0,0.0,0.9,0.0,0.0,0.0,0.0,0.0
India3.0,04C-775-623-P,BODY BRACKET,4034,4034,DUTTALTD PRIVATE LIMITED,1934,6381,10,0,3.3,Green,22545.83,3364,1930,1,1,9,Body,6.48,D,N2,Buyer Epsilon,Rubber,8313.65,5294,9,5285,43937640.25,49746430.63,2.73,Weekly,healthy,1862.32,2151.25,2223.92,1785.56,1749.53,2181.46,6381,4482.85,2590.55,973.94,0.0,0.0,3.43,2.08,1.16,0.55,0.0,0.0
Commercial-Vehicle,15D-629-610-C,FUEL FILTER,4007,4007,SENPLC PRIVATE LIMITED,1535,1676,51,0,1.09,Amber,19167.34,1055,412,1,7,81,Fuel System,8.29,B,N2,Buyer Epsilon,Machining,10274.58,1467,81,1386,14240567.88,15759817.76,0.9,Daily,low_coverage,1543.17,1441.95,1374.59,1306.53,1333.0,1563.31,1676,408.78,0.0,0.0,0.0,0.0,1.09,0.28,0.0,0.0,0.0,0.0
Commercial-Vehicle,04C-469-758-B,WATER PUMP,4073,4073,"CHAUDHARI,BEDIANDZACHARIAH PRIVATE LIMITED",2146,18228,55,0,8.49,Gray,28896.88,11748,6901,4,1,69,Cooling,5.67,B,P1,Buyer Delta,Rubber,3634.48,18649,69,18580,67528638.4,65302747.26,8.66,Daily,excess,2363.55,2220.16,2381.69,2427.44,2277.22,2185.88,18228,16377.99,14688.09,12733.95,10739.38,9083.74,7.71,7.38,6.17,5.25,4.72,4.16
India3.0,08K-332-625-P,BONNET ASSEMBLY,4039,4039,MEMONGROUP PRIVATE LIMITED,1369,6269,157,0,4.58,Green,18245.19,2872,1019,0,7,238,Body,19.66,B,P1,Buyer Epsilon,Plastics,10765.05,3891,238,3653,39324727.65,59642043.9,2.67,Weekly,in_transit,1173.42,1184.41,1311.08,1334.6,1484.84,1190.67,6269,5341.02,4301.51,3161.16,1885.14,1020.65,5.34,4.51,3.28,2.37,1.27,0.86
India2.0,08K-981-766-B,BODY BRACKET,4064,4064,GUPTA-CHANDRA PRIVATE LIMITED,1589,3541,186,0,2.23,Green,19425.77,1544,1277,4,8,86,Body,16.39,C,B2,Buyer Alpha,Machining,11835.87,2821,86,2735,32371104.45,40462377.79,1.72,Monthly,in_transit,1454.82,1637.41,1458.78,1441.59,1650.45,1597.84,3541,2143.82,1110.76,0.0,0.0,0.0,2.43,1.31,0.76,0.0,0.0,0.0
India2.0,06A-191-768-C,SEAT BRACKET,4041,4041,"LALL,TELLAANDGOKHALE PRIVATE LIMITED",0,196,0,0,,Gray,0.0,68,57,1,2,70,Interior,3.35,A,N1,Buyer Gamma,Metals,11655.52,125,70,55,641053.6,2580681.32,,Weekly,zero_demand,0.0,0.0,0.0,0.0,0.0,0.0,196,286.0,391.0,504.0,642.0,672.0,,,,,,
India3.0,15D-758-588-C,SEAT BRACKET,4048,4048,BRARINC PRIVATE LIMITED,336,1451,46,0,4.32,Green,3977.06,821,237,3,0,1,Interior,2.18,A,P3,Buyer Alpha,Machining,7446.12,1058,1,1057,7870548.84,10059850.53,3.15,Monthly,healthy,317.6,295.15,362.52,367.26,384.87,328.26,1451,1256.79,1049.89,839.08,570.03,335.25,4.57,4.26,2.9,2.28,1.48,1.02
Passenger-Vehicle,04C-750-952-C,CHASSIS BRACKET,4079,4079,MANGAL-SAMPATH PRIVATE LIMITED,642,1085,38,0,1.69,Amber,8708.6,417,353,3,1,97,Chassis,14.51,A,N2,Buyer Delta,Metals,2925.98,770,97,673,1969184.54,3304661.2,1.05,Weekly,healthy,739.8,733.93,595.2,595.07,618.05,582.76,1085,445.1,0.0,0.0,0.0,0.0,1.47,0.61,0.0,0.0,0.0,0.0
India2.0,06A-253-719-A,INTAKE MANIFOLD,4062,4062,ZACHARIAANDSONS PRIVATE LIMITED,226,435,3,0,1.92,Amber,2459.11,227,94,3,2,7,Engine,12.88,D,N2,Buyer Epsilon,Forging,5204.7,321,7,314,1634275.8,2005688.64,1.39,Monthly,healthy,244.06,259.72,245.47,269.52,237.01,235.57,435,319.74,276.26,54.33,0.0,0.0,1.78,1.23,1.13,0.2,0.0,0.0
India3.0,12B-563-978-A,FUEL FILTER,4058,4058,AMBLEINC PRIVATE LIMITED,2228,7278,131,0,3.27,Green,29210.72,4700,2439,3,7,179,Fuel System,16.48,A,B2,Buyer Gamma,Machining,6120.95,7139,179,6960,42601812.0,45054672.95,3.12,Weekly,in_transit,2229.74,2663.08,2625.89,2338.19,2094.48,1906.24,7278,4714.78,2600.53,672.53,0.0,0.0,3.26,1.77,0.99,0.29,0.0,0.0
India3.0,12B-926-694-P,BRAKE CALIPER,4009,4009,"SAMI,OAKANDMALL PRIVATE LIMITED",2214,7464,150,0,3.37,Green,28802.71,4047,1958,3,0,39,Braking,6.97,D,N2,Buyer Alpha,Forging,1946.19,6005,39,5966,11610969.54,14178341.25,2.69,Weekly,healthy,2134.56,2401.17,2393.85,2198.3,1948.38,2164.41,7464,5617.47,3743.44,2102.12,548.35,0.0,3.5,2.34,1.56,0.96,0.28,0.0
EV-Program,04C-539-754-C,,4037,4037,APTE-CONTRACTOR PRIVATE LIMITED,265,165,84,16,0.62,Red,2754.14,102,45,4,5,78,Interior,9.78,A,N1,Buyer Delta,Electronics,9249.05,147,78,69,638184.45,1555684.18,0.26,Monthly,low_coverage,233.89,283.31,265.5,227.21,314.03,301.94,165,0.0,0.0,0.0,0.0,0.0,0.71,0.0,0.0,0.0,0.0,0.0
Passenger-Vehicle,15D-723-545-A,DASHBOARD PANEL,4021,4021,"LOKE,BORAANDGARG PRIVATE LIMITED",0,240,0,0,,Gray,0.0,123,52,0,2,43,Interior,17.19,C,B1,Buyer Delta,Machining,10667.37,175,43,132,1408092.84,2697144.4,,Weekly,zero_demand,0.0,0.0,0.0,0.0,0.0,0.0,240,322.0,323.0,344.0,477.0,565.0,,,,,,
EV-Program,08K-303-810-B,CLUTCH PLATE,4079,4079,MANGAL-SAMPATH PRIVATE LIMITED,1438,6848,46,0,4.76,Green,20105.57,2566,1260,0,0,76,Transmission,13.5,B,P1,Buyer Beta,Plastics,10371.59,3826,76,3750,38893462.5,78720925.01,2.61,Daily,healthy,1425.39,1691.51,1445.3,1249.91,1650.27,1309.02,6848,5263.24,4028.58,3066.85,1889.9,798.22,4.8,3.11,2.79,2.45,1.15,0.61
India3.0,08K-340-357-A,GEAR HOUSING,4041,4041,"LALL,TELLAANDGOKHALE PRIVATE LIMITED",1408,398,204,806,0.28,Red,17865.83,213,135,6,4,13,Transmission,18.5,C,B2,Buyer Delta,Machining,5748.36,348,13,335,1925700.6,2193475.42,0.24,Weekly,critical,1378.35,1274.22,1375.0,1497.31,1354.31,1270.55,398,0.0,0.0,0.0,0.0,0.0,0.29,0.0,0.0,0.0,0.0,0.0
India2.0,12B-997-870-A,WATER PUMP,4022,4022,"KONDA,GADEANDSHERE PRIVATE LIMITED",2030,1471,765,0,0.72,Red,20454.32,892,340,7,5,90,Cooling,16.03,D,B1,Buyer Beta,Machining,2399.45,1232,90,1142,2740171.9,3345420.86,0.56,Daily,low_coverage,2097.23,1942.07,1755.1,1838.64,2247.48,2135.13,1471,0.0,0.0,0.0,0.0,0.0,0.7,0.0,0.0,0.0,0.0,0.0
Passenger-Vehicle,12B-316-853-C,BRAKE CALIPER,4008,4008,AHUJA-DUTTA PRIVATE LIMITED,2225,8605,214,0,3.87,Green,23528.09,5520,3428,1,0,90,Braking,5.99,D,N2,Buyer Epsilon,Fasteners,1630.43,8948,90,8858,14442348.94,13496472.75,3.98,Daily,healthy,1906.89,2045.42,2473.18,2541.93,2621.1,2480.86,8605,7116.55,4705.66,2384.81,214.16,0.0,4.51,3.48,1.9,0.94,0.08,0.0
India3.0,04C-654-997-A,BRAKE PAD,4004,4004,BALANINC PRIVATE LIMITED,1383,2966,149,0,2.14,Green,16876.79,1620,1020,0,3,91,Braking,19.31,C,B1,Buyer Gamma,Electronics,3008.15,2640,91,2549,7667774.35,10218880.79,1.84,Monthly,in_transit,1596.13,1576.17,1584.59,1558.97,1336.34,1624.15,2966,1698.41,333.11,0.0,0.0,0.0,1.86,1.08,0.21,0.0,0.0,0.0
India2.0,06A-531-766-A,SUSPENSION BRACKET,4050,4050,DAVELTD PRIVATE LIMITED,2140,3773,192,0,1.76,Amber,21779.76,2005,814,3,1,72,Suspension,0.41,D,N2,Buyer Gamma,Machining,720.3,2819,72,2747,1978664.1,2370565.3,1.28,Daily,healthy,2531.42,2215.43,2280.65,2548.79,1830.02,2198.63,3773,1862.14,148.4,0.0,0.0,0.0,1.49,0.84,0.07,0.0,0.0,0.0
Commercial-Vehicle,06A-898-215-A,CHASSIS BRACKET,4005,4005,KAULPLC PRIVATE LIMITED,1590,54,653,883,0.03,Red,16969.19,31,15,1,7,86,Chassis,10.85,D,N1,Buyer Delta,Rubber,7377.47,46,86,0,0.0,349592.83,0.0,Monthly,critical,1850.05,1508.62,1743.27,1636.06,1897.74,1496.79,54,0.0,0.0,0.0,0.0,0.0,0.03,0.0,0.0,0.0,0.0,0.0
India2.0,04C-263-495-B,BONNET ASSEMBLY,4010,4010,KALELLC PRIVATE LIMITED,330,38,119,173,0.12,Red,3976.47,13,11,5,4,89,Body,17.32,C,N1,Buyer Alpha,Rubber,8220.03,24,89,0,0.0,309454.09,0.0,Daily,critical,392.37,369.59,300.89,368.19,378.47,299.69,38,0.0,0.0,0.0,0.0,0.0,0.1,0.0,0.0,0.0,0.0,0.0
EV-Program,06A-199-143-P,WIRING HARNESS,4028,4028,SHANKER-DHAR PRIVATE LIMITED,315,597,1,0,1.9,Amber,3538.61,362,168,1,3,17,Electrical,11.55,B,B2,Buyer Gamma,Metals,5892.28,530,17,513,3022739.64,3571940.7,1.63,Daily,healthy,363.99,335.12,291.86,309.76,286.21,365.67,597,437.69,185.26,58.85,0.0,0.0,1.64,1.31,0.63,0.19,0.0,0.0
India2.0,12B-853-962-A,WATER PUMP,4022,4022,"KONDA,GADEANDSHERE PRIVATE LIMITED",2245,3958,229,0,1.76,Amber,31025.81,2373,902,1,0,3,Cooling,17.16,C,P2,Buyer Beta,Rubber,7842.02,3275,3,3272,25659089.44,27078944.32,1.46,Weekly,healthy,2627.9,2392.37,2549.39,2297.46,1936.79,1946.41,3958,2174.46,358.57,0.0,0.0,0.0,1.51,0.91,0.14,0.0,0.0,0.0
India2.0,06A-446-680-C,ENGINE MOUNT,4015,4015,,0,166,0,0,,Gray,0.0,104,45,4,3,34,Engine,8.5,B,N2,Buyer Alpha,Rubber,5077.71,149,34,115,583936.65,725440.63,,Weekly,zero_demand,0.0,0.0,0.0,0.0,0.0,0.0,166,191.0,198.0,212.0,250.0,329.0,,,,,,
EV-Program,15D-833-791-B,BODY BRACKET,4067,4067,"BHAGAT,CHAUDHARIANDBHAT PRIVATE LIMITED",0,102,0,0,,Gray,0.0,57,16,4,0,40,Body,21.52,C,B1,Buyer Beta,Plastics,5786.96,73,40,33,190969.68,599588.03,,Daily,zero_demand,0.0,0.0,0.0,0.0,0.0,0.0,102,125.0,186.0,278.0,282.0,376.0,,,,,,
India3.0,15D-742-390-A,BRAKE BRACKET,4014,4014,"DASH,RADHAKRISHNANANDBRAR PRIVATE LIMITED",2468,19552,1,0,7.92,Green,25617.07,9224,3010,2,0,13,Braking,15.14,D,P3,Buyer Delta,Fasteners,294.23,12234,13,12221,3595784.83,5914728.56,4.95,Daily,excess,2833.45,2125.74,2891.75,2434.58,2645.45,2444.39,19552,17472.72,14807.78,12552.87,10109.1,7774.74,6.9,8.22,5.12,5.16,3.82,3.18
Passenger-Vehicle,08K-412-581-A,ENGINE MOUNT,4019,4019,PATLA-GABA PRIVATE LIMITED,3131,1621,329,1181,0.52,Red,42453.43,677,440,4,2,49,Engine,10.68,C,P2,Buyer Delta,Electronics,10149.99,1117,49,1068,10840189.32,17697388.28,0.34,Monthly,demand_spike,2758.21,4462.42,4342.99,3573.26,3545.71,3890.9,1621,0.0,0.0,0.0,0.0,0.0,0.59,0.0,0.0,0.0,0.0,0.0
India3.0,08K-860-195-C,SEAT BRACKET,4027,4027,"MURTY,KALAANDTATA PRIVATE LIMITED",400,1696,1,0,4.24,Green,4904.79,622,475,1,2,33,Interior,4.74,B,N2,Buyer Alpha,Casting,494.73,1097,33,1064,526392.72,779685.79,2.66,Weekly,healthy,400.28,345.77,340.84,348.29,364.28,467.13,1696,1471.4,1315.58,1059.1,852.43,498.47,4.24,4.26,3.86,3.04,2.34,1.07
Commercial-Vehicle,08K-838-518-C,CLUTCH PLATE,4063,4063,"SOLANKI,KIBEANDSOLANKI PRIVATE LIMITED",149,352,14,0,2.36,Green,1855.98,181,101,2,2,98,Transmission,6.57,C,N1,Buyer Beta,Casting,1190.73,282,98,184,219094.32,412298.07,1.23,Daily,healthy,158.65,170.86,128.02,135.18,149.29,167.4,352,218.12,231.75,200.59,99.55,6.55,2.22,1.28,1.81,1.48,0.67,0.04
India2.0,08K-290-642-A,BRAKE BRACKET,4034,4034,DUTTALTD PRIVATE LIMITED,415,304,156,0,0.73,Red,4561.37,186,112,3,3,45,Braking,19.31,A,B2,Buyer Gamma,Rubber,8946.36,298,45,253,2263429.08,2784110.58,0.61,Daily,demand_spike,377.53,490.03,540.17,548.5,603.15,558.52,304,0.0,0.0,0.0,0.0,0.0,0.81,0.0,0.0,0.0,0.0,0.0
EV-Program,08K-125-970-C,WATER PUMP,4063,4063,"SOLANKI,KIBEANDSOLANKI PRIVATE LIMITED",81,274,12,0,3.38,Green,827.2,97,91,4,2,67,Cooling,23.6,A,P3,Buyer Beta,Fasteners,8818.07,188,67,121,1066986.47,2515706.25,1.49,Weekly,healthy,82.0,72.88,85.34,78.16,85.25,96.58,274,222.79,148.99,98.87,124.19,122.67,3.34,3.06,1.75,1.26,1.46,1.27
EV-Program,04C-801-339-B,FUEL PIPE,4027,4027,"MURTY,KALAANDTATA PRIVATE LIMITED",1270,1285,762,0,1.01,Amber,16769.0,684,385,7,7,63,Fuel System,0.62,D,N1,Buyer Epsilon,Rubber,2978.37,1069,63,1006,2996240.22,3783393.67,0.79,Daily,low_coverage,1152.18,1407.04,1176.6,1296.87,1333.3,1261.33,1285,271.02,0.0,0.0,0.0,0.0,1.12,0.19,0.0,0.0,0.0,0.0
Commercial-Vehicle,04C-924-547-A,CONTROL ARM,4065,4065,SANKARLLC PRIVATE LIMITED,2261,8401,220,0,3.72,Green,22912.01,4409,2248,2,0,92,Suspension,3.2,A,B1,Buyer Gamma,Fasteners,1066.76,6657,92,6565,7003279.4,7637559.44,2.9,Weekly,healthy,2460.53,2109.99,2119.97,2119.2,2689.45,2074.41,8401,6536.23,4713.62,3155.24,851.8,0.0,3.41,3.1,2.22,1.49,0.32,0.0
Passenger-Vehicle,08K-328-661-A,WIRING HARNESS,4004,4004,BALANINC PRIVATE LIMITED,1065,3392,58,0,3.18,Green,13772.52,2026,783,2,2,15,Electrical,3.2,C,N1,Buyer Epsilon,Metals,5556.71,2809,15,2794,15525447.74,17994469.68,2.62,Weekly,healthy,1253.54,1073.76,929.18,1096.04,1056.04,910.39,3392,2384.09,1765.51,898.93,49.81,0.0,2.71,2.22,1.9,0.82,0.05,0.0
India3.0,04C-628-187-A,CROSS MEMBER,4056,4056,BHATTLLC PRIVATE LIMITED,2188,10097,135,0,4.61,Green,29731.11,5808,3208,4,0,87,Chassis,22.78,B,N2,Buyer Beta,Plastics,11617.02,9016,87,8929,103728371.58,109601250.52,4.08,Weekly,healthy,2585.78,2001.15,2190.8,2390.1,2210.16,2498.86,10097,8375.56,6543.53,4869.65,2900.83,1121.84,3.9,4.19,2.99,2.04,1.31,0.45
Passenger-Vehicle,04C-472-453-A,FRAME SUPPORT,4001,4001,"CHOUDHURY,BAKSHIANDMAHARAJ PRIVATE LIMITED",33,11,7,15,0.33,Red,366.59,5,2,2,2,83,Chassis,14.53,C,B1,Buyer Epsilon,Rubber,9323.73,7,83,0,0.0,95025.0,0.0,Daily,critical,30.19,34.53,37.4,38.74,38.31,37.4,11,118.7,147.75,147.09,240.81,231.46,0.36,3.44,3.95,3.8,6.29,6.19
India3.0,12B-724-748-A,SENSOR ASSEMBLY,4012,4012,PARMERLLC PRIVATE LIMITED,2013,3381,122,0,1.68,Amber,22097.51,1953,891,2,3,9,Electrical,16.24,C,B1,Buyer Epsilon,Rubber,798.98,2844,9,2835,2265108.3,2306958.94,1.41,Daily,healthy,2071.0,2411.44,2354.55,2069.53,1885.91,2089.41,3381,1392.82,0.0,0.0,0.0,0.0,1.63,0.58,0.0,0.0,0.0,0.0
Commercial-Vehicle,15D-130-166-B,BRAKE PAD,4020,4020,PANT-KADAKIA PRIVATE LIMITED,0,264,0,0,,Gray,0.0,139,55,4,1,44,Braking,12.33,A,P3,Buyer Alpha,Electronics,9454.28,194,44,150,1418142.0,2701089.84,,Monthly,zero_demand,0.0,0.0,0.0,0.0,0.0,0.0,264,308.0,384.0,405.0,445.0,544.0,,,,,,
India2.0,06A-517-670-P,ENGINE MOUNT,4033,4033,BATTAINC PRIVATE LIMITED,450,2071,20,0,4.6,Green,4566.87,804,594,4,3,25,Engine,9.06,D,P3,Buyer Alpha,Machining,11902.97,1398,25,1373,16342777.81,23227974.87,3.05,Monthly,healthy,434.43,511.06,449.55,508.97,454.82,535.94,2071,1760.13,1471.08,1187.82,906.4,563.22,4.77,3.44,3.27,2.33,1.99,1.05
EV-Program,15D-997-679-A,BRAKE CALIPER,4033,4033,BATTAINC PRIVATE LIMITED,1720,252,974,494,0.15,Red,22300.4,156,69,6,2,53,Braking,18.99,D,P1,Buyer Gamma,Electronics,4879.81,225,53,172,839327.32,1175683.07,0.1,Weekly,critical,1668.28,1892.11,1800.84,2042.65,1506.37,2011.02,252,0.0,0.0,0.0,0.0,0.0,0.15,0.0,0.0,0.0,0.0,0.0
EV-Program,06A-602-361-P,CONSOLE COVER,4042,4042,"CHERIAN,MISRAANDTRIPATHI PRIVATE LIMITED",1459,4179,163,0,2.86,Green,14953.22,2237,1451,0,1,61,Interior,4.0,A,N2,Buyer Delta,Casting,9997.95,3688,61,3627,36262564.65,42880882.03,2.49,Weekly,healthy,1519.25,1443.37,1731.67,1346.53,1241.45,1747.14,4179,3057.35,1673.91,683.53,0.0,0.0,2.75,2.12,0.97,0.51,0.0,0.0
Passenger-Vehicle,04C-111-801-C,,4002,4002,KAPOORANDSONS PRIVATE LIMITED,436,521,236,0,1.19,Amber,5960.89,279,105,1,4,63,Transmission,18.73,A,B2,Buyer Gamma,Machining,7392.04,384,63,321,2372844.84,3366084.78,0.74,Daily,low_coverage,390.12,396.0,460.34,380.67,439.01,416.58,521,270.38,0.0,0.0,0.0,0.0,1.34,0.68,0.0,0.0,0.0,0.0
Passenger-Vehicle,04C-400-318-A,FRAME SUPPORT,4041,4041,"LALL,TELLAANDGOKHALE PRIVATE LIMITED",2163,2243,237,0,1.04,Amber,22069.46,1287,856,7,1,0,Chassis,22.41,D,B2,Buyer Epsilon,Fasteners,8616.21,2143,0,2143,18464538.03,21228131.33,0.99,Weekly,low_coverage,2147.44,2348.84,1985.17,2145.82,2060.58,2293.41,2243,529.12,0.0,0.0,0.0,0.0,1.04,0.23,0.0,0.0,0.0,0.0
India2.0,06A-529-328-B,FUEL FILTER,4043,4043,"ISSAC,DUAANDPRAKASH PRIVATE LIMITED",1502,6381,98,0,4.25,Green,18364.02,2274,1267,2,7,93,Fuel System,11.18,C,P1,Buyer Beta,Machining,3183.77,3541,93,3448,10977638.96,22577212.5,2.3,Daily,in_transit,1564.02,1439.82,1586.01,1564.12,1546.85,1568.98,6381,5158.57,3831.51,2381.87,1060.68,0.0,4.08,3.58,2.42,1.52,0.69,0.0
Commercial-Vehicle,06A-529-456-C,SUSPENSION BRACKET,4031,4031,"RASTOGI,PATHAKANDKANDA PRIVATE LIMITED",251,515,13,0,2.05,Green,3392.69,213,198,4,5,150,Suspension,24.38,D,B1,Buyer Alpha,Casting,10396.69,411,150,261,2713536.09,5653880.05,1.04,Daily,in_transit,220.8,300.64,286.39,294.15,248.58,255.97,515,319.93,68.7,0.0,0.0,0.0,2.33,1.06,0.24,0.0,0.0,0.0
Passenger-Vehicle,15D-804-384-B,INTAKE MANIFOLD,4037,4037,APTE-CONTRACTOR PRIVATE LIMITED,1654,5278,97,0,3.19,Green,23134.63,3024,1741,4,1,46,Engine,14.04,B,N1,Buyer Epsilon,Fasteners,5848.76,4765,46,4719,27600298.44,27467292.55,2.85,Weekly,healthy,1909.7,1532.17,1678.94,1743.18,1423.33,1558.71,5278,4205.4,2923.34,1597.41,399.71,0.0,2.76,2.74,1.74,0.92,0.28,0.0
EV-Program,12B-385-290-C,SHOCK ABSORBER,4036,4036,SIDHU-WADHWA PRIVATE LIMITED,0,198,1,0,,Gray,0.0,119,59,4,3,66,Suspension,11.37,C,P3,Buyer Gamma,Casting,8114.09,178,66,112,908778.08,1646653.55,,Monthly,zero_demand,0.0,0.0,0.0,0.0,0.0,0.0,198,257.0,333.0,415.0,488.0,562.0,,,,,,
Passenger-Vehicle,12B-591-570-P,SENSOR ASSEMBLY,4062,4062,ZACHARIAANDSONS PRIVATE LIMITED,281,311,64,0,1.11,Amber,3327.12,134,50,3,8,70,Electrical,11.8,A,P1,Buyer Beta,Rubber,768.51,184,70,114,87610.14,225928.58,0.41,Monthly,low_coverage,247.74,298.94,317.32,255.41,261.31,305.33,311,114.17,0.0,0.0,0.0,0.0,1.26,0.38,0.0,0.0,0.0,0.0
India3.0,12B-232-410-C,CONTROL MODULE,4042,4042,"CHERIAN,MISRAANDTRIPATHI PRIVATE LIMITED",1870,8894,244,0,4.76,Green,23873.27,5286,1538,2,3,98,Electrical,0.78,C,N1,Buyer Delta,Casting,10056.78,6824,98,6726,67641902.28,102390113.77,3.6,Weekly,healthy,2098.51,1853.43,2070.44,1635.32,2090.59,1667.63,8894,7427.65,5539.41,4001.14,2364.15,1159.11,4.24,4.01,2.68,2.45,1.13,0.7
Commercial-Vehicle,08K-126-395-B,CONTROL ARM,4063,4063,"SOLANKI,KIBEANDSOLANKI PRIVATE LIMITED",1301,1258,550,0,0.97,Red,18025.53,548,230,4,6,32,Suspension,13.16,D,N2,Buyer Alpha,Plastics,2730.97,778,32,746,2037303.62,3593000.86,0.57,Daily,low_coverage,1279.02,1352.14,1424.88,1514.18,1348.39,1180.03,1258,252.28,0.0,0.0,0.0,0.0,0.98,0.19,0.0,0.0,0.0,0.0
Passenger-Vehicle,08K-258-120-P,SUSPENSION BRACKET,4022,4022,"KONDA,GADEANDSHERE PRIVATE LIMITED",790,3690,17,0,4.67,Green,10447.42,2318,1141,0,2,140,Suspension,6.77,C,N1,Buyer Delta,Machining,1110.11,3459,140,3319,3684455.09,3883774.2,4.2,Daily,in_transit,862.15,711.7,941.38,804.32,876.87,734.04,3690,3186.94,2502.97,1882.02,1242.11,650.46,4.28,4.48,2.66,2.34,1.42,0.89
Passenger-Vehicle,06A-822-622-P,COOLING FAN,4023,4023,MADAN-KANDA PRIVATE LIMITED,3203,773,56,2374,0.24,Red,34769.28,476,245,5,3,8,Cooling,17.02,C,P2,Buyer Gamma,Forging,674.47,721,8,713,480897.11,543018.75,0.22,Daily,demand_spike,3135.77,4813.47,4516.07,4429.73,3969.89,3989.72,773,0.0,0.0,0.0,0.0,0.0,0.25,0.0,0.0,0.0,0.0,0.0
India2.0,08K-787-422-B,CROSS MEMBER,4056,4056,BHATTLLC PRIVATE LIMITED,2202,6561,1,0,2.98,Green,26393.23,3835,2622,4,1,10,Chassis,17.84,A,P2,Buyer Alpha,Machining,8033.48,6457,10,6447,51791845.56,49287864.7,2.93,Monthly,healthy,2420.13,2524.34,2468.7,2348.33,1885.92,2553.54,6561,4578.22,2509.82,534.28,0.0,0.0,2.71,1.81,1.02,0.23,0.0,0.0
Commercial-Vehicle,15D-608-348-P,ENGINE MOUNT,4056,4056,BHATTLLC PRIVATE LIMITED,1448,4474,163,0,3.09,Green,17026.33,1877,1024,2,0,30,Engine,17.15,A,B2,Buyer Alpha,Rubber,9264.75,2901,30,2871,26599097.25,38626116.37,1.98,Weekly,healthy,1387.59,1532.82,1508.04,1571.76,1625.91,1285.26,4474,3260.48,1935.08,774.22,0.0,0.0,3.22,2.13,1.28,0.49,0.0,0.0
India2.0,15D-616-620-B,BODY BRACKET,4024,4024,"NAIR,BHALLAANDKARNIK PRIVATE LIMITED",671,4884,42,0,7.28,Green,8538.76,3085,1617,2,2,90,Body,13.72,B,B2,Buyer Epsilon,Plastics,10563.98,4702,90,4612,48721075.76,49776918.56,6.87,Monthly,excess,605.03,712.9,742.55,766.29,711.81,587.17,4884,4371.12,3788.05,3120.11,2501.72,2065.44,8.07,6.13,5.1,4.07,3.51,3.52
Commercial-Vehicle,04C-647-926-C,CONTROL ARM,4044,4044,ZACHARIAPLC PRIVATE LIMITED,2107,2878,1061,0,1.37,Amber,22743.61,1709,885,2,7,71,Suspension,13.06,C,P1,Buyer Epsilon,Plastics,2937.3,2594,71,2523,7410807.9,8678024.71,1.2,Monthly,low_coverage,2356.48,2089.04,2404.93,2431.87,2291.62,1793.56,2878,900.82,0.0,0.0,0.0,0.0,1.22,0.43,0.0,0.0,0.0,0.0
Passenger-Vehicle,04C-223-169-A,WIRING HARNESS,4005,4005,KAULPLC PRIVATE LIMITED,539,678,406,0,1.26,Amber,7317.93,279,105,1,5,59,Electrical,18.96,D,N1,Buyer Beta,Metals,585.92,384,59,325,190424.0,385205.09,0.6,Monthly,low_coverage,507.14,548.7,465.97,613.73,586.82,566.46,678,240.58,0.0,0.0,0.0,0.0,1.34,0.44,0.0,0.0,0.0,0.0
India3.0,04C-438-262-P,RADIATOR PIPE,4080,4080,,1054,14796,21,0,14.04,Gray,14666.61,6397,2464,3,3,53,Cooling,20.99,D,P3,Buyer Alpha,Machining,11136.63,8861,53,8808,98091437.04,141503940.46,8.36,Weekly,excess,1152.06,963.39,945.77,1096.47,900.12,925.43,14796,14084.17,13215.09,12412.57,11834.32,10995.94,12.84,14.62,13.97,11.32,13.15,11.88
Commercial-Vehicle,15D-929-951-P,CONSOLE COVER,4027,4027,"MURTY,KALAANDTATA PRIVATE LIMITED",6144,1835,4556,0,0.3,Red,82509.66,912,372,4,3,12,Interior,2.71,A,N1,Buyer Alpha,Casting,4558.35,1284,12,1272,5798221.2,9246121.4,0.21,Weekly,demand_spike,5869.02,7357.62,7068.09,8501.46,6480.66,9394.33,1835,0.0,0.0,0.0,0.0,0.0,0.31,0.0,0.0,0.0,0.0,0.0
Passenger-Vehicle,08K-652-833-C,SEAT BRACKET,4060,4060,NARAYANANINC PRIVATE LIMITED,1775,379,930,466,0.21,Red,23120.05,233,133,8,1,75,Interior,4.14,A,N2,Buyer Alpha,Forging,8892.78,366,75,291,2587798.98,3092226.51,0.16,Weekly,critical,1899.16,1707.67,1986.0,2026.54,1981.49,2029.59,379,0.0,0.0,0.0,0.0,0.0,0.2,0.0,0.0,0.0,0.0,0.0
India3.0,08K-619-267-P,BODY BRACKET,4025,4025,MUTTIGROUP PRIVATE LIMITED,888,3233,44,0,3.64,Green,8972.5,1154,802,3,0,4,Body,20.06,B,N1,Buyer Beta,Rubber,336.66,1956,4,1952,657160.32,1176340.31,2.2,Daily,healthy,863.43,862.72,1004.98,1049.59,860.94,1009.72,3233,2521.73,1591.54,784.03,151.92,0.0,3.74,2.92,1.58,0.75,0.18,0.0
India2.0,12B-525-539-A,BRAKE PAD,4007,4007,SENPLC PRIVATE LIMITED,1077,15896,3,0,14.76,Gray,13075.93,9762,2698,4,3,91,Braking,3.3,C,P2,Buyer Delta,Fasteners,6658.54,12460,91,12369,82359481.26,95247018.92,11.48,Daily,excess,1053.92,1030.25,1065.4,1263.22,965.79,1110.16,15896,14911.72,14145.82,13183.34,12536.16,11838.32,15.08,14.47,13.28,10.44,12.98,10.66
Commercial-Vehicle,06A-796-949-B,FUEL PIPE,4015,4015,"MEMON,PATHAKANDHANDA PRIVATE LIMITED",1871,8935,273,0,4.78,Green,21781.44,5786,3197,3,3,35,Fuel System,9.76,D,P1,Buyer Beta,Electronics,9187.36,8983,35,8948,82208497.28,72259303.51,4.78,Monthly,healthy,1899.87,2163.26,1950.03,1781.45,1798.27,1942.9,8935,6967.32,5460.15,4085.34,2633.91,896.35,4.7,3.22,2.8,2.29,1.46,0.46
EV-Program,15D-822-452-A,DOOR PANEL,4062,4062,ZACHARIAANDSONS PRIVATE LIMITED,143,1728,0,0,12.08,Gray,1934.42,956,603,2,0,91,Body,20.13,C,P1,Buyer Delta,Electronics,1234.19,1559,91,1468,1811790.92,2331478.95,10.27,Monthly,excess,139.12,126.43,158.01,128.6,145.96,157.47,1728,1710.9,1623.46,1603.15,1561.75,1450.17,12.42,13.53,10.27,12.47,10.7,9.21
EV-Program,12B-248-401-B,SHOCK ABSORBER,4003,4003,"CHAUDRY,CHAHALANDSAMI PRIVATE LIMITED",2262,7421,164,0,3.28,Green,29131.3,4070,2581,3,0,50,Suspension,17.63,D,N1,Buyer Beta,Metals,8831.92,6651,50,6601,58299503.92,59505548.83,2.92,Monthly,healthy,2690.95,1968.61,2093.28,2568.47,2177.41,2317.58,7421,5614.11,3626.91,1632.03,0.0,0.0,2.76,2.85,1.73,0.64,0.0,0.0
India2.0,06A-445-633-P,FUEL PIPE,4038,4038,"YADAV,LOKEANDOAK PRIVATE LIMITED",1687,4310,154,0,2.55,Green,21190.61,2451,1209,1,1,50,Fuel System,16.79,D,N1,Buyer Delta,Rubber,3461.15,3660,50,3610,12494751.5,12788139.28,2.14,Weekly,healthy,1858.62,1778.6,1830.74,1457.87,1744.65,1692.61,4310,2933.83,1454.4,314.22,0.0,0.0,2.32,1.65,0.79,0.22,0.0,0.0
India2.0,08K-107-740-P,ENGINE MOUNT,4033,4033,BATTAINC PRIVATE LIMITED,1831,23218,133,0,12.68,Gray,25048.29,13106,8415,3,2,54,Engine,20.16,D,P3,Buyer Gamma,Plastics,11697.77,21521,54,21467,251116028.59,241374545.2,11.72,Weekly,excess,1813.29,1887.06,1820.52,1793.92,1794.47,1746.73,23218,21675.52,20351.13,18861.77,17362.15,16054.32,12.8,11.49,11.18,10.51,9.68,9.19
EV-Program,04C-598-534-B,COOLING FAN,4054,4054,"PRAKASH,SARMAANDVARUGHESE PRIVATE LIMITED",1902,3618,279,0,1.9,Amber,24090.66,1739,990,0,3,22,Cooling,10.24,C,P1,Buyer Alpha,Metals,6231.18,2729,22,2707,16867804.26,24390965.24,1.42,Daily,healthy,1747.52,1976.62,2229.25,2166.64,1974.02,2058.3,3618,1852.66,51.8,0.0,0.0,0.0,2.07,0.94,0.02,0.0,0.0,0.0
EV-Program,08K-599-683-B,GEAR HOUSING,4038,4038,"YADAV,LOKEANDOAK PRIVATE LIMITED",1914,81,1288,545,0.04,Red,20437.08,35,32,4,5,40,Transmission,22.81,A,B1,Buyer Beta,Plastics,10377.85,67,40,27,280201.95,893571.82,0.01,Monthly,critical,2078.55,1944.99,2283.17,1884.93,1757.29,2184.97,81,0.0,0.0,0.0,0.0,0.0,0.04,0.0,0.0,0.0,0.0,0.0
EV-Program,15D-656-126-P,SUSPENSION BRACKET,4021,4021,"LOKE,BORAANDGARG PRIVATE LIMITED",203,490,3,0,2.41,Green,2521.28,176,158,3,2,41,Suspension,19.23,A,P1,Buyer Beta,Plastics,10352.08,334,41,293,3033159.44,4684631.46,1.44,Daily,healthy,202.45,230.91,204.71,238.54,195.3,175.66,490,421.87,264.71,169.61,119.42,0.0,2.42,1.83,1.29,0.71,0.61,0.0
Passenger-Vehicle,04C-556-102-A,CROSS MEMBER,4025,4025,MUTTIGROUP PRIVATE LIMITED,649,730,490,0,1.12,Amber,8124.52,257,122,3,4,6,Chassis,18.37,B,B2,Buyer Epsilon,Forging,6572.01,379,6,373,2451359.73,5495679.7,0.57,Daily,low_coverage,674.85,647.98,598.23,637.62,577.28,745.0,730,166.47,0.0,0.0,0.0,0.0,1.08,0.26,0.0,0.0,0.0,0.0
Passenger-Vehicle,04C-545-183-P,BRAKE PAD,4053,4053,"IYER,MUNIANDRASTOGI PRIVATE LIMITED",2223,5184,298,0,2.33,Green,23719.36,2817,1126,3,3,25,Braking,8.1,D,P3,Buyer Beta,Plastics,9236.17,3943,25,3918,36187314.06,45349421.37,1.76,Monthly,healthy,2363.39,1999.1,2621.03,2281.81,2583.75,2200.77,5184,3355.92,1288.61,0.0,0.0,0.0,2.19,1.68,0.49,0.0,0.0,0.0
EV-Program,15D-408-648-C,CONTROL MODULE,4076,4076,KALA-RATTAN PRIVATE LIMITED,1133,4084,14,0,3.6,Green,15774.56,1954,1190,4,0,38,Electrical,14.71,A,B2,Buyer Alpha,Electronics,8646.12,3144,38,3106,26854848.72,36658395.38,2.74,Weekly,healthy,1025.24,1147.13,1206.98,1072.04,995.12,1150.7,4084,3129.75,2028.06,1134.0,399.99,0.0,3.98,2.73,1.68,1.06,0.4,0.0
EV-Program,12B-937-714-P,WIRING HARNESS,4071,4071,MALLICKGROUP PRIVATE LIMITED,4314,3074,3441,0,0.71,Red,43521.68,1986,1097,8,1,84,Electrical,2.69,A,P2,Buyer Beta,Machining,11643.09,3083,84,2999,34917626.91,36407688.28,0.7,Daily,demand_spike,4666.46,5786.15,7874.88,6331.26,6654.3,6679.21,3074,0.0,0.0,0.0,0.0,0.0,0.66,0.0,0.0,0.0,0.0,0.0
Passenger-Vehicle,06A-441-550-A,CONSOLE COVER,4024,4024,"NAIR,BHALLAANDKARNIK PRIVATE LIMITED",1189,4606,1,0,3.87,Green,12534.06,2155,1440,2,0,14,Interior,13.46,A,N2,Buyer Alpha,Plastics,9425.28,3595,14,3581,33751927.68,48676396.28,3.01,Daily,healthy,1138.93,1187.5,1347.24,1384.16,1210.07,1111.7,4606,3622.87,2577.12,1385.14,488.21,0.0,4.04,3.05,1.91,1.0,0.4,0.0
EV-Program,06A-439-621-C,WATER PUMP,4032,4032,UPADHYAYGROUP PRIVATE LIMITED,1904,7989,41,0,4.2,Green,22885.24,2905,1505,2,1,99,Cooling,8.16,D,N2,Buyer Gamma,Plastics,3716.44,4410,99,4311,16021572.84,26971770.14,2.26,Monthly,healthy,1829.0,1936.09,1761.54,2279.91,2238.66,1847.79,7989,6433.31,4879.91,2775.45,717.31,0.0,4.37,3.32,2.77,1.22,0.32,0.0
EV-Program,04C-436-782-C,RADIATOR PIPE,4050,4050,DAVELTD PRIVATE LIMITED,2071,4322,205,0,2.09,Green,23277.04,1803,703,4,0,60,Cooling,19.15,D,P1,Buyer Delta,Casting,5744.36,2506,60,2446,14050704.56,22412081.79,1.18,Monthly,healthy,2015.75,1952.45,1967.45,1859.1,1967.77,2353.47,4322,2504.49,812.11,0.0,0.0,0.0,2.14,1.28,0.41,0.0,0.0,0.0
EV-Program,06A-488-152-B,TRANSMISSION COVER,4009,4009,"SAMI,OAKANDMALL PRIVATE LIMITED",2438,1713,405,320,0.7,Red,29595.54,766,376,8,6,46,Transmission,15.63,A,B2,Buyer Epsilon,Casting,4751.06,1142,46,1096,5207161.76,7352781.64,0.45,Monthly,low_coverage,2519.85,2235.24,2318.74,2795.17,2141.4,2681.41,1713,0.0,0.0,0.0,0.0,0.0,0.68,0.0,0.0,0.0,0.0,0.0
EV-Program,06A-843-168-C,SENSOR ASSEMBLY,4057,4057,KARPEPLC PRIVATE LIMITED,1077,3182,69,0,2.95,Green,12796.18,1854,787,4,2,26,Electrical,18.43,A,B2,Buyer Gamma,Rubber,2711.29,2641,26,2615,7090023.35,9788117.26,2.43,Monthly,healthy,1116.44,1106.05,1179.55,1218.96,1112.79,986.71,3182,2352.93,1436.03,485.06,0.0,0.0,2.85,2.13,1.22,0.4,0.0,0.0
EV-Program,04C-275-854-A,TRANSMISSION COVER,4018,4018,RAILLC PRIVATE LIMITED,0,250,1,0,,Gray,0.0,156,76,4,2,96,Transmission,24.73,C,N2,Buyer Beta,Rubber,4471.29,232,96,136,608095.44,1130482.62,,Daily,zero_demand,0.0,0.0,0.0,0.0,0.0,0.0,250,274.0,297.0,358.0,491.0,639.0,,,,,,
Commercial-Vehicle,04C-899-746-C,CROSS MEMBER,4067,4067,"BHAGAT,CHAUDHARIANDBHAT PRIVATE LIMITED",761,1991,63,0,2.62,Green,7846.09,1290,702,0,3,98,Chassis,5.89,C,P3,Buyer Beta,Rubber,3496.14,1992,98,1894,6621689.16,6888205.47,2.49,Weekly,healthy,852.33,889.34,783.84,778.91,673.39,681.4,1991,1293.08,658.53,115.69,0.0,0.0,2.34,1.45,0.84,0.15,0.0,0.0
Passenger-Vehicle,08K-144-369-B,WATER PUMP,4001,4001,"CHOUDHURY,BAKSHIANDMAHARAJ PRIVATE LIMITED",1557,3469,185,0,2.23,Green,17853.44,1878,1034,2,3,9,Cooling,9.16,D,P1,Buyer Beta,Rubber,11647.14,2912,9,2903,33811647.42,40977050.99,1.86,Weekly,healthy,1837.12,1416.67,1716.41,1692.93,1839.58,1582.22,3469,2445.11,849.97,0.0,0.0,0.0,1.89,1.73,0.5,0.0,0.0,0.0
India3.0,08K-474-466-C,DASHBOARD PANEL,4061,4061,"KHANNA,MALLICKANDSUNDER PRIVATE LIMITED",710,3280,92,0,4.62,Green,9749.16,2028,1280,1,3,5,Interior,12.78,A,N2,Buyer Beta,Forging,3107.38,3308,5,3303,10263676.14,11700895.05,4.65,Daily,healthy,755.78,694.34,721.11,652.29,612.39,800.99,3280,2701.1,2049.82,1677.2,1303.64,563.61,4.34,3.89,2.84,2.57,2.13,0.7
EV-Program,12B-795-958-C,CONTROL ARM,4073,4073,"CHAUDHARI,BEDIANDZACHARIAH PRIVATE LIMITED",1236,11749,143,0,9.51,Gray,12569.34,5833,4579,2,2,91,Suspension,19.57,A,B1,Buyer Delta,Casting,6377.3,10412,91,10321,65820113.3,82246092.79,8.35,Monthly,excess,1414.38,1052.03,1226.26,1342.08,1247.84,1094.98,11749,10827.93,9936.19,8990.26,7776.8,6737.57,8.31,10.29,8.1,6.7,6.23,6.15
Passenger-Vehicle,12B-211-236-A,RADIATOR PIPE,4076,4076,KALA-RATTAN PRIVATE LIMITED,565,455,148,0,0.81,Red,6060.6,167,95,5,1,30,Cooling,4.03,D,B1,Buyer Alpha,Forging,1999.11,262,30,232,463793.52,790640.18,0.41,Daily,low_coverage,501.02,565.2,626.38,547.46,647.37,645.05,455,0.0,0.0,0.0,0.0,0.0,0.91,0.0,0.0,0.0,0.0,0.0
Commercial-Vehicle,06A-702-387-B,CONTROL MODULE,4037,4037,APTE-CONTRACTOR PRIVATE LIMITED,2345,1686,319,340,0.72,Red,25052.19,707,308,4,1,2,Electrical,18.41,D,P3,Buyer Alpha,Fasteners,1670.92,1015,2,1013,1692641.96,2988279.5,0.43,Weekly,demand_spike,2005.62,2911.73,3098.27,2889.11,3237.13,3952.55,1686,0.0,0.0,0.0,0.0,0.0,0.84,0.0,0.0,0.0,0.0,0.0
Passenger-Vehicle,12B-824-561-C,SHOCK ABSORBER,4047,4047,KHATRI-BHARDWAJ PRIVATE LIMITED,303,458,12,0,1.51,Amber,3030.32,214,171,3,0,5,Suspension,13.64,B,B1,Buyer Gamma,Rubber,10865.06,385,5,380,4128722.8,4584294.93,1.25,Monthly,healthy,263.36,277.45,302.42,302.24,303.08,291.62,458,326.45,77.16,0.0,0.0,0.0,1.74,1.18,0.26,0.0,0.0,0.0
India3.0,06A-704-258-B,CONTROL MODULE,4009,4009,"SAMI,OAKANDMALL PRIVATE LIMITED",700,1456,20,0,2.08,Green,9649.2,595,560,1,0,25,Electrical,9.76,A,N2,Buyer Epsilon,Rubber,7144.33,1155,25,1130,8073092.9,9857378.56,1.61,Monthly,healthy,771.86,742.34,713.91,806.14,809.97,668.33,1456,931.06,538.74,0.0,0.0,0.0,1.89,1.25,0.75,0.0,0.0,0.0
Commercial-Vehicle,08K-684-453-P,BONNET ASSEMBLY,4045,4045,NAIKGROUP PRIVATE LIMITED,1719,6754,96,0,3.93,Green,18541.93,3077,1345,3,0,35,Body,17.51,B,P3,Buyer Delta,Electronics,10910.18,4422,35,4387,47862959.66,70194707.91,2.55,Daily,healthy,1953.9,2020.19,1729.96,1680.88,1665.92,1845.61,6754,5253.53,3826.57,2308.63,889.65,0.0,3.46,2.6,2.21,1.37,0.53,0.0
India3.0,08K-938-233-B,SENSOR ASSEMBLY,4025,4025,MUTTIGROUP PRIVATE LIMITED,1994,5931,35,0,2.97,Green,24387.05,2776,1566,4,2,38,Electrical,16.73,C,B1,Buyer Alpha,Metals,93.56,4342,38,4304,402682.24,549307.33,2.16,Monthly,healthy,2134.65,2213.55,1869.1,2301.68,2093.66,2014.59,5931,4356.62,2880.43,1227.38,0.0,0.0,2.78,1.97,1.54,0.53,0.0,0.0
India2.0,12B-427-377-A,INTAKE MANIFOLD,4048,4048,BRARINC PRIVATE LIMITED,1701,4357,36,0,2.56,Green,17981.85,2696,1206,3,3,57,Engine,24.46,A,P3,Buyer Beta,Forging,2168.15,3902,57,3845,8336536.75,10257013.59,2.26,Daily,healthy,2001.67,2011.23,1685.36,1565.15,1946.76,1898.15,4357,2622.02,1217.13,0.0,0.0,0.0,2.18,1.3,0.72,0.0,0.0,0.0
Passenger-Vehicle,12B-163-545-C,BONNET ASSEMBLY,4062,4062,ZACHARIAANDSONS PRIVATE LIMITED,631,2517,24,0,3.99,Green,8316.28,1134,908,0,0,77,Body,15.69,D,P3,Buyer Gamma,Electronics,10679.98,2042,77,1965,20986160.7,26165885.47,3.11,Monthly,healthy,591.0,673.08,589.52,701.42,572.44,597.22,2517,1954.88,1389.07,923.33,472.94,70.7,4.26,2.9,2.36,1.32,0.83,0.12
Commercial-Vehicle,06A-815-296-P,WATER PUMP,4030,4030,"YOHANNAN,LALLANDSANGHA PRIVATE LIMITED",142,252,1,0,1.77,Amber,1835.63,110,90,0,1,13,Cooling,21.01,C,N2,Buyer Beta,Plastics,5544.03,200,13,187,1036733.61,1309075.84,1.32,Weekly,healthy,159.04,150.82,125.91,135.98,121.97,161.78,252,159.67,164.98,48.06,0.0,0.0,1.58,1.06,1.31,0.35,0.0,0.0
Passenger-Vehicle,06A-453-173-B,CONTROL ARM,4077,4077,GALAGROUP PRIVATE LIMITED,1716,7908,43,0,4.61,Green,18052.95,4360,1728,0,0,58,Suspension,0.62,C,P1,Buyer Gamma,Electronics,3498.39,6088,58,6030,21095291.7,31547516.46,3.51,Weekly,healthy,1503.67,1681.1,1677.48,1788.71,1467.86,1847.48,7908,6665.25,5304.15,4051.22,2883.29,1441.23,5.26,3.96,3.16,2.26,1.96,0.78
India2.0,04C-608-304-C,FUEL PIPE,4007,4007,SENPLC PRIVATE LIMITED,286,24,29,233,0.08,Red,2979.8,8,7,6,2,15,Fuel System,4.75,A,N1,Buyer Beta,Casting,4139.43,15,15,0,0.0,89635.2,0.0,Monthly,critical,315.66,268.73,269.45,307.88,244.14,261.8,24,0.0,0.0,0.0,0.0,0.0,0.08,0.0,0.0,0.0,0.0,0.0
India2.0,04C-930-709-P,INTAKE MANIFOLD,4070,4070,"SEN,DEYANDSAMI PRIVATE LIMITED",1274,90,307,877,0.07,Red,17460.96,51,23,7,1,92,Engine,20.88,D,B1,Buyer Alpha,Electronics,3877.74,74,92,0,0.0,358731.61,0.0,Monthly,critical,1224.52,1445.22,1382.61,1410.81,1431.66,1503.79,90,0.0,0.0,0.0,0.0,0.0,0.07,0.0,0.0,0.0,0.0,0.0
Passenger-Vehicle,06A-815-999-C,WIRING HARNESS,4067,4067,"BHAGAT,CHAUDHARIANDBHAT PRIVATE LIMITED",1272,1322,727,0,1.04,Amber,15727.81,780,285,5,3,79,Electrical,20.5,B,P1,Buyer Delta,Fasteners,8806.46,1065,79,986,8683169.56,10565421.89,0.78,Weekly,low_coverage,1396.26,1147.38,1294.54,1359.61,1479.31,1097.91,1322,383.16,0.0,0.0,0.0,0.0,0.95,0.33,0.0,0.0,0.0,0.0
India3.0,04C-184-556-A,FUEL FILTER,4080,4080,"SUR,DUBEYANDGUPTA PRIVATE LIMITED",1598,1838,136,0,1.15,Amber,16053.97,781,300,1,3,65,Fuel System,20.31,C,B1,Buyer Alpha,Electronics,5487.98,1081,65,1016,5575787.68,10418805.45,0.64,Weekly,low_coverage,1483.07,1758.68,1465.12,1612.45,1459.14,1573.82,1838,196.33,0.0,0.0,0.0,0.0,1.24,0.11,0.0,0.0,0.0,0.0
EV-Program,08K-120-638-P,WATER PUMP,4008,4008,AHUJA-DUTTA PRIVATE LIMITED,4940,3390,1733,0,0.69,Red,64731.48,1188,711,2,2,2,Cooling,1.02,A,B1,Buyer Epsilon,Plastics,10998.09,1899,2,1897,20863376.73,31992611.39,0.38,Monthly,demand_spike,5181.05,8574.92,6106.86,6946.01,8295.69,7790.81,3390,0.0,0.0,0.0,0.0,0.0,0.65,0.0,0.0,0.0,0.0,0.0
India2.0,15D-220-880-P,BONNET ASSEMBLY,4006,4006,"BALA,ISSACANDSAINI PRIVATE LIMITED",785,3078,75,0,3.92,Green,10241.53,1900,1175,0,2,44,Body,22.47,C,N2,Buyer Epsilon,Rubber,4354.06,3075,44,3031,13197155.86,12644445.27,3.86,Weekly,healthy,688.63,746.36,739.03,680.49,831.06,834.85,3078,2537.63,2006.17,1539.62,909.17,376.2,4.47,3.4,2.71,2.26,1.09,0.45
Passenger-Vehicle,06A-943-672-C,FUEL PIPE,4067,4067,"BHAGAT,CHAUDHARIANDBHAT PRIVATE LIMITED",78,345,1,0,4.42,Green,920.37,221,117,2,0,72,Fuel System,22.69,A,P2,Buyer Delta,Fasteners,2874.64,338,72,266,764654.24,972546.58,3.41,Weekly,healthy,75.39,85.22,73.92,83.82,75.37,90.68,345,276.86,292.16,251.12,219.19,150.11,4.58,3.25,3.95,3.0,2.91,1.66
India2.0,15D-255-967-A,BRAKE PAD,4055,4055,DARA-KOTA PRIVATE LIMITED,1494,4708,94,0,3.15,Green,20040.07,1998,1484,2,2,9,Braking,22.67,D,P1,Buyer Epsilon,Plastics,10594.57,3482,9,3473,36794941.61,57076497.51,2.32,Monthly,healthy,1528.11,1758.33,1324.62,1293.31,1378.4,1330.39,4708,3303.01,2429.76,1198.56,0.0,0.0,3.08,1.88,1.83,0.93,0.0,0.0
India2.0,06A-841-490-P,FUEL FILTER,4045,4045,NAIKGROUP PRIVATE LIMITED,2150,2523,233,0,1.17,Amber,29124.97,1260,628,7,1,10,Fuel System,21.25,C,B2,Buyer Delta,Casting,6435.83,1888,10,1878,12086488.74,15323893.17,0.87,Monthly,low_coverage,2501.59,1995.6,2367.44,1921.67,2346.59,2152.22,2523,833.96,0.0,0.0,0.0,0.0,1.01,0.42,0.0,0.0,0.0,0.0
Commercial-Vehicle,04C-735-965-P,FRAME SUPPORT,4075,4075,RAYGROUP PRIVATE LIMITED,392,1394,24,0,3.56,Green,4768.18,843,442,3,1,32,Chassis,8.3,C,P2,Buyer Delta,Forging,8499.2,1285,32,1253,10649497.6,11669415.85,3.2,Weekly,healthy,370.85,416.41,357.38,393.69,374.86,425.07,1394,1085.09,910.71,684.15,439.03,97.59,3.76,2.61,2.55,1.74,1.17,0.23
India2.0,12B-537-994-B,WATER PUMP,4028,4028,SHANKER-DHAR PRIVATE LIMITED,912,1941,4,0,2.13,Green,9167.53,1053,551,2,1,75,Cooling,22.15,D,N2,Buyer Beta,Forging,7860.94,1604,75,1529,12019377.26,16613788.28,1.68,Daily,healthy,825.34,902.72,876.5,810.75,903.91,1072.5,1941,1069.45,279.08,0.0,0.0,0.0,2.35,1.18,0.32,0.0,0.0,0.0
EV-Program,06A-287-803-A,CHASSIS BRACKET,4054,4054,"PRAKASH,SARMAANDVARUGHESE PRIVATE LIMITED",555,1256,42,0,2.26,Green,6106.21,711,384,0,2,80,Chassis,8.68,B,P1,Buyer Delta,Plastics,9075.31,1095,80,1015,9211439.65,9749541.53,1.83,Weekly,healthy,516.93,549.33,616.76,588.82,665.8,547.76,1256,821.63,399.93,0.0,0.0,0.0,2.43,1.5,0.65,0.0,0.0,0.0
Passenger-Vehicle,04C-411-766-C,SUSPENSION BRACKET,4014,4014,"DASH,RADHAKRISHNANANDBRAR PRIVATE LIMITED",1213,1622,528,0,1.34,Amber,14191.28,597,531,1,6,9,Suspension,7.76,C,P1,Buyer Delta,Forging,8477.36,1128,9,1119,9486165.84,14316552.19,0.92,Daily,low_coverage,1126.95,1425.84,1060.96,1287.01,1178.4,1119.67,1622,534.83,0.0,0.0,0.0,0.0,1.44,0.38,0.0,0.0,0.0,0.0
India2.0,12B-852-329-A,BRAKE BRACKET,4018,4018,RAILLC PRIVATE LIMITED,839,3684,7,0,4.39,Green,10572.63,1783,1351,0,3,56,Braking,7.97,D,B1,Buyer Alpha,Forging,7154.2,3134,56,3078,22020627.6,25043926.64,3.67,Monthly,healthy,723.3,998.52,922.52,965.29,733.11,851.68,3684,2953.56,2211.23,1535.83,1016.87,451.11,5.09,2.96,2.4,1.59,1.39,0.53
EV-Program,15D-770-536-A,CONTROL MODULE,4034,4034,DUTTALTD PRIVATE LIMITED,1726,227,1080,419,0.13,Red,18378.19,130,60,8,6,87,Electrical,13.06,D,N1,Buyer Delta,Machining,3648.74,190,87,103,375820.22,718976.17,0.06,Weekly,critical,1700.78,2018.29,1871.67,1652.3,1504.19,1664.88,227,0.0,0.0,0.0,0.0,0.0,0.13,0.0,0.0,0.0,0.0,0.0
India3.0,08K-698-749-A,CONSOLE COVER,4001,4001,"CHOUDHURY,BAKSHIANDMAHARAJ PRIVATE LIMITED",1239,3901,31,0,3.15,Green,13793.14,1684,1441,0,3,24,Interior,11.28,C,P3,Buyer Beta,Machining,11269.23,3125,24,3101,34945882.23,47648149.78,2.5,Monthly,healthy,1283.72,1234.48,1471.24,1449.11,1221.62,1201.05,3901,2975.25,1862.31,731.11,0.0,0.0,3.04,2.41,1.27,0.5,0.0,0.0
Passenger-Vehicle,12B-164-971-B,CONSOLE COVER,4022,4022,"KONDA,GADEANDSHERE PRIVATE LIMITED",221,534,2,0,2.42,Green,2503.22,244,197,2,3,63,Interior,12.99,C,B1,Buyer Gamma,Rubber,10278.21,441,63,378,3885163.38,5815081.28,1.71,Daily,healthy,235.06,242.61,260.94,217.64,252.42,227.41,534,310.4,186.17,27.33,0.0,0.0,2.27,1.28,0.71,0.13,0.0,0.0
EV-Program,12B-924-576-P,WIRING HARNESS,4075,4075,RAYGROUP PRIVATE LIMITED,1929,1455,1124,0,0.75,Red,21743.07,535,442,5,5,22,Electrical,8.84,D,P2,Buyer Delta,Metals,10787.12,977,22,955,10301699.6,18028157.22,0.5,Weekly,low_coverage,1814.87,2155.9,1987.73,2069.23,1910.09,2273.01,1455,0.0,0.0,0.0,0.0,0.0,0.8,0.0,0.0,0.0,0.0,0.0
Commercial-Vehicle,12B-502-276-P,WATER PUMP,4016,4016,"BOASE,BATHANDKARI PRIVATE LIMITED",1673,6845,54,0,4.09,Green,19260.15,3919,2263,3,4,44,Cooling,3.55,C,N1,Buyer Epsilon,Electronics,1916.04,6182,44,6138,11760653.52,11925035.3,3.67,Daily,in_transit,1592.89,1996.68,1826.57,1665.28,1670.44,1783.53,6845,5040.34,3724.82,2183.3,901.71,0.0,4.3,2.52,2.04,1.31,0.54,0.0
EV-Program,12B-952-992-P,DASHBOARD PANEL,4064,4064,GUPTA-CHANDRA PRIVATE LIMITED,2281,3760,233,0,1.65,Amber,23745.21,1901,1100,3,2,11,Interior,8.71,C,N2,Buyer Beta,Electronics,5106.35,3001,11,2990,15267986.5,18970940.49,1.31,Daily,healthy,2051.37,2234.72,2734.48,2722.1,2172.22,2129.8,3760,2067.57,0.0,0.0,0.0,0.0,1.83,0.93,0.0,0.0,0.0,0.0
India3.0,06A-934-850-P,BRAKE CALIPER,4015,4015,"MEMON,PATHAKANDHANDA PRIVATE LIMITED",1384,2522,154,0,1.82,Amber,19198.57,1227,790,3,7,14,Braking,2.6,C,P3,Buyer Delta,Fasteners,1047.57,2017,14,2003,2098282.71,3018566.08,1.45,Weekly,in_transit,1469.81,1233.06,1613.2,1444.53,1254.56,1590.68,2522,1667.24,399.26,0.0,0.0,0.0,1.72,1.35,0.25,0.0,0.0,0.0
Passenger-Vehicle,06A-547-612-C,SHOCK ABSORBER,4009,4009,"SAMI,OAKANDMALL PRIVATE LIMITED",2431,6693,292,0,2.75,Green,31729.06,2809,2180,3,0,60,Suspension,10.54,C,B1,Buyer Gamma,Forging,8035.57,4989,60,4929,39607324.53,53460810.71,2.03,Monthly,healthy,2372.98,2683.69,2225.13,2748.4,2381.93,2734.78,6693,4482.2,2844.1,712.11,0.0,0.0,2.82,1.67,1.28,0.26,0.0,0.0
India2.0,12B-716-779-C,BRAKE BRACKET,4015,4015,"MEMON,PATHAKANDHANDA PRIVATE LIMITED",1673,3645,33,0,2.18,Green,21976.43,1893,1124,3,1,97,Braking,22.5,A,N2,Buyer Epsilon,Rubber,11173.1,3017,97,2920,32625452.0,39223249.11,1.75,Monthly,healthy,1837.62,1504.38,1508.02,1864.93,1578.01,1798.15,3645,2218.53,892.61,0.0,0.0,0.0,1.98,1.47,0.59,0.0,0.0,0.0
EV-Program,04C-106-985-B,FUEL FILTER,4018,4018,RAILLC PRIVATE LIMITED,406,635,32,0,1.56,Amber,4305.26,334,225,4,4,259,Fuel System,24.58,C,B2,Buyer Delta,Plastics,1695.32,559,259,300,508596.0,1107471.84,0.74,Daily,in_transit,463.63,397.55,433.44,484.96,485.44,417.98,635,430.58,128.62,0.0,0.0,0.0,1.37,1.08,0.3,0.0,0.0,0.0
EV-Program,04C-601-758-C,BODY BRACKET,4016,4016,"BOASE,BATHANDKARI PRIVATE LIMITED",1143,2675,0,0,2.34,Green,15616.66,1085,893,3,4,135,Body,23.86,B,P1,Buyer Gamma,Forging,2566.23,1978,135,1843,4729561.89,6056810.59,1.61,Monthly,in_transit,1335.6,1201.31,1202.75,1209.67,1308.57,1212.49,2675,1620.98,611.82,0.0,0.0,0.0,2.0,1.35,0.51,0.0,0.0,0.0
India3.0,08K-306-923-P,BODY BRACKET,4051,4051,GANDHI-LANKA PRIVATE LIMITED,2354,10862,38,0,4.61,Green,27499.86,6266,2553,4,0,1,Body,5.59,C,N1,Buyer Beta,Forging,11881.31,8819,1,8818,104769391.58,147721782.27,3.75,Monthly,healthy,2546.02,2343.93,2174.09,2540.74,2171.92,2342.04,10862,8812.36,7069.07,4721.11,3209.23,993.85,4.27,3.76,3.25,1.86,1.48,0.42
India3.0,08K-303-680-P,BRAKE BRACKET,4070,4070,"SEN,DEYANDSAMI PRIVATE LIMITED",2320,28294,276,0,12.2,Gray,23361.84,10269,7156,2,3,76,Braking,0.14,A,B1,Buyer Delta,Machining,7776.48,17425,76,17349,134914151.52,223418428.39,7.48,Weekly,excess,2541.2,2769.04,2434.98,1997.65,2586.46,2052.99,28294,26252.89,24370.62,22821.08,20520.57,18656.92,11.13,9.48,10.01,11.42,7.93,9.09
Commercial-Vehicle,12B-311-869-P,FUEL PIPE,4004,4004,BALANINC PRIVATE LIMITED,1495,1786,680,0,1.19,Amber,18995.18,765,712,7,1,67,Fuel System,1.39,D,N2,Buyer Gamma,Casting,1895.88,1477,67,1410,2673190.8,3493826.63,0.94,Daily,low_coverage,1346.31,1792.23,1577.88,1704.23,1684.52,1294.34,1786,346.18,0.0,0.0,0.0,0.0,1.33,0.19,0.0,0.0,0.0,0.0
India2.0,04C-995-842-B,OIL FILTER HOUSING,4059,4059,"BHARGAVA,KARNIKANDBIR PRIVATE LIMITED",1899,3364,96,0,1.77,Amber,20937.2,1875,603,0,2,92,Engine,8.2,C,P3,Buyer Beta,Machining,11370.41,2478,92,2386,27129798.26,35654412.28,1.26,Daily,healthy,1826.45,1982.07,1663.98,1638.88,1816.48,2067.45,3364,1855.16,241.66,0.0,0.0,0.0,1.84,0.94,0.15,0.0,0.0,0.0
Commercial-Vehicle,04C-234-226-C,CROSS MEMBER,4047,4047,KHATRI-BHARDWAJ PRIVATE LIMITED,1132,5409,169,0,4.78,Green,15671.14,1992,2043,4,3,69,Chassis,24.91,C,N2,Buyer Alpha,Plastics,3256.4,4035,69,3966,12914882.4,15281207.86,3.5,Daily,healthy,1037.78,1094.26,1158.82,1000.33,1346.32,1199.49,5409,4454.23,3488.16,2656.09,1602.32,511.96,5.21,4.07,3.01,2.66,1.19,0.43
EV-Program,06A-624-790-P,CLUTCH PLATE,4009,4009,"SAMI,OAKANDMALL PRIVATE LIMITED",868,3416,31,0,3.94,Green,10137.43,2201,1046,4,2,48,Transmission,18.28,C,P1,Buyer Epsilon,Forging,2662.24,3247,48,3199,8516505.76,8794639.09,3.69,Daily,healthy,878.98,805.06,855.74,810.97,791.03,817.95,3416,2714.89,2082.31,1460.0,890.8,168.08,3.89,3.37,2.43,1.8,1.13,0.21
India3.0,15D-534-362-A,BRAKE BRACKET,4009,4009,"SAMI,OAKANDMALL PRIVATE LIMITED",967,2571,114,0,2.66,Green,11572.42,1042,569,0,3,3,Braking,8.0,B,P1,Buyer Delta,Rubber,4791.14,1611,3,1608,7704153.12,13886081.72,1.66,Daily,healthy,1144.64,948.08,1072.79,994.2,948.23,927.54,2571,1930.08,1028.72,95.96,0.0,0.0,2.25,2.04,0.96,0.1,0.0,0.0
India3.0,08K-332-162-A,BRAKE CALIPER,4040,4040,SETTYINC PRIVATE LIMITED,2168,8131,87,0,3.75,Green,26592.9,2900,1534,0,1,84,Braking,22.1,C,B2,Buyer Alpha,Rubber,5775.36,4434,84,4350,25122816.0,40987200.62,2.01,Daily,healthy,2547.86,2134.15,2388.37,2317.14,2414.56,1923.76,8131,6178.93,4379.71,2286.67,0.0,0.0,3.19,2.9,1.83,0.99,0.0,0.0
Passenger-Vehicle,15D-853-630-C,OIL FILTER HOUSING,4015,4015,"MEMON,PATHAKANDHANDA PRIVATE LIMITED",289,739,19,0,2.56,Green,3103.76,401,203,2,3,31,Engine,4.68,D,B1,Buyer Epsilon,Machining,3409.03,604,31,573,1953374.19,2802635.56,1.98,Monthly,healthy,248.46,279.62,320.4,248.03,251.02,286.06,739,500.79,310.08,192.1,103.65,0.0,2.97,1.79,0.97,0.77,0.41,0.0
India2.0,08K-245-231-B,CONSOLE COVER,4010,4010,KALELLC PRIVATE LIMITED,1444,4429,111,0,3.07,Green,18981.44,2150,1440,4,3,79,Interior,18.15,B,B1,Buyer Beta,Rubber,224.39,3590,79,3511,787833.29,1055404.63,2.43,Monthly,healthy,1323.43,1483.15,1284.6,1479.65,1548.33,1260.78,4429,3079.03,2153.55,1117.16,0.0,0.0,3.35,2.08,1.68,0.76,0.0,0.0
India2.0,08K-762-477-C,GEAR HOUSING,4039,4039,MEMONGROUP PRIVATE LIMITED,477,2346,9,0,4.92,Green,5593.07,1037,532,3,3,94,Transmission,4.63,C,P2,Buyer Beta,Machining,4899.13,1569,94,1475,7226216.75,12795496.78,3.09,Daily,healthy,502.65,424.56,540.19,537.64,496.46,502.76,2346,2097.51,1631.03,1337.98,970.33,604.44,4.67,4.94,3.02,2.49,1.95,1.2
India3.0,08K-414-336-C,CONSOLE COVER,4044,4044,ZACHARIAPLC PRIVATE LIMITED,2222,19043,192,0,8.57,Gray,28803.94,11306,5054,1,0,57,Interior,20.66,D,N1,Buyer Delta,Plastics,8666.89,16360,57,16303,141296307.67,167589682.88,7.34,Weekly,excess,2158.09,2409.8,2376.37,2299.81,1926.87,2530.54,19043,17137.59,15442.21,13424.91,12028.54,9706.06,8.82,7.11,6.5,5.84,6.24,3.84
EV-Program,04C-939-318-B,SEAT BRACKET,4069,4069,HANDAANDSONS PRIVATE LIMITED,1898,20587,38,0,10.85,Gray,22070.84,11632,6405,4,3,21,Interior,15.73,C,P3,Buyer Delta,Fasteners,1436.06,18037,21,18016,25872056.96,27753487.6,9.49,Monthly,excess,1909.18,1890.73,1862.34,2072.74,2038.84,1682.76,20587,18783.32,17388.17,15734.03,13915.08,12561.26,10.78,9.93,9.34,7.59,6.82,7.46
EV-Program,08K-907-761-A,ENGINE MOUNT,4059,4059,"BHARGAVA,KARNIKANDBIR PRIVATE LIMITED",269,360,164,0,1.34,Amber,2749.47,162,72,5,6,80,Engine,21.3,A,N1,Buyer Delta,Forging,5735.19,234,80,154,883219.26,2368801.94,0.57,Monthly,low_coverage,235.36,301.73,272.97,245.16,287.62,293.67,360,151.92,31.57,0.0,0.0,0.0,1.53,0.5,0.12,0.0,0.0,0.0
India2.0,15D-521-562-A,BRAKE PAD,4046,4046,CHOUDHURYLLC PRIVATE LIMITED,659,1919,19,0,2.91,Green,8591.51,848,530,2,3,27,Braking,4.34,A,P1,Buyer Epsilon,Rubber,11080.29,1378,27,1351,14969471.79,18936341.41,2.05,Daily,healthy,595.65,571.98,627.63,665.7,724.85,727.18,1919,1586.6,1036.31,514.46,0.0,0.0,3.22,2.77,1.65,0.77,0.0,0.0
India2.0,15D-683-484-C,CLUTCH PLATE,4074,4074,CHANDERANDSONS PRIVATE LIMITED,819,1398,93,0,1.71,Amber,8193.5,864,345,2,3,5,Transmission,18.69,C,P1,Buyer Delta,Electronics,9479.07,1209,5,1204,11412800.28,13762062.9,1.47,Daily,healthy,889.07,792.41,774.27,809.93,716.84,925.58,1398,760.52,166.83,0.0,0.0,0.0,1.57,0.96,0.22,0.0,0.0,0.0
India3.0,15D-577-359-B,SENSOR ASSEMBLY,4013,4013,"LALLA,BASSIANDSHARAF PRIVATE LIMITED",510,2247,40,0,4.41,Green,5354.2,1386,566,3,3,243,Electrical,14.2,D,N1,Buyer Gamma,Electronics,8370.46,1952,243,1709,14305116.14,17890517.6,3.35,Monthly,in_transit,510.33,602.95,481.78,521.9,472.23,599.82,2247,1746.48,1371.69,1047.17,610.73,134.27,4.4,2.9,2.85,2.01,1.29,0.22
India2.0,12B-768-347-A,COOLING FAN,4005,4005,,1625,6367,120,0,3.92,Green,20589.92,3958,2169,4,1,57,Cooling,7.04,D,N2,Buyer Gamma,Machining,11814.37,6127,57,6070,71713225.9,75581618.12,3.74,Daily,healthy,1448.41,1498.76,1772.0,1682.48,1465.39,1406.41,6367,5042.29,3509.11,2136.1,951.54,0.0,4.4,3.36,1.98,1.27,0.65,0.0
India3.0,12B-576-987-P,DASHBOARD PANEL,4015,4015,"MEMON,PATHAKANDHANDA PRIVATE LIMITED",1493,1059,750,0,0.71,Red,16870.2,556,210,5,3,16,Interior,15.49,D,N1,Buyer Alpha,Casting,5040.72,766,16,750,3780540.0,5479010.24,0.5,Daily,demand_spike,1514.04,2225.27,2359.83,1914.74,2328.51,2011.7,1059,0.0,0.0,0.0,0.0,0.0,0.7,0.0,0.0,0.0,0.0,0.0
India2.0,12B-620-444-P,DOOR PANEL,4042,4042,"CHERIAN,MISRAANDTRIPATHI PRIVATE LIMITED",709,2182,23,0,3.08,Green,9870.31,1268,863,2,2,50,Body,8.76,B,B1,Buyer Delta,Electronics,2882.46,2131,50,2081,5998399.26,6871613.35,2.94,Monthly,healthy,605.03,825.29,623.75,682.11,646.31,723.06,2182,1511.32,1054.01,535.42,123.61,0.0,3.61,1.83,1.69,0.78,0.19,0.0
Commercial-Vehicle,04C-611-699-A,GEAR HOUSING,4052,4052,"SAMPATH,KAKARANDZACHARIA PRIVATE LIMITED",591,428,450,0,0.72,Red,7914.88,219,71,3,4,44,Transmission,24.93,C,P1,Buyer Epsilon,Rubber,9162.61,290,44,246,2254002.06,3854631.94,0.42,Monthly,low_coverage,665.89,694.49,579.79,640.92,676.24,704.41,428,0.0,0.0,0.0,0.0,0.0,0.64,0.0,0.0,0.0,0.0,0.0
Passenger-Vehicle,04C-340-327-C,DOOR PANEL,4061,4061,"KHANNA,MALLICKANDSUNDER PRIVATE LIMITED",1627,1043,720,0,0.64,Red,21692.49,528,256,3,7,49,Body,6.7,A,P2,Buyer Delta,Forging,10209.37,784,49,735,7503886.95,10704808.17,0.45,Weekly,low_coverage,1691.65,1718.27,1411.91,1658.87,1776.97,1542.92,1043,0.0,0.0,0.0,0.0,0.0,0.62,0.0,0.0,0.0,0.0,0.0
Passenger-Vehicle,15D-207-745-C,WIRING HARNESS,4064,4064,GUPTA-CHANDRA PRIVATE LIMITED,952,3530,104,0,3.71,Green,13287.49,1510,969,4,6,143,Electrical,16.65,A,N2,Buyer Epsilon,Plastics,6962.26,2479,143,2336,16263839.36,23961776.74,2.45,Monthly,in_transit,1101.08,1052.08,1052.76,880.59,1035.46,837.68,3530,2641.82,1752.71,933.72,243.12,0.0,3.21,2.51,1.66,1.06,0.23,0.0
India3.0,15D-553-359-B,BRAKE CALIPER,4072,4072,BORRAGROUP PRIVATE LIMITED,1096,100,740,256,0.09,Red,11735.95,44,18,3,5,34,Braking,2.23,D,P3,Buyer Alpha,Machining,272.18,62,34,28,7621.04,27086.57,0.03,Daily,critical,1162.64,1119.0,1000.44,1238.66,987.61,1082.11,100,0.0,0.0,0.0,0.0,0.0,0.09,0.0,0.0,0.0,0.0,0.0
Passenger-Vehicle,04C-696-826-P,BRAKE BRACKET,4052,4052,"SAMPATH,KAKARANDZACHARIA PRIVATE LIMITED",1233,5229,27,0,4.24,Green,13438.41,3106,790,4,3,54,Braking,6.65,D,P3,Buyer Gamma,Plastics,10005.59,3896,54,3842,38441476.78,56014746.99,3.12,Weekly,healthy,1195.22,1412.21,1218.56,1076.4,1085.04,1332.16,5229,4046.39,3161.61,2302.27,1274.95,173.8,4.37,2.87,2.59,2.14,1.18,0.13
Commercial-Vehicle,04C-855-375-A,BONNET ASSEMBLY,4056,4056,BHATTLLC PRIVATE LIMITED,2103,1310,774,19,0.62,Red,24883.76,598,399,7,6,83,Body,6.37,B,P3,Buyer Epsilon,Metals,4109.03,997,83,914,3755653.42,5790151.07,0.43,Weekly,low_coverage,1842.92,2066.58,2113.49,1889.06,2208.64,2292.69,1310,0.0,0.0,0.0,0.0,0.0,0.71,0.0,0.0,0.0,0.0,0.0
Passenger-Vehicle,06A-846-672-B,WIRING HARNESS,4056,4056,BHATTLLC PRIVATE LIMITED,2057,8585,139,0,4.17,Green,21787.04,4755,1569,1,1,12,Electrical,12.7,B,P2,Buyer Beta,Fasteners,5636.3,6324,12,6312,35576325.6,50502782.36,3.07,Daily,healthy,2331.67,2354.22,1815.15,1768.79,1895.32,1770.95,8585,6837.45,5290.65,3974.21,2362.74,1049.31,3.68,2.9,2.91,2.25,1.25,0.59
India3.0,08K-409-210-C,ENGINE MOUNT,4039,4039,MEMONGROUP PRIVATE LIMITED,1341,3032,166,0,2.26,Green,15697.69,1967,504,1,2,86,Engine,13.66,B,B1,Buyer Beta,Plastics,1087.42,2471,86,2385,2593496.7,3237211.79,1.78,Weekly,healthy,1176.39,1436.85,1247.91,1262.44,1548.95,1253.95,3032,2028.19,929.68,0.0,0.0,0.0,2.58,1.41,0.74,0.0,0.0,0.0
India3.0,15D-544-213-A,BRAKE PAD,4018,4018,RAILLC PRIVATE LIMITED,2444,2265,698,0,0.93,Red,31991.92,1028,406,1,5,22,Braking,11.7,C,B2,Buyer Delta,Metals,10831.95,1434,22,1412,15294713.4,24951374.16,0.58,Weekly,low_coverage,2567.46,2162.92,2908.73,2393.17,2168.74,2701.54,2265,468.74,0.0,0.0,0.0,0.0,0.88,0.22,0.0,0.0,0.0,0.0
Commercial-Vehicle,06A-974-153-B,GEAR HOUSING,4055,4055,DARA-KOTA PRIVATE LIMITED,1325,3037,174,0,2.29,Green,13355.14,1134,833,1,8,196,Transmission,13.91,B,N2,Buyer Beta,Metals,3301.55,1967,196,1771,5847045.05,9303859.27,1.34,Monthly,in_transit,1128.13,1550.31,1499.38,1492.35,1523.34,1414.61,3037,1789.98,716.19,0.0,0.0,0.0,2.69,1.15,0.48,0.0,0.0,0.0
India2.0,15D-401-191-B,GEAR HOUSING,4049,4049,"SUNDER,BISWASANDWALIA PRIVATE LIMITED",5584,2400,3154,30,0.43,Red,71257.4,1479,890,8,0,33,Transmission,8.96,A,N2,Buyer Gamma,Machining,11110.31,2369,33,2336,25953684.16,27524944.6,0.42,Daily,demand_spike,5027.48,6296.93,7994.24,7288.12,6882.04,7248.8,2400,0.0,0.0,0.0,0.0,0.0,0.48,0.0,0.0,0.0,0.0,0.0
Passenger-Vehicle,06A-245-442-B,RADIATOR PIPE,4008,4008,AHUJA-DUTTA PRIVATE LIMITED,1372,2828,193,0,2.06,Green,16589.4,1115,862,1,1,14,Cooling,12.24,D,P2,Buyer Delta,Machining,7770.06,1977,14,1963,15252627.78,21495802.37,1.43,Daily,healthy,1411.94,1578.99,1423.48,1462.77,1589.76,1412.18,2828,1654.75,437.04,0.0,0.0,0.0,2.0,1.05,0.31,0.0,0.0,0.0
EV-Program,08K-811-742-B,BRAKE CALIPER,4064,4064,GUPTA-CHANDRA PRIVATE LIMITED,1910,9316,223,0,4.88,Green,21933.79,4929,2172,1,2,81,Braking,11.22,B,B1,Buyer Epsilon,Forging,9756.19,7101,81,7020,68488453.8,103901111.13,3.68,Daily,healthy,2028.27,2162.84,1972.04,2029.22,2146.13,2112.18,9316,7609.07,5995.95,4261.04,2764.64,941.83,4.59,3.52,3.04,2.1,1.29,0.45
Passenger-Vehicle,15D-600-428-P,TRANSMISSION COVER,4040,4040,SETTYINC PRIVATE LIMITED,1450,654,516,280,0.45,Red,16298.13,319,161,1,3,74,Transmission,16.15,A,N1,Buyer Gamma,Metals,3189.17,480,74,406,1294803.02,1967633.32,0.28,Monthly,demand_spike,1304.87,1794.61,1905.86,2613.53,2284.53,1702.84,654,0.0,0.0,0.0,0.0,0.0,0.5,0.0,0.0,0.0,0.0,0.0
India3.0,15D-685-156-B,SEAT BRACKET,4003,4003,"CHAUDRY,CHAHALANDSAMI PRIVATE LIMITED",955,1301,417,0,1.36,Amber,9941.72,733,215,1,2,34,Interior,8.12,B,N1,Buyer Epsilon,Rubber,3394.66,948,34,914,3102719.24,3820061.79,0.96,Monthly,low_coverage,862.87,829.35,841.18,813.21,826.71,913.31,1301,730.23,0.0,0.0,0.0,0.0,1.51,0.88,0.0,0.0,0.0,0.0
India2.0,06A-142-220-C,SHOCK ABSORBER,4004,4004,BALANINC PRIVATE LIMITED,2045,8093,149,0,3.96,Green,23012.86,3163,1987,4,2,36,Suspension,10.2,C,B1,Buyer Gamma,Plastics,4165.39,5150,36,5114,21301804.46,30631858.52,2.5,Daily,healthy,2327.56,2381.54,2376.43,1983.5,1886.54,2305.11,8093,6068.04,3866.34,2105.7,604.57,0.0,3.48,2.55,1.63,1.06,0.32,0.0
India3.0,06A-168-640-C,CROSS MEMBER,4073,4073,"CHAUDHARI,BEDIANDZACHARIAH PRIVATE LIMITED",1210,2317,124,0,1.91,Amber,15404.99,1310,724,1,2,26,Chassis,24.79,A,B1,Buyer Alpha,Plastics,11130.06,2034,26,2008,22349160.48,29155971.46,1.66,Monthly,healthy,1328.62,1349.56,1075.52,1380.84,1096.09,1403.12,2317,1139.36,177.2,0.0,0.0,0.0,1.74,0.84,0.16,0.0,0.0,0.0
Passenger-Vehicle,08K-737-247-P,INTAKE MANIFOLD,4020,4020,PANT-KADAKIA PRIVATE LIMITED,2298,1276,1182,0,0.56,Red,29229.86,751,405,1,1,98,Engine,1.85,C,N2,Buyer Alpha,Forging,11024.12,1156,98,1058,11663518.96,13458578.25,0.46,Weekly,demand_spike,2442.43,3461.6,3812.5,3284.67,3211.56,3153.69,1276,0.0,0.0,0.0,0.0,0.0,0.52,0.0,0.0,0.0,0.0,0.0
India3.0,08K-690-498-C,OIL FILTER HOUSING,4078,4078,RAMAKRISHNANLLC PRIVATE LIMITED,116,426,11,0,3.67,Green,1515.94,227,129,1,3,66,Engine,15.43,B,P2,Buyer Epsilon,Casting,7872.56,356,66,290,2283042.4,3087649.88,2.5,Monthly,healthy,137.2,134.23,133.12,107.25,114.19,137.09,426,420.32,360.48,379.11,320.31,220.37,3.1,3.13,2.71,3.53,2.81,1.61
India3.0,08K-896-357-A,FRAME SUPPORT,4043,4043,"ISSAC,DUAANDPRAKASH PRIVATE LIMITED",131,1587,3,0,12.11,Gray,1824.57,699,360,2,2,86,Chassis,1.95,B,P2,Buyer Alpha,Forging,918.18,1059,86,973,893389.14,1609810.79,7.43,Daily,excess,133.88,131.83,147.96,150.57,142.46,132.27,1587,1512.25,1510.81,1428.33,1430.43,1323.88,11.85,11.47,10.21,9.49,10.04,10.01
India2.0,06A-600-392-C,INTAKE MANIFOLD,4030,4030,"YOHANNAN,LALLANDSANGHA PRIVATE LIMITED",557,9,385,163,0.02,Red,7533.62,5,2,8,6,22,Engine,2.56,B,P2,Buyer Gamma,Casting,6118.06,7,22,0,0.0,63215.44,0.0,Monthly,critical,645.91,557.54,569.73,513.97,504.32,557.16,9,0.0,0.0,0.0,0.0,0.0,0.01,0.0,0.0,0.0,0.0,0.0
Passenger-Vehicle,08K-656-538-B,CROSS MEMBER,4072,4072,BORRAGROUP PRIVATE LIMITED,1525,7287,101,0,4.78,Green,16223.68,4397,1152,4,2,21,Chassis,10.98,C,B1,Buyer Gamma,Fasteners,11544.99,5549,21,5528,63820704.72,94127319.18,3.62,Weekly,healthy,1598.79,1336.33,1786.53,1747.79,1780.42,1482.45,7287,6278.01,4707.22,3208.36,1481.25,288.71,4.56,4.7,2.63,1.84,0.83,0.19
EV-Program,12B-517-959-P,OIL FILTER HOUSING,4042,4042,"CHERIAN,MISRAANDTRIPATHI PRIVATE LIMITED",1686,8082,13,0,4.79,Green,19532.73,5067,2958,4,3,93,Engine,23.8,D,P2,Buyer Epsilon,Electronics,10344.38,8025,93,7932,82051622.16,72733694.21,4.7,Monthly,healthy,1653.83,1617.81,1676.71,1948.01,1998.08,1460.47,8082,6897.09,5527.26,3955.4,2298.32,948.62,4.89,4.26,3.3,2.03,1.15,0.65
India2.0,08K-786-199-A,FRAME SUPPORT,4005,4005,KAULPLC PRIVATE LIMITED,438,84,0,354,0.19,Red,5884.83,33,16,3,3,3,Chassis,14.97,C,P3,Buyer Gamma,Rubber,5033.66,49,3,46,231548.36,382799.55,0.11,Monthly,critical,491.17,374.22,412.99,509.97,518.91,450.71,84,0.0,0.0,0.0,0.0,0.0,0.17,0.0,0.0,0.0,0.0,0.0
Commercial-Vehicle,06A-884-164-P,BRAKE CALIPER,4041,4041,"LALL,TELLAANDGOKHALE PRIVATE LIMITED",949,4292,75,0,4.52,Green,11655.54,2060,1016,4,0,87,Braking,7.25,D,P2,Buyer Beta,Machining,4004.7,3076,87,2989,11970048.3,19477575.31,3.15,Daily,healthy,1112.97,1005.96,989.37,832.95,1036.83,971.58,4292,3486.09,2708.95,2023.78,1251.12,596.1,3.86,3.47,2.74,2.43,1.21,0.61
India2.0,08K-266-117-B,SHOCK ABSORBER,4070,4070,"SEN,DEYANDSAMI PRIVATE LIMITED",414,234,161,19,0.57,Red,5248.61,124,57,5,6,86,Suspension,21.92,B,N2,Buyer Delta,Casting,11154.66,181,86,95,1059692.7,2883947.4,0.23,Weekly,low_coverage,441.51,445.92,474.62,405.08,483.92,438.9,234,0.0,0.0,0.0,0.0,0.0,0.53,0.0,0.0,0.0,0.0,0.0
India2.0,06A-878-473-P,SHOCK ABSORBER,4005,4005,KAULPLC PRIVATE LIMITED,2261,5958,17,0,2.64,Green,28995.9,3859,1073,2,6,62,Suspension,20.45,C,B2,Buyer Epsilon,Rubber,5337.57,4932,62,4870,25993965.9,27490487.74,2.15,Weekly,in_transit,2084.13,2276.17,2699.2,2709.49,2702.87,2640.54,5958,3985.77,1532.51,0.0,0.0,0.0,2.86,1.75,0.57,0.0,0.0,0.0
EV-Program,04C-773-240-P,SUSPENSION BRACKET,4041,4041,"LALL,TELLAANDGOKHALE PRIVATE LIMITED",0,186,0,0,,Gray,0.0,97,67,0,3,88,Suspension,19.09,C,P3,Buyer Epsilon,Machining,7072.09,164,88,76,537478.84,1467810.59,,Monthly,zero_demand,0.0,0.0,0.0,0.0,0.0,0.0,186,330.0,337.0,471.0,502.0,559.0,,,,,,
Passenger-Vehicle,08K-998-784-A,GEAR HOUSING,4043,4043,"ISSAC,DUAANDPRAKASH PRIVATE LIMITED",0,133,1,0,,Gray,0.0,54,35,4,3,44,Transmission,5.13,C,P2,Buyer Beta,Forging,2497.72,89,44,45,112397.4,338882.75,,Daily,zero_demand,0.0,0.0,0.0,0.0,0.0,0.0,133,271.0,406.0,549.0,571.0,692.0,,,,,,
Passenger-Vehicle,15D-200-525-B,FUEL FILTER,4002,4002,KAPOORANDSONS PRIVATE LIMITED,422,98,308,16,#DIV/0!,Red,4922.65,56,29,4,8,95,Fuel System,8.9,A,B2,Buyer Alpha,Forging,1768.84,85,95,0,0.0,149473.17,0.0,Daily,critical,434.42,458.41,481.37,488.56,402.09,485.95,98,0.0,0.0,0.0,0.0,0.0,0.23,0.0,0.0,0.0,0.0,0.0
Commercial-Vehicle,06A-328-351-B,FRAME SUPPORT,4080,4080,"SUR,DUBEYANDGUPTA PRIVATE LIMITED",80,120,23,0,1.5,Amber,963.59,69,32,3,5,17,Chassis,2.97,D,N2,Buyer Beta,Electronics,8451.5,101,17,84,709926.0,1077009.1,1.05,Daily,low_coverage,83.1,91.22,74.68,73.87,91.51,84.07,120,53.13,57.93,16.88,52.34,5.31,1.44,0.58,0.78,0.23,0.57,0.06
EV-Program,04C-748-974-P,GEAR HOUSING,4043,4043,"ISSAC,DUAANDPRAKASH PRIVATE LIMITED",2012,6912,147,0,3.44,Green,23371.75,4395,1051,0,7,48,Transmission,6.07,C,N2,Buyer Delta,Casting,7410.58,5446,48,5398,40002310.84,44361406.11,2.68,Daily,in_transit,1825.78,2375.68,1717.14,2014.91,2180.48,2293.37,6912,4709.18,3156.82,1369.44,0.0,0.0,3.79,1.98,1.84,0.68,0.0,0.0
EV-Program,15D-101-369-C,CONTROL ARM,4017,4017,BUCH-KAUL PRIVATE LIMITED,358,1196,32,0,3.34,Green,4926.79,516,451,4,6,132,Suspension,2.61,C,P3,Buyer Gamma,Forging,10108.53,967,132,835,8440622.55,12394282.38,2.33,Weekly,in_transit,396.43,348.38,386.84,365.63,428.55,409.13,1196,931.11,640.14,371.99,91.84,0.0,3.02,2.67,1.65,1.02,0.21,0.0
Commercial-Vehicle,12B-595-235-C,FRAME SUPPORT,4063,4063,"SOLANKI,KIBEANDSOLANKI PRIVATE LIMITED",299,1222,10,0,4.09,Green,3369.22,536,280,4,3,96,Chassis,3.14,C,P3,Buyer Beta,Electronics,9586.63,816,96,720,6902373.6,10017991.51,2.41,Weekly,healthy,312.78,256.75,303.93,262.15,277.57,289.76,1222,1035.15,803.8,570.64,459.15,257.66,3.91,4.03,2.64,2.18,1.65,0.89
Commercial-Vehicle,06A-331-481-A,GEAR HOUSING,4022,4022,"KONDA,GADEANDSHERE PRIVATE LIMITED",0,269,0,0,,Gray,0.0,132,52,0,2,23,Transmission,24.81,C,N2,Buyer Beta,Fasteners,8610.28,184,23,161,1386255.08,2645980.39,,Weekly,zero_demand,0.0,0.0,0.0,0.0,0.0,0.0,269,286.0,408.0,517.0,659.0,784.0,,,,,,
EV-Program,06A-930-416-A,CHASSIS BRACKET,4070,4070,"SEN,DEYANDSAMI PRIVATE LIMITED",2198,764,179,1255,0.35,Red,26617.32,468,253,5,2,98,Chassis,7.17,D,B1,Buyer Alpha,Fasteners,11633.34,721,98,623,7247570.82,9039249.31,0.28,Daily,demand_spike,2134.99,3400.63,3548.76,2417.5,2480.98,2560.58,764,0.0,0.0,0.0,0.0,0.0,0.36,0.0,0.0,0.0,0.0,0.0
India2.0,12B-221-238-P,INTAKE MANIFOLD,4035,4035,BHATT-RAJAN PRIVATE LIMITED,2334,5263,149,0,2.25,Green,24724.69,3209,1595,1,0,80,Engine,9.21,D,N2,Buyer Alpha,Plastics,8112.76,4804,80,4724,38324678.24,37331000.16,2.02,Daily,healthy,2588.79,2167.68,2093.18,2521.14,2608.75,2376.11,5263,3489.38,1580.43,0.0,0.0,0.0,2.03,1.61,0.76,0.0,0.0,0.0
India2.0,08K-382-403-P,DASHBOARD PANEL,4015,4015,"MEMON,PATHAKANDHANDA PRIVATE LIMITED",2080,1773,964,0,0.85,Red,27166.77,714,282,5,6,37,Interior,11.72,D,P1,Buyer Alpha,Electronics,10039.22,996,37,959,9627611.98,17179584.9,0.46,Daily,low_coverage,2192.36,2026.92,1921.25,2105.44,1845.71,2445.93,1773,0.0,0.0,0.0,0.0,0.0,0.81,0.0,0.0,0.0,0.0,0.0
India3.0,15D-924-179-A,GEAR HOUSING,4050,4050,DAVELTD PRIVATE LIMITED,1950,3092,17,0,1.59,Amber,19650.91,1519,705,3,2,52,Transmission,10.24,D,P2,Buyer Gamma,Metals,4439.99,2224,52,2172,9643658.28,14080939.81,1.11,Daily,healthy,2293.1,2096.28,2320.57,2166.02,2000.74,2245.12,3092,1347.24,0.0,0.0,0.0,0.0,1.35,0.64,0.0,0.0,0.0,0.0
Commercial-Vehicle,15D-194-404-B,CONTROL MODULE,4077,4077,GALAGROUP PRIVATE LIMITED,148,2,6,140,0.01,Red,1571.3,0,0,3,8,29,Electrical,22.49,A,P2,Buyer Delta,Casting,8937.48,0,29,0,0.0,19388.95,0.0,Daily,critical,160.68,174.11,170.54,142.69,143.24,151.41,2,0.0,0.0,0.0,0.0,0.0,0.01,0.0,0.0,0.0,0.0,0.0
EV-Program,15D-560-645-P,CROSS MEMBER,4037,4037,APTE-CONTRACTOR PRIVATE LIMITED,855,4239,65,0,4.96,Green,10044.5,1696,1601,3,1,49,Chassis,6.87,D,P1,Buyer Epsilon,Machining,5313.98,3297,49,3248,17259807.04,22403215.68,3.8,Daily,healthy,748.86,858.48,1024.52,953.02,933.86,804.77,4239,3683.59,2871.31,2129.44,1453.99,744.72,5.66,4.29,2.8,2.23,1.56,0.93
India2.0,15D-923-624-A,BODY BRACKET,4038,4038,"YADAV,LOKEANDOAK PRIVATE LIMITED",2115,9927,113,0,4.69,Green,21734.54,4510,3588,3,2,24,Body,13.23,C,P3,Buyer Epsilon,Rubber,7483.5,8098,24,8074,60421779.0,68372762.17,3.82,Weekly,in_transit,2452.23,1934.79,2004.99,1866.88,1955.92,2318.7,9927,8512.44,6917.69,5572.84,3808.28,1968.17,4.05,4.4,3.45,2.99,1.95,0.85
Passenger-Vehicle,12B-921-592-A,SEAT BRACKET,4042,4042,"CHERIAN,MISRAANDTRIPATHI PRIVATE LIMITED",2321,9700,229,0,4.18,Green,28543.29,4411,2164,3,1,33,Interior,5.89,A,P3,Buyer Epsilon,Plastics,5402.06,6575,33,6542,35340276.52,47086995.07,2.82,Monthly,healthy,2444.75,2566.85,2285.27,2238.18,2768.59,2239.14,9700,7284.6,5596.91,3779.04,1224.21,0.0,3.97,2.84,2.45,1.69,0.44,0.0
Commercial-Vehicle,08K-563-156-B,RADIATOR PIPE,4057,4057,KARPEPLC PRIVATE LIMITED,2458,1672,220,566,0.68,Red,32899.01,988,423,4,3,86,Cooling,20.38,A,N2,Buyer Beta,Machining,3168.01,1411,86,1325,4197613.25,4615244.15,0.54,Daily,low_coverage,2703.46,2599.81,2275.44,2843.79,2836.44,2363.02,1672,0.0,0.0,0.0,0.0,0.0,0.62,0.0,0.0,0.0,0.0,0.0
India2.0,15D-570-203-B,BODY BRACKET,4003,4003,"CHAUDRY,CHAHALANDSAMI PRIVATE LIMITED",1296,3185,27,0,2.46,Green,16183.3,1182,523,3,2,20,Body,20.85,A,N2,Buyer Delta,Fasteners,9691.7,1705,20,1685,16330514.5,30195468.79,1.3,Monthly,healthy,1250.43,1277.42,1171.32,1506.42,1537.18,1502.88,3185,2033.63,1075.37,0.0,0.0,0.0,2.55,1.59,0.92,0.0,0.0,0.0
India2.0,12B-196-103-B,DOOR PANEL,4061,4061,"KHANNA,MALLICKANDSUNDER PRIVATE LIMITED",452,1946,18,0,4.31,Green,5328.96,861,742,4,3,21,Body,20.29,A,P1,Buyer Delta,Plastics,11697.44,1603,21,1582,18505350.08,19924660.58,3.5,Daily,healthy,386.77,480.58,458.66,392.91,442.8,444.52,1946,1620.25,1388.35,1076.21,770.32,479.63,5.03,3.37,3.03,2.74,1.74,1.08
India3.0,06A-672-253-A,CLUTCH PLATE,4001,4001,"CHOUDHURY,BAKSHIANDMAHARAJ PRIVATE LIMITED",996,604,573,0,0.61,Red,13261.8,364,95,1,0,40,Transmission,2.89,D,P3,Buyer Beta,Casting,1623.61,459,40,419,680292.59,1105019.05,0.42,Monthly,demand_spike,1136.72,1805.15,1162.72,1748.86,1775.14,1216.12,604,0.0,0.0,0.0,0.0,0.0,0.53,0.0,0.0,0.0,0.0,0.0
Passenger-Vehicle,08K-102-274-B,RADIATOR PIPE,4016,4016,"BOASE,BATHANDKARI PRIVATE LIMITED",617,2865,62,0,4.64,Green,6218.77,1736,993,1,2,41,Cooling,24.21,B,N1,Buyer Beta,Rubber,1338.23,2729,41,2688,3597162.24,3943375.04,4.36,Weekly,healthy,592.72,558.36,719.03,667.71,704.52,535.33,2865,2447.78,2025.47,1475.35,1034.57,628.02,4.83,4.38,2.82,2.21,1.47,1.17
India2.0,12B-299-729-P,WIRING HARNESS,4030,4030,"YOHANNAN,LALLANDSANGHA PRIVATE LIMITED",1916,4801,226,0,2.51,Green,22974.66,1901,905,0,1,87,Electrical,23.04,C,N2,Buyer Delta,Rubber,7567.11,2806,87,2719,20574972.09,35246560.6,1.42,Daily,healthy,2091.45,2056.16,2150.43,2186.34,1816.42,1747.89,4801,3278.51,1550.41,0.0,0.0,0.0,2.3,1.59,0.72,0.0,0.0,0.0
India2.0,06A-804-934-C,SHOCK ABSORBER,4050,4050,DAVELTD PRIVATE LIMITED,1859,5631,193,0,3.03,Green,18825.32,3568,1283,1,3,90,Suspension,8.68,C,P2,Buyer Delta,Rubber,9101.42,4851,90,4761,43331860.62,52940480.82,2.56,Monthly,healthy,1625.74,1607.19,1660.19,2142.91,1995.23,2171.78,5631,4233.38,2898.98,844.81,0.0,0.0,3.46,2.63,1.75,0.39,0.0,0.0
EV-Program,06A-667-666-A,WIRING HARNESS,4067,4067,"BHAGAT,CHAUDHARIANDBHAT PRIVATE LIMITED",3302,2263,710,329,0.69,Red,43663.32,966,754,7,2,54,Electrical,3.5,B,P3,Buyer Gamma,Rubber,9246.25,1720,54,1666,15404252.5,21750194.82,0.5,Daily,demand_spike,2954.73,5530.05,4698.54,4472.2,5440.11,4880.93,2263,0.0,0.0,0.0,0.0,0.0,0.77,0.0,0.0,0.0,0.0,0.0
India2.0,04C-180-464-P,FRAME SUPPORT,4050,4050,DAVELTD PRIVATE LIMITED,683,2875,67,0,4.21,Green,8465.57,1584,649,3,3,46,Chassis,9.57,B,P2,Buyer Alpha,Casting,11830.73,2233,46,2187,25873806.51,38111585.53,3.2,Daily,healthy,616.11,768.74,580.72,733.26,795.74,812.62,2875,2395.96,2050.12,1505.75,898.26,347.62,4.67,3.12,3.53,2.05,1.13,0.43
India2.0,06A-570-599-A,SHOCK ABSORBER,4035,4035,BHATT-RAJAN PRIVATE LIMITED,320,1090,46,0,3.41,Green,4376.9,504,408,2,0,4,Suspension,18.78,D,P3,Buyer Delta,Forging,1393.33,912,4,908,1265143.64,1495260.17,2.84,Daily,healthy,343.41,371.34,285.53,276.31,364.9,367.76,1090,770.34,514.91,384.85,253.51,0.0,3.17,2.07,1.8,1.39,0.69,0.0
EV-Program,06A-706-326-P,FUEL RAIL,4053,4053,"IYER,MUNIANDRASTOGI PRIVATE LIMITED",2287,3298,354,0,1.44,Amber,26370.47,1955,838,4,7,21,Fuel System,16.79,C,B1,Buyer Delta,Metals,141.91,2793,21,2772,393374.52,429593.88,1.21,Weekly,low_coverage,2457.31,2141.25,2215.87,2636.01,2738.4,2624.76,3298,1409.4,0.0,0.0,0.0,0.0,1.34,0.66,0.0,0.0,0.0,0.0
Passenger-Vehicle,06A-291-916-B,BODY BRACKET,4065,4065,SANKARLLC PRIVATE LIMITED,2093,13749,254,0,6.57,Green,23445.48,8558,5059,1,2,88,Body,8.69,C,P1,Buyer Gamma,Electronics,10470.08,13617,88,13529,141649712.32,137724163.07,6.46,Daily,excess,1987.38,1959.35,2136.95,2473.98,2256.45,2447.5,13749,11966.27,10314.03,8199.99,6436.39,4410.65,6.92,6.11,4.83,3.31,2.85,1.8
EV-Program,08K-300-709-B,OIL FILTER HOUSING,4002,4002,KAPOORANDSONS PRIVATE LIMITED,2442,4675,242,0,1.91,Amber,28771.87,1929,1564,2,2,35,Engine,4.66,C,N1,Buyer Beta,Fasteners,7348.6,3493,35,3458,25411458.8,35889422.07,1.42,Weekly,healthy,2692.19,2605.57,2910.29,2801.84,2364.93,2103.5,4675,2505.11,53.72,0.0,0.0,0.0,1.74,0.96,0.02,0.0,0.0,0.0
Passenger-Vehicle,12B-171-568-P,DOOR PANEL,4014,4014,"DASH,RADHAKRISHNANANDBRAR PRIVATE LIMITED",1489,4120,184,0,2.77,Green,19894.66,2677,1378,0,1,15,Body,8.16,B,P3,Buyer Epsilon,Metals,1931.09,4055,15,4040,7801603.6,7041870.59,2.71,Daily,healthy,1497.51,1389.48,1367.86,1699.41,1441.23,1426.7,4120,3148.25,2148.77,636.71,0.0,0.0,2.75,2.27,1.57,0.37,0.0,0.0
Commercial-Vehicle,12B-909-240-P,FRAME SUPPORT,4036,4036,SIDHU-WADHWA PRIVATE LIMITED,733,528,495,0,0.72,Red,7954.29,216,181,7,5,100,Chassis,14.79,C,P1,Buyer Delta,Machining,3996.33,397,100,297,1186910.01,2335184.3,0.41,Monthly,low_coverage,733.48,623.1,862.5,792.68,698.29,746.56,528,3.29,0.0,0.0,0.0,0.0,0.72,0.01,0.0,0.0,0.0,0.0
India3.0,06A-336-801-B,SUSPENSION BRACKET,4014,4014,"DASH,RADHAKRISHNANANDBRAR PRIVATE LIMITED",546,101,265,180,0.18,Red,6179.91,48,35,5,2,37,Suspension,3.15,C,B2,Buyer Beta,Electronics,11961.92,83,37,46,550248.32,1112675.87,0.08,Monthly,critical,483.09,480.75,524.81,538.03,563.07,600.88,101,0.0,0.0,0.0,0.0,0.0,0.21,0.0,0.0,0.0,0.0,0.0
EV-Program,04C-613-315-P,CLUTCH PLATE,4055,4055,DARA-KOTA PRIVATE LIMITED,1654,6505,15,0,3.93,Green,22074.41,2430,2065,1,8,264,Transmission,6.19,B,P3,Buyer Beta,Rubber,1155.55,4495,264,4231,4889132.05,7542038.84,2.56,Monthly,in_transit,1800.49,1584.16,1408.2,1877.63,1833.18,1476.01,6505,4979.42,3781.94,2130.42,614.65,0.0,3.61,3.14,2.69,1.13,0.34,0.0
India3.0,06A-494-881-B,COOLING FAN,4026,4026,BHATTI-KAKAR PRIVATE LIMITED,1890,5899,258,0,3.12,Green,25051.06,3833,1160,3,3,7,Cooling,6.85,A,B1,Buyer Gamma,Metals,8825.77,4993,7,4986,44005289.22,58409337.65,2.64,Daily,healthy,1829.13,2260.4,2225.89,1619.25,1888.65,1945.78,5899,3973.02,2074.31,517.77,0.0,0.0,3.23,1.76,0.93,0.32,0.0,0.0
India3.0,15D-961-976-P,CONSOLE COVER,4002,4002,KAPOORANDSONS PRIVATE LIMITED,1084,145,527,412,0.13,Red,14498.66,52,21,6,7,74,Interior,13.4,B,P1,Buyer Delta,Casting,2378.11,73,74,0,0.0,300059.43,0.0,Daily,critical,1171.84,1263.5,1161.25,967.59,1160.95,1136.29,145,0.0,0.0,0.0,0.0,0.0,0.12,0.0,0.0,0.0,0.0,0.0
India3.0,04C-966-729-C,CLUTCH PLATE,4068,4068,NORI-CHOPRA PRIVATE LIMITED,0,233,1,0,,Gray,0.0,149,60,0,0,65,Transmission,14.28,A,P2,Buyer Gamma,Electronics,8854.78,209,65,144,1275088.32,2025739.67,,Monthly,zero_demand,0.0,0.0,0.0,0.0,0.0,0.0,233,255.0,312.0,415.0,435.0,454.0,,,,,,
EV-Program,04C-339-903-B,FUEL PIPE,4055,4055,DARA-KOTA PRIVATE LIMITED,1431,11767,125,0,8.22,Gray,16731.67,7159,4348,2,0,8,Fuel System,4.78,C,N1,Buyer Alpha,Fasteners,4138.53,11507,8,11499,47588956.47,46075516.68,8.04,Weekly,excess,1593.72,1604.0,1514.93,1264.25,1563.55,1262.93,11767,10573.79,9384.98,8468.58,7270.32,6139.09,7.38,6.59,6.19,6.7,4.65,4.86
India2.0,08K-167-312-B,SUSPENSION BRACKET,4054,4054,"PRAKASH,SARMAANDVARUGHESE PRIVATE LIMITED",2088,6390,151,0,3.06,Green,24453.77,3269,1142,2,5,156,Suspension,9.54,A,N2,Buyer Delta,Casting,5314.1,4411,156,4255,22611495.5,37495545.15,2.04,Monthly,in_transit,2399.64,2224.09,1852.07,2436.54,2475.2,2432.42,6390,4456.82,3092.92,1079.79,0.0,0.0,2.66,2.0,1.67,0.44,0.0,0.0
India3.0,04C-997-531-C,WATER PUMP,4080,4080,"SUR,DUBEYANDGUPTA PRIVATE LIMITED",1776,1336,1117,0,0.75,Red,21243.72,822,226,5,8,37,Cooling,1.33,B,N2,Buyer Beta,Rubber,8289.21,1048,37,1011,8380391.31,10436245.12,0.57,Weekly,low_coverage,1612.38,1908.17,1673.47,1773.12,1889.32,1771.65,1336,0.0,0.0,0.0,0.0,0.0,0.83,0.0,0.0,0.0,0.0,0.0
India2.0,04C-547-506-C,FUEL RAIL,4063,4063,"SOLANKI,KIBEANDSOLANKI PRIVATE LIMITED",1295,715,515,65,#DIV/0!,Red,14001.4,361,283,8,2,15,Fuel System,22.54,C,P1,Buyer Epsilon,Forging,10168.88,644,15,629,6396225.52,6300037.44,0.49,Weekly,low_coverage,1106.3,1515.29,1252.74,1317.11,1190.54,1470.39,715,0.0,0.0,0.0,0.0,0.0,0.65,0.0,0.0,0.0,0.0,0.0
India3.0,06A-880-605-C,BRAKE PAD,4066,4066,ROY-SIBAL PRIVATE LIMITED,1932,2014,623,0,1.04,Amber,22022.14,985,594,8,6,79,Braking,13.05,D,N2,Buyer Epsilon,Forging,6330.4,1579,79,1500,9495600.0,11163277.88,0.78,Daily,low_coverage,1839.83,1951.97,1924.0,2271.76,2183.1,2185.21,2014,155.61,0.0,0.0,0.0,0.0,1.09,0.08,0.0,0.0,0.0,0.0
Passenger-Vehicle,08K-905-747-A,OIL FILTER HOUSING,4003,4003,"CHAUDRY,CHAHALANDSAMI PRIVATE LIMITED",1598,4248,164,0,2.66,Green,17439.38,1820,739,0,1,40,Engine,14.81,A,P3,Buyer Gamma,Rubber,11274.26,2559,40,2519,28399860.94,51555525.47,1.58,Monthly,healthy,1380.3,1585.94,1479.11,1516.15,1387.97,1591.85,4248,2780.95,1749.88,582.17,0.0,0.0,3.08,1.75,1.18,0.38,0.0,0.0
India3.0,04C-282-991-P,RADIATOR PIPE,4070,4070,"SEN,DEYANDSAMI PRIVATE LIMITED",306,1263,28,0,4.13,Green,3563.28,801,486,3,0,19,Cooling,13.04,C,N2,Buyer Alpha,Forging,1755.99,1287,19,1268,2226595.32,2015657.37,4.14,Daily,healthy,292.23,340.49,365.82,360.19,333.35,353.04,1263,981.11,745.73,441.09,312.73,77.0,4.32,2.88,2.04,1.22,0.94,0.22
India2.0,04C-935-206-C,INTAKE MANIFOLD,4023,4023,MADAN-KANDA PRIVATE LIMITED,1867,5443,128,0,2.92,Green,20039.07,2260,1094,1,1,62,Engine,12.44,C,N2,Buyer Beta,Metals,422.87,3354,62,3292,1392088.04,2520743.85,1.76,Monthly,healthy,1684.38,2164.89,1960.95,1693.1,2099.04,2062.38,5443,3712.29,2105.11,925.6,0.0,0.0,3.23,1.71,1.07,0.55,0.0,0.0
Commercial-Vehicle,15D-480-813-C,CROSS MEMBER,4012,4012,PARMERLLC PRIVATE LIMITED,3637,2735,2801,0,0.75,Red,44624.99,1075,880,4,1,10,Chassis,2.5,D,P1,Buyer Beta,Metals,11815.37,1955,10,1945,22980894.65,33889788.85,0.53,Monthly,demand_spike,4016.33,4254.95,4262.29,4710.02,5931.68,5564.8,2735,0.0,0.0,0.0,0.0,0.0,0.68,0.0,0.0,0.0,0.0,0.0
Commercial-Vehicle,08K-953-677-B,SUSPENSION BRACKET,4074,4074,CHANDERANDSONS PRIVATE LIMITED,0,252,1,0,,Gray,0.0,136,37,3,3,0,Suspension,14.96,D,N2,Buyer Gamma,Fasteners,9461.27,173,0,173,1636799.71,2149103.54,,Monthly,zero_demand,0.0,0.0,0.0,0.0,0.0,0.0,252,330.0,404.0,406.0,534.0,607.0,,,,,,
India2.0,06A-232-253-A,SEAT BRACKET,4078,4078,RAMAKRISHNANLLC PRIVATE LIMITED,750,72,170,508,0.1,Red,8634.26,25,23,7,8,64,Interior,24.46,C,P1,Buyer Gamma,Metals,132.2,48,64,0,0.0,9433.98,0.0,Daily,critical,735.19,845.54,723.52,870.29,675.12,713.07,72,0.0,0.0,0.0,0.0,0.0,0.1,0.0,0.0,0.0,0.0,0.0
Passenger-Vehicle,12B-379-215-C,SENSOR ASSEMBLY,4054,4054,"PRAKASH,SARMAANDVARUGHESE PRIVATE LIMITED",997,2798,0,0,2.81,Green,12251.12,1174,620,2,3,47,Electrical,14.73,D,N2,Buyer Delta,Rubber,8318.88,1794,47,1747,14533083.36,23765794.44,1.75,Monthly,healthy,1077.58,909.32,1018.89,1189.44,868.17,864.53,2798,1996.34,1174.03,364.69,0.0,0.0,2.6,2.2,1.15,0.31,0.0,0.0
Commercial-Vehicle,15D-602-338-B,DOOR PANEL,4079,4079,MANGAL-SAMPATH PRIVATE LIMITED,1026,12845,134,0,12.52,Gray,12090.83,6621,4484,3,1,70,Body,2.94,A,N1,Buyer Epsilon,Forging,6085.45,11105,70,11035,67152940.75,78683602.57,10.76,Monthly,excess,1156.12,1056.22,1072.22,908.91,936.93,885.44,12845,11852.45,10992.31,10172.88,9521.91,8738.91,11.11,11.22,10.25,11.19,10.16,9.87
India2.0,15D-146-467-C,COOLING FAN,4004,4004,BALANINC PRIVATE LIMITED,874,107,631,136,0.12,Red,11273.55,52,42,1,7,69,Cooling,22.69,B,P2,Buyer Alpha,Casting,11152.81,94,69,25,278820.25,1069574.27,0.03,Daily,critical,945.61,906.44,866.53,989.62,1037.12,957.41,107,0.0,0.0,0.0,0.0,0.0,0.11,0.0,0.0,0.0,0.0,0.0
Commercial-Vehicle,06A-713-663-B,FUEL RAIL,4036,4036,SIDHU-WADHWA PRIVATE LIMITED,1758,4213,198,0,2.4,Green,18405.2,1828,1217,1,1,30,Fuel System,19.16,D,B1,Buyer Epsilon,Casting,1927.67,3045,30,3015,5811925.05,8053626.25,1.72,Daily,healthy,1609.86,1819.27,1872.16,1544.18,1507.49,2092.21,4213,2752.04,1062.34,0.0,0.0,0.0,2.62,1.51,0.57,0.0,0.0,0.0
EV-Program,15D-599-483-B,INTAKE MANIFOLD,4060,4060,,1244,4078,182,0,3.28,Green,15896.13,1460,1245,4,0,99,Engine,20.92,C,P2,Buyer Delta,Forging,10128.15,2705,99,2606,26393958.9,42402923.04,2.09,Monthly,healthy,1279.87,1356.42,1398.81,1357.86,1436.74,1276.5,4078,2864.31,1553.92,235.9,0.0,0.0,3.19,2.11,1.11,0.17,0.0,0.0
Passenger-Vehicle,12B-882-809-C,SUSPENSION BRACKET,4051,4051,GANDHI-LANKA PRIVATE LIMITED,271,1090,36,0,4.02,Green,3366.04,430,202,3,1,58,Suspension,14.12,A,P3,Buyer Alpha,Forging,5868.37,632,58,574,3368444.38,6260814.73,2.12,Weekly,healthy,312.89,294.37,318.97,231.34,274.0,311.55,1090,895.57,645.45,477.21,261.82,98.06,3.48,3.04,2.02,2.06,0.96,0.31
Commercial-Vehicle,08K-287-317-A,DOOR PANEL,4071,4071,MALLICKGROUP PRIVATE LIMITED,2454,4686,222,0,1.91,Amber,29602.32,2340,1724,0,0,19,Body,2.49,C,P3,Buyer Alpha,Rubber,8142.8,4064,19,4045,32937626.0,33059328.06,1.65,Monthly,healthy,2431.64,2863.08,2400.21,2882.91,2853.5,2830.25,4686,2138.05,0.0,0.0,0.0,0.0,1.93,0.75,0.0,0.0,0.0,0.0
EV-Program,04C-821-926-P,SHOCK ABSORBER,4074,4074,CHANDERANDSONS PRIVATE LIMITED,369,1072,38,0,2.91,Green,3983.83,477,317,0,0,30,Suspension,11.39,B,P1,Buyer Delta,Rubber,10922.84,794,30,764,8345049.76,12015800.58,2.07,Monthly,healthy,319.02,408.96,390.85,422.07,366.76,417.98,1072,807.39,448.04,97.73,0.0,0.0,3.36,1.97,1.15,0.23,0.0,0.0
EV-Program,15D-680-531-B,CONTROL MODULE,4009,4009,"SAMI,OAKANDMALL PRIVATE LIMITED",562,2591,66,0,4.61,Green,6930.6,1011,761,4,3,72,Electrical,15.37,A,N2,Buyer Gamma,Forging,6560.9,1772,72,1700,11153530.0,19238991.13,3.02,Daily,healthy,479.16,586.38,492.4,553.1,624.05,606.07,2591,2178.95,1847.44,1473.4,954.29,630.65,5.41,3.72,3.75,2.66,1.53,1.04
India2.0,04C-241-960-A,CONTROL ARM,4031,4031,"RASTOGI,PATHAKANDKANDA PRIVATE LIMITED",1772,1516,940,0,0.86,Red,18211.79,843,368,3,1,63,Suspension,1.41,D,B1,Buyer Gamma,Machining,4264.38,1211,63,1148,4895508.24,6484869.5,0.65,Weekly,low_coverage,1696.01,1714.74,1523.22,2023.25,1868.65,1894.54,1516,123.8,0.0,0.0,0.0,0.0,0.89,0.07,0.0,0.0,0.0,0.0
Commercial-Vehicle,04C-706-227-P,INTAKE MANIFOLD,4047,4047,KHATRI-BHARDWAJ PRIVATE LIMITED,1449,6405,92,0,4.42,Green,18222.16,3173,2387,3,2,54,Engine,11.44,C,N1,Buyer Alpha,Forging,7426.19,5560,54,5506,40888602.14,43466003.96,3.8,Daily,healthy,1639.61,1722.25,1478.89,1676.09,1589.16,1273.57,6405,4940.02,3785.39,2184.95,902.72,0.0,3.91,2.87,2.56,1.3,0.57,0.0
EV-Program,12B-322-919-A,CONSOLE COVER,4030,4030,"YOHANNAN,LALLANDSANGHA PRIVATE LIMITED",432,1604,6,0,3.71,Green,4545.97,674,421,3,1,97,Interior,22.06,D,P3,Buyer Beta,Casting,928.27,1095,97,998,926413.46,1708727.21,2.31,Weekly,healthy,508.09,400.34,368.32,404.0,515.11,506.51,1604,1281.05,1058.36,748.69,466.18,38.59,3.16,3.2,2.87,1.85,0.91,0.08
Commercial-Vehicle,15D-209-673-P,CROSS MEMBER,4052,4052,"SAMPATH,KAKARANDZACHARIA PRIVATE LIMITED",0,272,0,0,,Gray,0.0,97,89,2,0,70,Chassis,11.41,C,N2,Buyer Alpha,Forging,4736.52,186,70,116,549436.32,1445800.99,,Monthly,zero_demand,0.0,0.0,0.0,0.0,0.0,0.0,272,411.0,506.0,529.0,668.0,753.0,,,,,,
Commercial-Vehicle,12B-469-718-B,BRAKE BRACKET,4015,4015,"MEMON,PATHAKANDHANDA PRIVATE LIMITED",487,1192,52,0,2.45,Green,5050.5,507,314,4,2,84,Braking,15.03,B,B1,Buyer Beta,Forging,11463.82,821,84,737,8448835.34,11760811.04,1.51,Weekly,healthy,561.85,475.9,480.58,463.46,454.0,451.42,1192,835.73,502.86,149.45,0.0,0.0,2.12,1.76,1.05,0.32,0.0,0.0
Commercial-Vehicle,15D-396-586-A,CONTROL MODULE,4030,4030,"YOHANNAN,LALLANDSANGHA PRIVATE LIMITED",4964,1747,1561,1656,0.35,Red,58159.03,933,309,5,2,65,Electrical,7.74,B,N1,Buyer Beta,Electronics,1263.3,1242,65,1177,1486904.1,2305060.93,0.24,Daily,demand_spike,4387.4,6218.16,6064.92,6606.62,6923.52,8880.91,1747,0.0,0.0,0.0,0.0,0.0,0.4,0.0,0.0,0.0,0.0,0.0
India2.0,12B-455-517-B,CONTROL ARM,4015,4015,"MEMON,PATHAKANDHANDA PRIVATE LIMITED",1577,2219,834,0,1.41,Amber,19287.12,1220,622,3,6,44,Suspension,12.18,A,N1,Buyer Alpha,Rubber,950.67,1842,44,1798,1709304.66,2392870.48,1.14,Monthly,low_coverage,1789.7,1406.75,1724.73,1348.79,1491.61,1677.18,2219,1020.76,0.0,0.0,0.0,0.0,1.24,0.73,0.0,0.0,0.0,0.0
Commercial-Vehicle,08K-963-283-P,DASHBOARD PANEL,4034,4034,DUTTALTD PRIVATE LIMITED,529,863,40,0,1.63,Amber,5841.64,376,209,2,1,9,Interior,20.49,D,N2,Buyer Alpha,Forging,1072.51,585,9,576,617765.76,822660.55,1.09,Weekly,healthy,627.06,550.96,606.08,458.53,496.29,506.29,863,557.94,205.18,0.0,0.0,0.0,1.38,1.01,0.34,0.0,0.0,0.0
EV-Program,15D-893-293-C,GEAR HOUSING,4049,4049,"SUNDER,BISWASANDWALIA PRIVATE LIMITED",1243,242,233,768,0.19,Red,13363.69,85,73,7,5,66,Transmission,9.65,A,B2,Buyer Delta,Electronics,11925.02,158,66,92,1097101.84,2627519.35,0.07,Monthly,critical,1087.74,1086.48,1104.96,1342.37,1100.78,1178.27,242,0.0,0.0,0.0,0.0,0.0,0.22,0.0,0.0,0.0,0.0,0.0
India2.0,15D-729-148-P,WATER PUMP,4055,4055,DARA-KOTA PRIVATE LIMITED,2139,266,1062,811,0.12,Red,28961.26,135,96,7,5,69,Cooling,12.04,B,P1,Buyer Alpha,Electronics,633.38,231,69,162,102607.56,179271.1,0.08,Weekly,critical,2551.11,1835.52,2159.29,2359.77,2072.98,2100.89,266,0.0,0.0,0.0,0.0,0.0,0.1,0.0,0.0,0.0,0.0,0.0
Commercial-Vehicle,06A-887-412-B,RADIATOR PIPE,4031,4031,"RASTOGI,PATHAKANDKANDA PRIVATE LIMITED",588,42,105,441,0.07,Red,7719.66,15,15,4,6,54,Cooling,4.95,C,B2,Buyer Epsilon,Machining,9700.94,30,54,0,0.0,364186.71,0.0,Weekly,critical,633.36,568.12,547.92,533.61,553.34,677.04,42,0.0,0.0,0.0,0.0,0.0,0.07,0.0,0.0,0.0,0.0,0.0
Commercial-Vehicle,04C-143-522-A,SENSOR ASSEMBLY,4054,4054,"PRAKASH,SARMAANDVARUGHESE PRIVATE LIMITED",1575,6304,156,0,4,Green,19288.49,2689,963,3,3,20,Electrical,18.84,B,P2,Buyer Beta,Forging,9894.67,3652,20,3632,35937441.44,58900203.76,2.31,Daily,healthy,1481.17,1401.84,1388.98,1725.29,1509.9,1723.6,6304,5027.87,3984.22,2609.97,1498.9,0.0,4.26,3.59,2.87,1.51,0.99,0.0
Commercial-Vehicle,12B-517-533-B,CROSS MEMBER,4060,4060,NARAYANANINC PRIVATE LIMITED,788,1005,326,0,1.28,Amber,10791.8,398,166,5,3,47,Chassis,1.55,A,B1,Buyer Alpha,Metals,6471.76,564,47,517,3345899.92,6470142.49,0.66,Daily,low_coverage,908.97,834.31,767.81,714.59,855.47,944.29,1005,366.39,0.0,0.0,0.0,0.0,1.11,0.44,0.0,0.0,0.0,0.0
EV-Program,06A-873-447-A,WIRING HARNESS,4010,4010,KALELLC PRIVATE LIMITED,2132,9063,134,0,4.25,Green,22842.71,5413,2120,2,1,36,Electrical,8.86,D,P2,Buyer Gamma,Machining,5936.43,7533,36,7497,44505415.71,56640950.12,3.52,Weekly,healthy,2377.7,2151.03,2343.62,2473.01,2329.42,2459.6,9063,7280.49,5495.39,3183.57,1320.68,0.0,3.81,3.38,2.34,1.29,0.57,0.0
India3.0,15D-463-365-P,ENGINE MOUNT,4056,4056,BHATTLLC PRIVATE LIMITED,0,77,1,0,,Gray,0.0,36,13,2,2,60,Engine,24.41,B,N1,Buyer Beta,Electronics,7698.23,49,60,0,0.0,600862.55,,Weekly,zero_demand,0.0,0.0,0.0,0.0,0.0,0.0,77,118.0,153.0,246.0,352.0,400.0,,,,,,
Commercial-Vehicle,15D-796-141-A,WIRING HARNESS,4015,4015,"MEMON,PATHAKANDHANDA PRIVATE LIMITED",1328,4198,86,0,3.16,Green,16711.56,2520,1041,2,0,41,Electrical,17.96,B,P1,Buyer Alpha,Casting,2466.83,3561,41,3520,8683241.6,10491083.73,2.65,Weekly,healthy,1333.59,1505.2,1444.4,1225.5,1215.35,1217.19,4198,2800.94,1511.95,539.32,0.0,0.0,3.15,1.86,1.05,0.44,0.0,0.0
Passenger-Vehicle,08K-112-593-C,CLUTCH PLATE,4073,4073,"CHAUDHARI,BEDIANDZACHARIAH PRIVATE LIMITED",740,931,102,0,1.26,Amber,8447.86,452,369,6,3,43,Transmission,23.46,D,N2,Buyer Epsilon,Rubber,2435.03,821,43,778,1894453.34,2307266.1,1.05,Monthly,low_coverage,750.55,670.87,856.62,634.67,632.77,741.3,931,409.95,0.0,0.0,0.0,0.0,1.24,0.61,0.0,0.0,0.0,0.0
India2.0,06A-616-893-C,BRAKE PAD,4014,4014,"DASH,RADHAKRISHNANANDBRAR PRIVATE LIMITED",0,290,1,0,,Gray,0.0,111,60,3,3,34,Braking,24.07,D,B2,Buyer Epsilon,Casting,10647.52,171,34,137,1458710.24,3235474.67,,Monthly,zero_demand,0.0,0.0,0.0,0.0,0.0,0.0,290,382.0,465.0,520.0,573.0,694.0,,,,,,
Passenger-Vehicle,15D-692-881-B,CONSOLE COVER,4028,4028,SHANKER-DHAR PRIVATE LIMITED,1597,2770,182,0,1.73,Amber,20257.91,1222,841,3,0,45,Interior,9.64,D,N2,Buyer Beta,Casting,1972.33,2063,45,2018,3980161.94,6024506.91,1.26,Monthly,healthy,1473.01,1582.47,1776.13,1555.13,1878.53,1615.1,2770,1513.28,233.47,0.0,0.0,0.0,1.88,0.96,0.13,0.0,0.0,0.0
India2.0,08K-102-466-P,CONSOLE COVER,4027,4027,"MURTY,KALAANDTATA PRIVATE LIMITED",679,1640,35,0,2.42,Green,8878.99,657,535,1,0,94,Interior,8.78,A,B1,Buyer Beta,Forging,2292.55,1192,94,1098,2517219.9,4284570.14,1.62,Weekly,healthy,707.43,610.17,756.95,708.23,732.4,604.58,1640,1035.57,325.42,0.0,0.0,0.0,2.32,1.7,0.43,0.0,0.0,0.0
EV-Program,06A-684-816-C,CONSOLE COVER,4021,4021,"LOKE,BORAANDGARG PRIVATE LIMITED",0,212,1,0,,Gray,0.0,93,38,1,3,21,Interior,16.32,B,N1,Buyer Delta,Electronics,10910.13,131,21,110,1200114.3,2446235.54,,Daily,zero_demand,0.0,0.0,0.0,0.0,0.0,0.0,212,299.0,400.0,464.0,580.0,615.0,,,,,,
India3.0,04C-550-156-A,SUSPENSION BRACKET,4013,4013,"LALLA,BASSIANDSHARAF PRIVATE LIMITED",2268,1758,628,0,0.78,Red,29786.5,1108,652,7,2,49,Suspension,21.16,B,P2,Buyer Delta,Fasteners,1261.19,1760,49,1711,2157896.09,2402977.97,0.75,Daily,low_coverage,2353.99,2315.35,2393.7,2462.88,2587.46,1987.18,1758,47.06,0.0,0.0,0.0,0.0,0.75,0.02,0.0,0.0,0.0,0.0
India2.0,08K-193-709-C,BRAKE BRACKET,4050,4050,DAVELTD PRIVATE LIMITED,985,3127,88,0,3.17,Green,12018.34,1280,536,1,2,98,Braking,5.75,C,N2,Buyer Gamma,Electronics,5633.83,1816,98,1718,9678919.94,15705669.72,1.74,Daily,healthy,1073.28,920.03,1156.13,1035.61,990.68,903.04,3127,2482.27,1658.31,741.44,0.0,0.0,2.91,2.7,1.43,0.72,0.0,0.0
EV-Program,06A-288-627-A,RADIATOR PIPE,4056,4056,BHATTLLC PRIVATE LIMITED,1527,3424,151,0,2.24,Green,20648.17,1857,1072,4,1,3,Cooling,3.57,C,B1,Buyer Beta,Forging,3659.49,2929,3,2926,10707667.74,11820320.32,1.92,Monthly,healthy,1601.73,1488.1,1402.69,1528.89,1461.56,1473.62,3424,2253.19,1010.68,0.0,0.0,0.0,2.14,1.51,0.72,0.0,0.0,0.0
EV-Program,12B-615-309-P,CROSS MEMBER,4024,4024,"NAIR,BHALLAANDKARNIK PRIVATE LIMITED",2459,8958,108,0,3.64,Green,31593.56,5751,2365,4,6,209,Chassis,22.26,A,P1,Buyer Delta,Rubber,5384.38,8116,209,7907,42574292.66,48953607.28,3.22,Daily,in_transit,2949.53,2241.87,2090.26,2095.76,2213.8,2368.54,8958,7028.63,5178.83,3402.03,1246.18,0.0,3.04,3.14,2.48,1.62,0.56,0.0
Commercial-Vehicle,12B-744-976-A,FUEL RAIL,4003,4003,"CHAUDRY,CHAHALANDSAMI PRIVATE LIMITED",0,129,0,0,,Gray,0.0,81,39,2,3,16,Fuel System,14.94,D,B1,Buyer Beta,Plastics,6870.63,120,16,104,714545.52,806810.93,,Daily,zero_demand,0.0,0.0,0.0,0.0,0.0,0.0,129,147.0,213.0,264.0,387.0,465.0,,,,,,
EV-Program,15D-434-807-A,BODY BRACKET,4027,4027,"MURTY,KALAANDTATA PRIVATE LIMITED",2019,6992,281,0,3.46,Green,27855.74,2805,2709,0,0,57,Body,0.83,D,N2,Buyer Beta,Electronics,7395.99,5514,57,5457,40359917.43,54292535.71,2.7,Monthly,healthy,2058.13,1988.07,2156.46,1800.69,2014.69,2238.38,6992,5425.53,3436.11,1844.83,377.77,0.0,3.4,2.73,1.59,1.02,0.19,0.0
India2.0,04C-288-150-A,FUEL RAIL,4073,4073,"CHAUDHARI,BEDIANDZACHARIAH PRIVATE LIMITED",1674,7073,192,0,4.23,Green,16812.14,3902,1712,3,0,48,Fuel System,5.39,B,P2,Buyer Epsilon,Casting,896.71,5614,48,5566,4991087.86,5714002.05,3.32,Monthly,healthy,1938.69,1620.55,1773.91,1619.17,1755.96,1590.23,7073,5607.99,4002.5,2537.88,1192.96,0.0,3.65,3.46,2.26,1.57,0.68,0.0
Commercial-Vehicle,15D-579-499-C,SUSPENSION BRACKET,4043,4043,"ISSAC,DUAANDPRAKASH PRIVATE LIMITED",418,40,78,300,0.1,Red,5821.15,15,6,1,3,59,Suspension,20.56,B,N1,Buyer Alpha,Forging,8343.0,21,59,0,0.0,304151.02,0.0,Daily,critical,409.68,387.86,365.19,446.95,428.03,434.46,40,0.0,0.0,0.0,0.0,0.0,0.1,0.0,0.0,0.0,0.0,0.0
Passenger-Vehicle,08K-343-762-A,SENSOR ASSEMBLY,4076,4076,KALA-RATTAN PRIVATE LIMITED,1691,14781,175,0,8.74,Gray,18670.12,7210,2948,4,2,48,Electrical,3.08,C,P1,Buyer Epsilon,Metals,3975.25,10158,48,10110,40189777.5,65780786.34,5.98,Daily,excess,1529.22,1749.75,1813.75,1785.13,1467.15,1484.19,14781,13475.33,11778.97,10162.37,8883.82,7694.32,9.67,7.7,6.49,5.69,6.06,5.18
Commercial-Vehicle,06A-379-950-P,FUEL FILTER,4076,4076,KALA-RATTAN PRIVATE LIMITED,818,2193,0,0,2.68,Green,11447.68,802,483,2,2,73,Fuel System,18.55,C,B2,Buyer Alpha,Machining,292.89,1285,73,1212,354982.68,592024.14,1.48,Daily,healthy,945.33,931.72,855.18,735.98,913.51,720.06,2193,1502.64,723.27,142.59,0.0,0.0,2.32,1.61,0.85,0.19,0.0,0.0
EV-Program,12B-520-942-B,CONTROL MODULE,4031,4031,"RASTOGI,PATHAKANDKANDA PRIVATE LIMITED",822,1164,327,0,1.42,Amber,9807.38,492,294,5,1,9,Electrical,2.75,B,P2,Buyer Epsilon,Plastics,5900.57,786,9,777,4584742.89,6165095.91,0.95,Daily,low_coverage,817.92,871.6,735.71,759.21,766.1,984.47,1164,566.68,0.0,0.0,0.0,0.0,1.42,0.65,0.0,0.0,0.0,0.0
EV-Program,12B-333-931-P,ENGINE MOUNT,4023,4023,MADAN-KANDA PRIVATE LIMITED,433,1439,43,0,3.32,Green,5516.67,730,545,0,6,283,Engine,12.43,D,N1,Buyer Alpha,Electronics,11281.23,1275,283,992,11190980.16,17824465.25,2.29,Weekly,in_transit,376.11,374.97,405.93,445.25,382.81,449.56,1439,1233.84,996.11,608.38,307.37,0.0,3.83,3.29,2.45,1.37,0.8,0.0
India2.0,06A-216-821-P,,4051,4051,GANDHI-LANKA PRIVATE LIMITED,757,1026,568,0,1.36,Amber,9253.55,654,293,8,8,65,Transmission,7.52,B,P3,Buyer Alpha,Forging,5579.44,947,65,882,4921066.08,6332044.16,1.17,Monthly,low_coverage,696.11,704.27,841.41,646.79,769.12,651.57,1026,523.0,0.0,0.0,0.0,0.0,1.47,0.74,0.0,0.0,0.0,0.0
India3.0,04C-553-894-C,BODY BRACKET,4003,4003,"CHAUDRY,CHAHALANDSAMI PRIVATE LIMITED",1230,4286,136,0,3.48,Green,15383.78,2223,879,2,2,18,Body,1.86,A,N1,Buyer Alpha,Machining,3737.24,3102,18,3084,11525648.16,16400515.37,2.51,Monthly,healthy,1405.57,1054.67,1226.22,1151.72,1156.71,1332.48,4286,3585.89,2502.48,1550.12,525.74,0.0,3.05,3.4,2.04,1.35,0.45,0.0
India3.0,15D-519-973-A,WATER PUMP,4072,4072,BORRAGROUP PRIVATE LIMITED,1714,20929,69,0,12.21,Gray,22596.78,8119,4758,0,3,76,Cooling,24.13,B,P1,Buyer Epsilon,Metals,3757.26,12877,76,12801,48096685.26,79184449.67,7.47,Weekly,excess,1956.81,1520.25,1819.46,1609.52,1678.79,1755.93,20929,19740.88,18344.34,17117.15,15877.38,14378.97,10.7,12.99,10.08,10.63,9.46,8.19
EV-Program,12B-190-946-A,ENGINE MOUNT,4035,4035,BHATT-RAJAN PRIVATE LIMITED,1226,1590,753,0,1.3,Amber,15696.88,586,260,4,1,8,Engine,8.01,C,N1,Buyer Gamma,Metals,11427.51,846,8,838,9576253.38,19815184.85,0.68,Monthly,low_coverage,1223.81,1437.59,1099.67,1379.67,1262.48,1388.25,1590,536.55,0.0,0.0,0.0,0.0,1.3,0.37,0.0,0.0,0.0,0.0
EV-Program,04C-828-829-A,RADIATOR PIPE,4041,4041,"LALL,TELLAANDGOKHALE PRIVATE LIMITED",1738,4645,57,0,2.67,Green,24131.35,2931,717,0,0,17,Cooling,8.75,C,N2,Buyer Alpha,Machining,5512.3,3648,17,3631,20015161.3,25775999.94,2.09,Daily,healthy,1877.04,1858.1,1942.77,1861.23,1588.27,1560.79,4645,2943.66,1334.89,0.0,0.0,0.0,2.47,1.58,0.69,0.0,0.0,0.0
EV-Program,15D-416-953-P,BRAKE CALIPER,4056,4056,BHATTLLC PRIVATE LIMITED,2135,5,1677,453,0,Red,23509.5,2,1,5,3,18,Braking,22.3,A,P3,Buyer Delta,Casting,8895.53,3,18,0,0.0,49026.64,0.0,Monthly,critical,2218.4,2432.12,1862.98,2221.35,2237.02,1999.53,5,0.0,0.0,0.0,0.0,0.0,0.0,0.0,0.0,0.0,0.0,0.0
India2.0,12B-817-298-C,ENGINE MOUNT,4019,4019,PATLA-GABA PRIVATE LIMITED,1863,3037,23,0,1.63,Amber,23180.88,1684,805,4,3,29,Engine,16.83,D,P1,Buyer Delta,Fasteners,6597.28,2489,29,2460,16229308.8,20648217.74,1.32,Weekly,in_transit,1588.07,1841.06,2177.17,2084.56,1929.55,1670.33,3037,1407.96,0.0,0.0,0.0,0.0,1.91,0.76,0.0,0.0,0.0,0.0
India2.0,08K-540-266-B,CONTROL MODULE,4077,4077,GALAGROUP PRIVATE LIMITED,2356,11230,92,0,4.77,Green,30052.54,6809,3670,4,2,12,Electrical,21.08,A,N2,Buyer Epsilon,Machining,8491.0,10479,12,10467,88875297.0,99144737.36,4.44,Weekly,healthy,2383.68,2603.65,2082.0,2689.01,2031.83,2666.11,11230,8907.1,7356.64,4925.49,3518.23,1289.73,4.71,3.42,3.53,1.83,1.73,0.48
Commercial-Vehicle,06A-914-466-C,BRAKE CALIPER,4076,4076,KALA-RATTAN PRIVATE LIMITED,122,7,73,42,0.06,Red,1318.04,4,2,8,8,7,Braking,5.47,B,N1,Buyer Beta,Rubber,1253.01,6,7,0,0.0,7667.74,0.0,Daily,critical,141.09,113.98,140.36,127.01,143.65,120.37,7,34.68,0.0,0.0,0.0,36.33,0.05,0.3,0.0,0.0,0.0,0.3
Passenger-Vehicle,15D-965-917-B,BRAKE PAD,4074,4074,CHANDERANDSONS PRIVATE LIMITED,1272,3228,101,0,2.54,Green,16054.18,1938,1272,2,1,31,Braking,11.2,A,N1,Buyer Alpha,Casting,3849.34,3210,31,3179,12237051.86,14072002.75,2.5,Daily,healthy,1099.9,1224.5,1331.46,1438.33,1429.27,1336.25,3228,2115.26,1199.8,0.0,0.0,0.0,2.93,1.73,0.9,0.0,0.0,0.0
Commercial-Vehicle,06A-608-481-C,GEAR HOUSING,4006,4006,"BALA,ISSACANDSAINI PRIVATE LIMITED",1458,7134,81,0,4.89,Green,17393.58,2618,2845,3,0,17,Transmission,20.07,B,P1,Buyer Beta,Metals,4871.46,5463,17,5446,26529971.16,36064969.81,3.74,Weekly,healthy,1256.48,1416.09,1429.96,1629.76,1415.04,1586.26,7134,5890.55,4823.51,3497.85,2232.36,1121.3,5.68,4.16,3.37,2.15,1.58,0.71
Passenger-Vehicle,08K-484-497-B,CHASSIS BRACKET,4070,4070,"SEN,DEYANDSAMI PRIVATE LIMITED",2319,1248,656,415,0.54,Red,24988.47,677,408,1,4,15,Chassis,20.79,C,P1,Buyer Gamma,Forging,2576.87,1085,15,1070,2757250.9,3411213.92,0.46,Daily,low_coverage,1994.58,2341.58,2095.05,2766.87,2155.74,2715.09,1248,0.0,0.0,0.0,0.0,0.0,0.63,0.0,0.0,0.0,0.0,0.0
India3.0,06A-783-633-C,RADIATOR PIPE,4072,4072,BORRAGROUP PRIVATE LIMITED,2274,3130,903,0,1.38,Amber,26005.48,1592,999,5,6,55,Cooling,8.22,A,N2,Buyer Delta,Fasteners,8748.82,2591,55,2536,22187007.52,26882589.72,1.12,Monthly,low_coverage,2228.75,2224.75,2075.75,2125.57,2607.39,2691.14,3130,1177.99,0.0,0.0,0.0,0.0,1.4,0.53,0.0,0.0,0.0,0.0
Commercial-Vehicle,08K-847-278-P,COOLING FAN,4031,4031,"RASTOGI,PATHAKANDKANDA PRIVATE LIMITED",298,1030,30,0,3.46,Green,3772.85,651,354,3,3,38,Cooling,17.18,A,B1,Buyer Gamma,Fasteners,3313.93,1005,38,967,3204570.31,3499559.58,3.24,Monthly,healthy,322.03,354.36,307.94,305.17,354.33,306.03,1030,779.62,559.88,371.35,166.1,0.0,3.2,2.2,1.82,1.22,0.47,0.0
EV-Program,12B-958-519-P,DASHBOARD PANEL,4052,4052,"SAMPATH,KAKARANDZACHARIA PRIVATE LIMITED",305,737,26,0,2.42,Green,3453.16,447,252,4,3,92,Interior,12.4,C,N2,Buyer Beta,Machining,4886.79,699,92,607,2966281.53,3435321.68,1.99,Weekly,healthy,268.42,354.49,335.29,327.74,316.0,329.8,737,470.17,336.19,62.71,0.0,0.0,2.75,1.33,1.0,0.19,0.0,0.0
India2.0,06A-768-182-P,INTAKE MANIFOLD,4014,4014,"DASH,RADHAKRISHNANANDBRAR PRIVATE LIMITED",0,84,0,0,,Gray,0.0,36,20,0,1,94,Engine,3.66,C,N2,Buyer Epsilon,Plastics,4460.32,56,94,0,0.0,419689.07,,Daily,zero_demand,0.0,0.0,0.0,0.0,0.0,0.0,84,208.0,258.0,397.0,443.0,474.0,,,,,,
Commercial-Vehicle,15D-628-932-C,BRAKE CALIPER,4033,4033,BATTAINC PRIVATE LIMITED,1310,3491,114,0,2.66,Green,16686.46,1378,681,1,1,37,Braking,3.54,D,P3,Buyer Epsilon,Forging,9793.87,2059,37,2022,19803205.14,38123470.29,1.54,Weekly,healthy,1144.81,1417.23,1476.64,1292.42,1399.46,1348.69,3491,2213.83,978.09,0.0,0.0,0.0,3.05,1.56,0.66,0.0,0.0,0.0
Passenger-Vehicle,15D-611-281-B,COOLING FAN,4019,4019,PATLA-GABA PRIVATE LIMITED,796,1038,147,0,1.3,Amber,8786.0,471,296,5,5,50,Cooling,19.0,D,P2,Buyer Alpha,Electronics,5616.23,767,50,717,4026836.91,6029863.47,0.9,Monthly,low_coverage,684.71,787.83,759.32,904.04,757.68,816.47,1038,432.94,0.0,0.0,0.0,0.0,1.52,0.55,0.0,0.0,0.0,0.0
Passenger-Vehicle,12B-610-587-B,BRAKE CALIPER,4036,4036,SIDHU-WADHWA PRIVATE LIMITED,195,1473,9,0,7.55,Green,2407.01,818,273,4,0,5,Braking,15.4,A,P2,Buyer Beta,Electronics,6967.46,1091,5,1086,7566661.56,8840794.18,5.57,Monthly,excess,231.1,210.51,189.91,184.78,214.55,233.74,1473,1392.14,1369.73,1243.15,1088.34,884.49,6.37,6.61,7.21,6.73,5.07,3.78
EV-Program,15D-278-179-C,WATER PUMP,4004,4004,BALANINC PRIVATE LIMITED,1195,1547,521,0,1.29,Amber,15520.47,758,331,4,7,20,Cooling,7.01,C,N2,Buyer Epsilon,Machining,9131.22,1089,20,1069,9761274.18,14261341.91,0.89,Monthly,low_coverage,1192.34,1107.45,1074.44,1405.43,1117.26,1114.51,1547,554.44,0.0,0.0,0.0,0.0,1.3,0.5,0.0,0.0,0.0,0.0
EV-Program,15D-548-171-P,WIRING HARNESS,4018,4018,RAILLC PRIVATE LIMITED,401,1556,56,0,3.88,Green,4138.21,887,298,2,1,46,Electrical,21.01,C,B2,Buyer Delta,Fasteners,10941.92,1185,46,1139,12462846.88,15523980.42,2.84,Daily,healthy,407.82,356.44,406.45,467.59,458.98,383.02,1556,1290.41,1033.21,676.06,384.39,138.06,3.82,3.62,2.54,1.45,0.84,0.36
India2.0,15D-258-498-B,GEAR HOUSING,4006,4006,"BALA,ISSACANDSAINI PRIVATE LIMITED",664,1683,76,0,2.53,Green,8566.15,1076,474,3,2,29,Transmission,2.85,A,P2,Buyer Beta,Fasteners,4670.96,1550,29,1521,7104530.16,7557425.29,2.29,Daily,healthy,614.07,567.32,763.54,681.4,608.65,645.73,1683,1225.31,634.75,138.57,0.0,0.0,2.74,2.16,0.83,0.2,0.0,0.0
India2.0,04C-620-582-P,BRAKE BRACKET,4071,4071,MALLICKGROUP PRIVATE LIMITED,1041,3070,78,0,2.95,Green,12779.76,1671,1093,3,3,5,Braking,1.2,A,P1,Buyer Epsilon,Electronics,5239.0,2764,5,2759,14454401.0,16464000.27,2.65,Daily,healthy,1110.93,1133.8,1126.42,1156.33,1010.73,1006.29,3070,2289.49,1270.51,176.62,0.0,0.0,2.76,2.02,1.13,0.15,0.0,0.0
Passenger-Vehicle,04C-909-501-C,CONTROL MODULE,4008,4008,AHUJA-DUTTA PRIVATE LIMITED,557,918,75,0,1.65,Amber,6093.66,467,258,2,0,49,Electrical,1.55,D,N2,Buyer Epsilon,Casting,9007.61,725,49,676,6089144.36,7751676.1,1.21,Weekly,healthy,548.11,496.17,529.21,524.83,648.31,623.36,918,463.54,0.0,0.0,0.0,0.0,1.67,0.93,0.0,0.0,0.0,0.0
Commercial-Vehicle,08K-490-649-C,COOLING FAN,4005,4005,KAULPLC PRIVATE LIMITED,826,1296,106,0,1.57,Amber,11522.18,803,304,0,2,19,Cooling,11.72,C,N1,Buyer Epsilon,Metals,1488.59,1107,19,1088,1619585.92,1867817.72,1.32,Weekly,healthy,981.74,916.61,971.88,746.76,893.21,927.0,1296,443.75,0.0,0.0,0.0,0.0,1.32,0.48,0.0,0.0,0.0,0.0
India3.0,06A-375-437-P,WIRING HARNESS,4065,4065,SANKARLLC PRIVATE LIMITED,91,424,0,0,4.66,Green,1214.63,181,111,0,3,27,Electrical,8.62,A,N1,Buyer Delta,Machining,100.36,292,27,265,26595.4,39632.09,2.91,Weekly,healthy,100.65,92.47,83.42,104.33,99.32,102.21,424,387.91,404.58,439.77,468.74,404.99,4.21,4.2,4.85,4.22,4.72,3.96
India2.0,08K-816-455-B,FUEL FILTER,4069,4069,HANDAANDSONS PRIVATE LIMITED,0,25,0,0,,Gray,0.0,15,4,2,0,76,Fuel System,13.19,A,N2,Buyer Delta,Casting,978.95,19,76,0,0.0,27390.15,,Weekly,zero_demand,0.0,0.0,0.0,0.0,0.0,0.0,25,80.0,157.0,230.0,380.0,437.0,,,,,,
EV-Program,08K-564-147-P,CROSS MEMBER,4059,4059,"BHARGAVA,KARNIKANDBIR PRIVATE LIMITED",888,4219,57,0,4.75,Green,11492.13,2098,1334,4,1,17,Chassis,21.56,D,P2,Buyer Beta,Fasteners,1351.38,3432,17,3415,4614962.7,5765620.11,3.85,Monthly,healthy,840.15,1044.72,962.3,830.81,1019.79,809.8,4219,3377.97,2526.44,1903.13,1077.28,527.22,5.02,3.23,2.63,2.29,1.06,0.65
Commercial-Vehicle,04C-186-939-A,OIL FILTER HOUSING,4009,4009,"SAMI,OAKANDMALL PRIVATE LIMITED",1500,2482,75,0,1.65,Amber,19739.62,1005,730,4,0,62,Engine,14.47,A,B1,Buyer Alpha,Fasteners,2343.41,1735,62,1673,3920524.93,5081763.93,1.12,Weekly,healthy,1294.98,1478.74,1520.64,1502.99,1540.35,1280.61,2482,1256.65,0.0,0.0,0.0,0.0,1.92,0.85,0.0,0.0,0.0,0.0
EV-Program,06A-276-129-C,BRAKE BRACKET,4056,4056,BHATTLLC PRIVATE LIMITED,1498,3491,149,0,2.33,Green,17934.35,1429,1359,1,3,25,Braking,22.28,B,P3,Buyer Gamma,Rubber,6762.59,2788,25,2763,18685036.17,24162427.69,1.84,Daily,healthy,1788.13,1603.33,1322.82,1618.95,1559.29,1619.12,3491,2272.94,1083.95,0.0,0.0,0.0,1.95,1.42,0.82,0.0,0.0,0.0
Commercial-Vehicle,15D-902-314-B,INTAKE MANIFOLD,4026,4026,BHATTI-KAKAR PRIVATE LIMITED,1452,17387,181,0,11.97,Gray,17724.76,9352,6754,3,3,47,Engine,12.47,B,P2,Buyer Epsilon,Metals,6435.03,16106,47,16059,103340146.77,103627357.91,11.06,Monthly,excess,1381.5,1669.6,1411.05,1699.11,1688.36,1458.14,17387,16250.44,15252.13,13896.85,12325.64,10986.68,12.59,9.73,10.81,8.18,7.3,7.53
India2.0,06A-838-220-B,TRANSMISSION COVER,4050,4050,DAVELTD PRIVATE LIMITED,372,85,48,239,0.23,Red,3897.38,34,33,4,1,36,Transmission,14.76,C,P1,Buyer Alpha,Metals,10787.3,67,36,31,334406.3,914565.54,0.08,Monthly,critical,344.68,356.68,329.93,381.56,318.54,430.32,85,0.0,0.0,0.0,0.0,0.0,0.25,0.0,0.0,0.0,0.0,0.0
EV-Program,15D-878-553-B,BODY BRACKET,4074,4074,CHANDERANDSONS PRIVATE LIMITED,1475,5096,185,0,3.45,Green,19941.08,2957,1960,4,3,19,Body,22.11,A,P3,Buyer Epsilon,Fasteners,7939.59,4917,19,4898,38888111.82,37626728.73,3.32,Monthly,healthy,1382.71,1470.84,1292.73,1473.82,1446.47,1638.02,5096,3982.6,2855.67,1564.03,369.28,0.0,3.69,2.71,2.21,1.06,0.26,0.0
Commercial-Vehicle,12B-463-566-B,TRANSMISSION COVER,4078,4078,RAMAKRISHNANLLC PRIVATE LIMITED,81,344,3,0,4.25,Green,1115.57,156,62,1,3,95,Transmission,18.36,C,B2,Buyer Epsilon,Fasteners,10393.86,218,95,123,1278444.78,3543422.0,1.52,Weekly,healthy,86.85,79.58,79.54,72.2,92.77,93.49,344,300.67,380.83,459.51,486.7,528.83,3.96,3.78,4.79,6.36,5.25,5.66
EV-Program,06A-183-570-A,CHASSIS BRACKET,4077,4077,GALAGROUP PRIVATE LIMITED,4269,2929,64,1276,0.69,Red,43360.01,1668,740,8,0,40,Chassis,1.76,B,P1,Buyer Gamma,Fasteners,5905.7,2408,40,2368,13984697.6,15393866.08,0.55,Monthly,demand_spike,4608.3,6624.77,6058.46,6001.12,5808.42,6552.42,2929,0.0,0.0,0.0,0.0,0.0,0.64,0.0,0.0,0.0,0.0,0.0
EV-Program,08K-330-891-B,BRAKE PAD,4075,4075,RAYGROUP PRIVATE LIMITED,2100,3260,84,0,1.55,Amber,29258.74,1467,1101,1,2,75,Braking,15.65,D,P3,Buyer Delta,Plastics,6322.44,2568,75,2493,15761842.92,22571080.8,1.19,Monthly,healthy,2077.79,1825.54,2151.15,2224.86,2396.91,2091.81,3260,1707.33,0.0,0.0,0.0,0.0,1.57,0.94,0.0,0.0,0.0,0.0
India3.0,04C-481-995-C,BRAKE PAD,4037,4037,APTE-CONTRACTOR PRIVATE LIMITED,1646,1051,900,0,0.64,Red,21427.48,629,256,3,6,37,Braking,11.28,A,B1,Buyer Epsilon,Metals,5876.37,885,37,848,4983161.76,5724161.06,0.52,Monthly,low_coverage,1642.5,1960.2,1459.23,1954.43,1690.29,1782.05,1051,0.0,0.0,0.0,0.0,0.0,0.64,0.0,0.0,0.0,0.0,0.0
India3.0,08K-192-594-B,FUEL PIPE,4016,4016,"BOASE,BATHANDKARI PRIVATE LIMITED",49,45,39,0,0.92,Red,602.16,22,7,3,1,91,Fuel System,7.04,C,P3,Buyer Gamma,Casting,3242.45,29,91,0,0.0,146598.19,0.0,Daily,low_coverage,52.08,58.41,45.81,52.76,44.92,56.54,45,19.0,122.28,90.28,80.08,149.71,0.86,0.33,2.67,1.71,1.78,2.65
EV-Program,06A-507-365-C,WIRING HARNESS,4032,4032,UPADHYAYGROUP PRIVATE LIMITED,1413,2490,203,0,1.76,Amber,19712.28,1361,626,2,6,45,Electrical,20.2,D,N2,Buyer Delta,Fasteners,4395.56,1987,45,1942,8536177.52,9380385.69,1.37,Weekly,in_transit,1298.18,1454.52,1398.68,1664.56,1289.75,1232.85,2490,1269.12,327.44,0.0,0.0,0.0,1.92,0.87,0.23,0.0,0.0,0.0
India3.0,06A-566-187-P,BRAKE CALIPER,4013,4013,"LALLA,BASSIANDSHARAF PRIVATE LIMITED",871,2248,87,0,2.58,Green,9231.57,972,665,2,7,281,Braking,7.55,A,B2,Buyer Beta,Machining,3206.31,1637,281,1356,4347756.36,7607983.38,1.56,Weekly,in_transit,836.79,747.82,800.2,994.43,1026.37,934.53,2248,1750.9,1099.5,380.74,0.0,0.0,2.69,2.34,1.37,0.38,0.0,0.0
Passenger-Vehicle,06A-825-400-P,DOOR PANEL,4067,4067,,1953,7939,287,0,4.07,Green,20295.65,3641,3036,1,0,82,Body,12.82,B,P1,Buyer Alpha,Machining,8547.45,6677,82,6595,56370432.75,59614753.88,3.38,Daily,healthy,1921.98,2047.31,2110.38,1746.91,1751.71,1994.71,7939,6065.57,4151.09,2642.5,1178.8,0.0,4.13,2.96,1.97,1.51,0.67,0.0
India3.0,08K-542-271-C,BONNET ASSEMBLY,4069,4069,HANDAANDSONS PRIVATE LIMITED,887,4412,43,0,4.97,Green,9821.76,2299,1206,0,3,53,Body,3.52,C,P3,Buyer Alpha,Forging,10940.61,3505,53,3452,37766985.72,46821596.94,3.89,Monthly,healthy,965.67,756.39,783.41,827.57,929.35,866.14,4412,3748.43,3171.33,2437.95,1736.11,1163.68,4.57,4.96,4.05,2.95,1.87,1.34
India3.0,06A-241-358-A,ENGINE MOUNT,4074,4074,CHANDERANDSONS PRIVATE LIMITED,1111,4252,23,0,3.83,Green,14469.86,2166,1286,3,1,70,Engine,5.08,B,N1,Buyer Epsilon,Metals,9528.75,3452,70,3382,32226232.5,36543971.17,3.04,Daily,healthy,1152.84,1055.34,1099.96,945.87,1194.71,1285.82,4252,3340.07,2535.87,1774.75,782.71,0.0,3.69,3.16,2.31,1.88,0.66,0.0
EV-Program,08K-955-375-A,CROSS MEMBER,4033,4033,BATTAINC PRIVATE LIMITED,1422,6780,199,0,4.77,Green,16979.48,3079,1029,4,3,35,Chassis,18.2,A,N2,Buyer Epsilon,Casting,11990.54,4108,35,4073,48837469.42,75397787.24,2.86,Weekly,healthy,1349.57,1419.85,1247.5,1357.78,1552.81,1316.66,6780,5706.86,4813.89,3645.04,2498.58,1352.49,5.02,4.02,3.86,2.68,1.61,1.03
Commercial-Vehicle,04C-456-276-A,INTAKE MANIFOLD,4071,4071,MALLICKGROUP PRIVATE LIMITED,2492,414,540,1538,0.17,Red,29845.19,227,64,2,6,95,Engine,8.14,D,N2,Buyer Beta,Plastics,5416.82,291,95,196,1061696.72,2194081.12,0.08,Monthly,critical,2273.39,2118.66,2281.48,2505.06,2596.12,2569.99,414,0.0,0.0,0.0,0.0,0.0,0.18,0.0,0.0,0.0,0.0,0.0
India2.0,06A-422-188-P,INTAKE MANIFOLD,4066,4066,ROY-SIBAL PRIVATE LIMITED,1961,8800,256,0,4.49,Green,23645.1,4611,1604,1,0,21,Engine,19.9,B,P2,Buyer Delta,Electronics,7710.76,6215,21,6194,47760447.44,61278265.57,3.16,Weekly,healthy,1745.79,2216.98,1801.05,2003.93,2167.72,1756.56,8800,7021.54,5581.18,4049.15,2305.87,764.99,5.04,3.17,3.1,2.02,1.06,0.44
India2.0,15D-622-675-B,FUEL FILTER,4074,4074,CHANDERANDSONS PRIVATE LIMITED,0,269,0,0,,Gray,0.0,169,51,4,2,88,Fuel System,4.13,A,N2,Buyer Gamma,Metals,9945.85,220,88,132,1312852.2,2908095.63,,Weekly,zero_demand,0.0,0.0,0.0,0.0,0.0,0.0,269,388.0,447.0,572.0,669.0,766.0,,,,,,
Commercial-Vehicle,15D-385-633-A,CLUTCH PLATE,4024,4024,"NAIR,BHALLAANDKARNIK PRIVATE LIMITED",2109,5992,23,0,2.84,Green,21271.68,3834,1332,4,3,74,Transmission,19.03,B,N2,Buyer Delta,Machining,5023.1,5166,74,5092,25577625.2,28117870.29,2.41,Monthly,healthy,1873.55,1873.83,1965.9,2324.61,2307.06,2349.83,5992,4136.73,2644.98,789.34,0.0,0.0,3.2,2.21,1.35,0.34,0.0,0.0
India3.0,08K-111-446-P,FUEL RAIL,4010,4010,KALELLC PRIVATE LIMITED,774,3144,72,0,4.06,Green,9875.88,1857,535,2,2,86,Fuel System,8.08,D,N1,Buyer Beta,Metals,9721.06,2392,86,2306,22416764.36,31310512.51,2.98,Monthly,healthy,776.91,792.45,820.49,720.8,878.62,688.89,3144,2562.85,1942.36,1469.76,650.5,18.07,4.05,3.23,2.37,2.04,0.74,0.03
India2.0,04C-680-659-P,DASHBOARD PANEL,4029,4029,DEWAN-KOSHY PRIVATE LIMITED,251,141,87,23,0.56,Red,2815.12,75,42,2,6,14,Interior,20.66,A,N1,Buyer Beta,Electronics,4529.58,117,14,103,466546.74,714249.67,0.41,Daily,low_coverage,268.17,247.3,223.68,270.82,223.89,282.67,141,0.0,0.0,0.0,0.0,0.0,0.53,0.0,0.0,0.0,0.0,0.0
EV-Program,15D-379-150-P,CONSOLE COVER,4035,4035,BHATT-RAJAN PRIVATE LIMITED,1594,3872,235,0,2.43,Green,19565.12,2100,1052,2,0,10,Interior,21.97,A,P1,Buyer Delta,Casting,4194.09,3152,10,3142,13177830.78,16989420.99,1.97,Weekly,healthy,1539.2,1907.7,1513.9,1666.24,1505.38,1652.73,3872,2243.97,1166.3,0.0,0.0,0.0,2.52,1.18,0.77,0.0,0.0,0.0
Commercial-Vehicle,15D-484-478-P,SHOCK ABSORBER,4070,4070,"SEN,DEYANDSAMI PRIVATE LIMITED",2214,4779,97,0,2.16,Green,22899.49,2230,1176,3,1,75,Suspension,20.13,C,N2,Buyer Beta,Plastics,8430.17,3406,75,3331,28080896.27,34452603.12,1.5,Monthly,healthy,2591.33,2430.23,2142.86,1902.88,1897.85,2228.6,4779,2684.78,784.06,0.0,0.0,0.0,1.84,1.1,0.37,0.0,0.0,0.0
Commercial-Vehicle,06A-280-160-P,WATER PUMP,4043,4043,"ISSAC,DUAANDPRAKASH PRIVATE LIMITED",2063,5055,182,0,2.45,Green,26512.0,1898,1218,1,1,76,Cooling,11.66,B,P1,Buyer Delta,Metals,3500.07,3116,76,3040,10640212.8,19509397.67,1.47,Weekly,healthy,2067.37,1993.46,1938.22,1830.08,2127.0,1758.77,5055,3181.16,1633.52,298.35,0.0,0.0,2.45,1.6,0.84,0.16,0.0,0.0
Commercial-Vehicle,08K-608-194-A,COOLING FAN,4017,4017,BUCH-KAUL PRIVATE LIMITED,727,3425,69,0,4.71,Green,7601.43,1368,890,4,0,83,Cooling,6.49,C,N2,Buyer Gamma,Fasteners,3951.65,2258,83,2175,8594838.75,13203989.19,2.99,Monthly,healthy,842.55,756.76,836.69,716.94,633.5,822.65,3425,2900.32,2274.74,1663.12,1085.24,510.26,4.07,3.83,2.72,2.32,1.71,0.62
Commercial-Vehicle,12B-499-860-C,CROSS MEMBER,4012,4012,PARMERLLC PRIVATE LIMITED,281,149,216,0,0.53,Red,2884.99,67,57,5,1,3,Chassis,8.98,B,B2,Buyer Gamma,Forging,3081.02,124,3,121,372803.42,431624.01,0.43,Daily,low_coverage,323.04,302.7,320.31,293.11,319.17,316.96,149,0.0,0.0,0.0,0.0,0.0,0.46,0.0,0.0,0.0,0.0,0.0
India3.0,06A-977-721-A,ENGINE MOUNT,4031,4031,"RASTOGI,PATHAKANDKANDA PRIVATE LIMITED",1333,4769,2,0,3.58,Green,15486.17,1815,871,2,0,100,Engine,4.59,D,P1,Buyer Alpha,Fasteners,5790.56,2686,100,2586,14974388.16,26527991.01,1.94,Monthly,healthy,1160.29,1389.96,1152.93,1475.93,1398.43,1188.93,4769,3658.18,2670.64,1571.68,293.12,0.0,4.11,2.63,2.32,1.06,0.21,0.0
Commercial-Vehicle,08K-117-899-C,FUEL PIPE,4023,4023,MADAN-KANDA PRIVATE LIMITED,1426,2475,52,0,1.74,Amber,14985.4,1115,862,3,4,51,Fuel System,13.66,C,P2,Buyer Beta,Metals,4055.82,1977,51,1926,7811509.32,11356432.07,1.35,Daily,in_transit,1623.9,1652.42,1275.99,1533.34,1294.99,1233.61,2475,1342.71,354.2,0.0,0.0,0.0,1.52,0.81,0.28,0.0,0.0,0.0
India3.0,06A-264-198-C,FRAME SUPPORT,4052,4052,"SAMPATH,KAKARANDZACHARIA PRIVATE LIMITED",2097,9385,90,0,4.48,Green,28946.34,3829,1657,4,2,58,Chassis,17.85,A,N1,Buyer Alpha,Metals,2670.26,5486,58,5428,14494171.28,25128470.67,2.59,Monthly,healthy,2180.93,1956.25,1893.03,2087.01,2125.07,1924.91,9385,7876.61,6443.74,4821.65,3292.31,1566.35,4.3,4.03,3.4,2.31,1.55,0.81
India3.0,08K-306-520-C,WIRING HARNESS,4011,4011,CHANDAGROUP PRIVATE LIMITED,1389,3361,207,0,2.42,Green,18464.65,1277,591,0,6,69,Electrical,2.65,A,B1,Buyer Beta,Plastics,4061.16,1868,69,1799,7306026.84,13838508.71,1.3,Daily,in_transit,1648.65,1321.81,1408.73,1310.04,1486.68,1538.88,3361,2106.15,875.38,0.0,0.0,0.0,2.04,1.59,0.62,0.0,0.0,0.0
India2.0,04C-424-236-A,SEAT BRACKET,4047,4047,KHATRI-BHARDWAJ PRIVATE LIMITED,1984,113,697,1174,0.06,Red,22860.66,41,20,3,1,26,Interior,18.82,A,B2,Buyer Epsilon,Rubber,8315.82,61,26,35,291053.7,881206.47,0.02,Monthly,critical,1810.19,2352.77,1902.44,2197.45,2322.55,2121.71,113,0.0,0.0,0.0,0.0,0.0,0.06,0.0,0.0,0.0,0.0,0.0
Passenger-Vehicle,15D-466-315-C,OIL FILTER HOUSING,4054,4054,"PRAKASH,SARMAANDVARUGHESE PRIVATE LIMITED",1777,3447,59,0,1.94,Amber,22942.46,1284,584,0,4,256,Engine,15.86,B,N1,Buyer Epsilon,Rubber,7581.43,1868,256,1612,12221265.16,27015594.72,0.91,Monthly,in_transit,1581.8,1986.85,2020.9,1704.09,2069.26,1952.08,3447,1773.97,175.35,0.0,0.0,0.0,2.18,0.89,0.09,0.0,0.0,0.0
EV-Program,15D-820-796-P,WIRING HARNESS,4077,4077,GALAGROUP PRIVATE LIMITED,1414,3018,68,0,2.13,Green,17130.92,1756,761,4,3,2,Electrical,10.21,C,B1,Buyer Delta,Metals,9479.27,2517,2,2515,23840364.05,31329986.88,1.78,Monthly,healthy,1553.7,1436.05,1307.48,1476.14,1318.71,1371.4,3018,1876.75,822.92,0.0,0.0,0.0,1.94,1.31,0.63,0.0,0.0,0.0
India2.0,08K-339-647-A,CONTROL MODULE,4019,4019,PATLA-GABA PRIVATE LIMITED,1111,4133,74,0,3.72,Green,12347.37,2097,1431,2,2,68,Electrical,10.14,C,B1,Buyer Delta,Metals,8161.17,3528,68,3460,28237648.2,32668430.62,3.11,Daily,healthy,1185.16,1065.04,1216.41,1124.57,980.53,1130.86,4133,3095.78,2223.61,1355.69,601.81,0.0,3.49,2.91,1.83,1.21,0.61,0.0
Passenger-Vehicle,04C-936-713-P,BONNET ASSEMBLY,4077,4077,GALAGROUP PRIVATE LIMITED,1101,5211,163,0,4.73,Green,15064.03,3130,1356,2,0,92,Body,19.6,B,N2,Buyer Beta,Metals,4428.35,4486,92,4394,19458169.9,25422035.68,3.99,Monthly,healthy,939.89,1116.42,959.08,1152.28,1034.24,955.45,5211,4250.46,3499.44,2619.75,1740.46,963.49,5.54,3.81,3.65,2.27,1.68,1.01
Commercial-Vehicle,08K-185-826-B,BONNET ASSEMBLY,4042,4042,"CHERIAN,MISRAANDTRIPATHI PRIVATE LIMITED",987,2528,82,0,2.56,Green,11211.24,1271,597,2,3,4,Body,15.1,C,P2,Buyer Alpha,Metals,7483.99,1868,4,1864,13950157.36,19967782.66,1.89,Weekly,healthy,930.54,1173.75,894.58,1158.83,945.96,1170.02,2528,1653.78,977.85,0.0,0.0,0.0,2.72,1.41,1.09,0.0,0.0,0.0
India3.0,06A-829-140-A,CONSOLE COVER,4050,4050,DAVELTD PRIVATE LIMITED,1019,9061,72,0,8.89,Gray,11549.93,4953,1675,0,1,11,Interior,23.87,C,P1,Buyer Delta,Machining,6547.36,6628,11,6617,43323881.12,66578658.03,6.49,Weekly,excess,1213.57,1096.92,901.86,1208.41,886.09,874.64,9061,8243.43,7562.25,6453.3,5720.59,4978.87,7.47,7.52,8.39,5.34,6.46,5.69
India2.0,04C-265-446-A,CONTROL ARM,4057,4057,KARPEPLC PRIVATE LIMITED,1674,3690,140,0,2.2,Green,17804.02,1787,609,1,3,48,Suspension,17.15,B,N1,Buyer Gamma,Machining,10454.68,2396,48,2348,24547588.64,43557496.17,1.4,Weekly,healthy,1813.25,2002.03,1614.92,1808.78,1769.3,1476.07,3690,2003.81,596.51,0.0,0.0,0.0,2.04,1.0,0.37,0.0,0.0,0.0
EV-Program,04C-257-496-B,CONTROL ARM,4029,4029,DEWAN-KOSHY PRIVATE LIMITED,1765,1554,890,0,0.88,Red,19757.0,668,301,1,2,26,Suspension,0.44,B,B1,Buyer Delta,Plastics,5727.82,969,26,943,5401334.26,7885035.82,0.53,Weekly,low_coverage,1882.98,1995.72,1611.78,1731.89,1562.53,2019.05,1554,0.0,0.0,0.0,0.0,0.0,0.83,0.0,0.0,0.0,0.0,0.0
Commercial-Vehicle,06A-768-555-P,CONTROL MODULE,4020,4020,PANT-KADAKIA PRIVATE LIMITED,0,296,0,0,,Gray,0.0,181,81,4,3,19,Electrical,15.99,D,P3,Buyer Beta,Plastics,3411.84,262,19,243,829077.12,1018515.54,,Daily,zero_demand,0.0,0.0,0.0,0.0,0.0,0.0,296,342.0,421.0,465.0,573.0,597.0,,,,,,
Commercial-Vehicle,04C-366-106-C,CROSS MEMBER,4007,4007,SENPLC PRIVATE LIMITED,1223,1854,113,0,1.52,Amber,15019.05,912,538,1,3,77,Chassis,20.39,C,B2,Buyer Alpha,Casting,9654.65,1450,77,1373,13255834.45,19751279.83,1.12,Monthly,healthy,1059.73,1197.69,1370.13,1409.51,1277.6,1310.5,1854,1014.7,69.63,0.0,0.0,0.0,1.75,0.85,0.05,0.0,0.0,0.0
EV-Program,06A-578-489-C,COOLING FAN,4079,4079,MANGAL-SAMPATH PRIVATE LIMITED,677,455,204,18,0.67,Red,8005.13,213,127,1,2,80,Cooling,7.03,D,P3,Buyer Beta,Fasteners,1640.26,340,80,260,426467.6,785343.08,0.38,Weekly,low_coverage,648.47,671.13,760.44,648.87,647.66,619.52,455,0.0,0.0,0.0,0.0,0.0,0.7,0.0,0.0,0.0,0.0,0.0
India3.0,06A-432-189-P,RADIATOR PIPE,4049,4049,"SUNDER,BISWASANDWALIA PRIVATE LIMITED",1825,24538,105,0,13.45,Gray,23242.25,10329,4098,0,2,48,Cooling,21.32,A,P2,Buyer Epsilon,Rubber,6687.5,14427,48,14379,96159562.5,187890389.13,7.88,Monthly,excess,1623.77,2065.52,2183.98,2129.67,1866.75,1752.14,24538,22893.29,21197.82,19670.92,18082.86,16558.25,15.11,11.08,9.71,9.24,9.69,9.45
India3.0,08K-976-898-C,TRANSMISSION COVER,4035,4035,BHATT-RAJAN PRIVATE LIMITED,296,175,21,100,0.59,Red,3066.26,95,61,3,2,5,Transmission,0.32,A,B1,Buyer Delta,Plastics,3267.53,156,5,151,493397.03,566228.02,0.51,Monthly,low_coverage,324.15,284.06,261.59,343.4,257.45,278.28,175,39.22,0.0,0.0,0.0,0.0,0.54,0.14,0.0,0.0,0.0,0.0
India2.0,15D-763-548-P,SENSOR ASSEMBLY,4060,4060,NARAYANANINC PRIVATE LIMITED,1506,2252,395,0,1.5,Amber,17528.16,973,718,5,6,20,Electrical,22.0,B,P2,Buyer Gamma,Forging,5405.43,1691,20,1671,9032473.53,12826516.85,1.11,Weekly,low_coverage,1312.12,1609.29,1714.37,1493.94,1766.01,1581.45,2252,1082.55,0.0,0.0,0.0,0.0,1.72,0.67,0.0,0.0,0.0,0.0
Commercial-Vehicle,15D-156-370-B,BODY BRACKET,4075,4075,RAYGROUP PRIVATE LIMITED,1494,2485,44,0,1.66,Amber,18343.79,1581,819,0,1,88,Body,8.22,C,P2,Buyer Delta,Electronics,10494.61,2400,88,2312,24263538.32,24687870.8,1.55,Weekly,healthy,1636.17,1293.91,1415.53,1505.59,1614.5,1593.03,2485,1546.79,193.84,0.0,0.0,0.0,1.52,1.2,0.14,0.0,0.0,0.0
India3.0,08K-939-649-A,INTAKE MANIFOLD,4056,4056,BHATTLLC PRIVATE LIMITED,2231,10093,127,0,4.52,Green,28409.18,3574,3119,1,0,1,Engine,17.95,B,P2,Buyer Beta,Fasteners,9252.49,6693,1,6692,61917663.08,96020933.32,3.0,Daily,healthy,2315.15,2272.5,2385.06,2054.5,2037.67,2297.72,10093,7973.52,6013.14,4197.15,2614.28,836.54,4.36,3.51,2.52,2.04,1.28,0.36
India2.0,15D-824-196-C,DOOR PANEL,4040,4040,SETTYINC PRIVATE LIMITED,1117,4683,100,0,4.19,Green,14966.28,1996,1338,4,0,27,Body,3.75,A,P2,Buyer Beta,Fasteners,893.99,3334,27,3307,2956424.93,4372677.65,2.96,Monthly,healthy,1055.41,1014.64,1217.55,1145.75,1244.35,1184.69,4683,3805.95,2879.48,1919.85,709.7,0.0,4.44,3.75,2.36,1.68,0.57,0.0
Passenger-Vehicle,06A-902-548-B,CHASSIS BRACKET,4023,4023,MADAN-KANDA PRIVATE LIMITED,1084,2981,77,0,2.75,Green,11955.89,1068,485,1,3,19,Chassis,3.71,A,B2,Buyer Alpha,Machining,4163.09,1553,19,1534,6386180.06,11532022.16,1.42,Monthly,healthy,1117.14,1179.89,1225.73,1266.11,997.52,1116.83,2981,2039.74,925.79,0.0,0.0,0.0,2.67,1.73,0.76,0.0,0.0,0.0
India2.0,08K-547-708-B,OIL FILTER HOUSING,4071,4071,MALLICKGROUP PRIVATE LIMITED,1882,9113,195,0,4.84,Green,22455.91,4779,2373,2,2,64,Engine,20.81,D,B2,Buyer Alpha,Electronics,5870.64,7152,64,7088,41611096.32,53282887.8,3.77,Weekly,healthy,1661.37,2083.8,1748.75,1930.06,2236.33,2076.18,9113,7365.45,5964.57,4426.34,2782.03,783.96,5.49,3.53,3.41,2.29,1.24,0.38
India2.0,04C-528-564-B,BRAKE PAD,4016,4016,"BOASE,BATHANDKARI PRIVATE LIMITED",199,738,4,0,3.71,Green,2212.77,293,159,0,2,73,Braking,6.58,A,B2,Buyer Delta,Metals,5558.55,452,73,379,2106690.45,3650348.89,1.9,Monthly,healthy,200.81,229.75,179.68,173.58,192.34,229.92,738,638.53,505.23,439.68,393.6,287.57,3.68,2.78,2.81,2.53,2.05,1.25
India2.0,06A-869-478-B,RADIATOR PIPE,4063,4063,"SOLANKI,KIBEANDSOLANKI PRIVATE LIMITED",2147,3183,107,0,1.48,Amber,23488.54,1323,1015,3,3,36,Cooling,2.73,B,N1,Buyer Beta,Metals,10758.48,2338,36,2302,24766020.96,29127506.52,1.07,Daily,low_coverage,2516.17,1993.54,2185.51,2356.12,2570.83,1866.11,3183,1763.71,0.0,0.0,0.0,0.0,1.27,0.88,0.0,0.0,0.0,0.0
India2.0,08K-539-950-C,SUSPENSION BRACKET,4048,4048,BRARINC PRIVATE LIMITED,138,1164,16,0,8.43,Gray,1726.08,652,339,4,3,13,Suspension,10.43,B,P1,Buyer Beta,Metals,9545.2,991,13,978,9335205.6,12740452.3,7.09,Weekly,excess,139.64,125.87,142.67,161.12,158.06,121.85,1164,1174.24,1081.05,1097.73,1110.53,1062.95,8.34,9.33,7.58,6.81,7.03,8.72
Commercial-Vehicle,08K-262-217-B,SHOCK ABSORBER,4009,4009,"SAMI,OAKANDMALL PRIVATE LIMITED",2383,1433,1329,0,0.6,Red,27450.47,856,425,7,2,32,Suspension,12.23,B,P2,Buyer Alpha,Metals,6562.11,1281,32,1249,8196075.39,8331505.67,0.52,Monthly,demand_spike,2318.35,3354.25,3556.02,4239.61,2965.99,3070.75,1433,0.0,0.0,0.0,0.0,0.0,0.62,0.0,0.0,0.0,0.0,0.0
EV-Program,15D-547-900-C,DASHBOARD PANEL,4029,4029,DEWAN-KOSHY PRIVATE LIMITED,1601,7240,138,0,4.52,Green,17026.23,4259,1880,3,2,56,Interior,10.73,C,B2,Buyer Delta,Electronics,4629.14,6139,56,6083,28159058.62,33164311.56,3.8,Monthly,healthy,1622.06,1646.03,1558.39,1894.66,1718.59,1704.77,7240,5898.27,4532.8,2760.72,1297.57,0.0,4.46,3.58,2.91,1.46,0.76,0.0
India2.0,15D-190-739-A,WIRING HARNESS,4073,4073,"CHAUDHARI,BEDIANDZACHARIAH PRIVATE LIMITED",2057,4475,9,0,2.18,Green,23249.35,1680,685,4,0,0,Electrical,15.66,B,P2,Buyer Delta,Forging,5784.24,2365,0,2365,13679727.6,22249972.93,1.15,Monthly,healthy,2360.15,1918.69,2347.28,1894.86,2170.94,1898.04,4475,2747.18,998.9,0.0,0.0,0.0,1.9,1.43,0.43,0.0,0.0,0.0
Commercial-Vehicle,12B-723-644-A,DASHBOARD PANEL,4048,4048,BRARINC PRIVATE LIMITED,1453,3621,72,0,2.49,Green,19831.6,2037,1300,1,3,56,Interior,11.37,A,B2,Buyer Epsilon,Electronics,8728.6,3337,56,3281,28638536.6,29616642.44,2.26,Weekly,healthy,1640.4,1605.73,1466.75,1518.85,1614.27,1581.39,3621,2251.16,1242.4,79.64,0.0,0.0,2.21,1.4,0.85,0.05,0.0,0.0
Passenger-Vehicle,06A-612-360-P,SUSPENSION BRACKET,4027,4027,"MURTY,KALAANDTATA PRIVATE LIMITED",6275,3277,4618,0,0.52,Red,63479.95,1320,559,2,0,22,Suspension,22.38,B,P3,Buyer Beta,Plastics,5928.4,1879,22,1857,11009038.8,17453676.93,0.3,Daily,demand_spike,6225.08,10804.63,7442.89,8389.41,8245.18,9265.14,3277,0.0,0.0,0.0,0.0,0.0,0.53,0.0,0.0,0.0,0.0,0.0
Passenger-Vehicle,04C-410-854-P,CONSOLE COVER,4032,4032,UPADHYAYGROUP PRIVATE LIMITED,2324,7885,256,0,3.39,Green,30322.81,3898,2400,0,2,19,Interior,14.93,D,N1,Buyer Epsilon,Metals,11763.88,6298,19,6279,73865402.52,97169359.79,2.7,Monthly,healthy,2326.01,2354.84,2765.64,2016.24,2260.35,2696.51,7885,6046.46,3701.3,2002.95,293.26,0.0,3.39,2.57,1.34,0.99,0.13,0.0
India3.0,06A-984-447-C,CONSOLE COVER,4042,4042,"CHERIAN,MISRAANDTRIPATHI PRIVATE LIMITED",648,2608,34,0,4.02,Green,9050.98,1530,610,3,1,44,Interior,16.5,C,P1,Buyer Beta,Electronics,74.26,2140,44,2096,155648.96,217294.21,3.23,Weekly,healthy,610.31,642.23,694.55,708.2,561.46,675.27,2608,2167.76,1542.25,1026.45,584.53,79.58,4.27,3.38,2.22,1.45,1.04,0.12
India2.0,15D-811-692-P,CONTROL ARM,4032,4032,UPADHYAYGROUP PRIVATE LIMITED,1417,472,972,0,0.33,Red,15126.43,296,144,5,2,36,Suspension,5.29,B,P2,Buyer Epsilon,Metals,7958.59,440,36,404,3215270.36,3471647.52,0.29,Weekly,demand_spike,1211.08,1915.7,2049.04,2124.87,1616.61,1727.93,472,0.0,0.0,0.0,0.0,0.0,0.39,0.0,0.0,0.0,0.0,0.0
India3.0,06A-957-707-A,COOLING FAN,4036,4036,SIDHU-WADHWA PRIVATE LIMITED,910,747,649,0,0.82,Red,11530.93,267,246,6,5,38,Cooling,22.58,A,B1,Buyer Delta,Forging,4823.57,513,38,475,2291195.75,3706000.33,0.52,Monthly,low_coverage,1064.25,895.27,1011.57,796.09,830.7,1040.11,747,154.22,0.0,0.0,0.0,0.0,0.7,0.17,0.0,0.0,0.0,0.0
India2.0,06A-531-443-P,WATER PUMP,4025,4025,MUTTIGROUP PRIVATE LIMITED,1013,4126,89,0,4.07,Green,12313.56,1451,1594,3,3,4,Cooling,13.43,D,P3,Buyer Gamma,Casting,11110.33,3045,4,3041,33786513.53,50607782.04,3.0,Daily,healthy,942.19,898.25,889.55,1173.08,976.85,1128.91,4126,3417.2,2730.34,1907.74,1145.02,328.51,4.38,3.8,3.07,1.63,1.17,0.29
Commercial-Vehicle,04C-506-140-B,FUEL FILTER,4076,4076,KALA-RATTAN PRIVATE LIMITED,1973,2897,1047,0,1.47,Amber,26352.45,1461,465,7,7,91,Fuel System,8.55,B,P3,Buyer Epsilon,Casting,11931.67,1926,91,1835,21894614.45,33577406.92,0.93,Weekly,low_coverage,1730.95,2338.35,1984.61,1811.11,2119.31,1879.64,2897,760.24,0.0,0.0,0.0,0.0,1.67,0.33,0.0,0.0,0.0,0.0
India2.0,12B-802-511-B,CONSOLE COVER,4030,4030,"YOHANNAN,LALLANDSANGHA PRIVATE LIMITED",3787,1047,2973,0,0.28,Red,50357.31,514,170,7,1,46,Interior,19.5,B,P2,Buyer Delta,Casting,8484.08,684,46,638,5412843.04,7775436.78,0.17,Weekly,demand_spike,4070.47,5533.05,5476.6,5775.79,5006.73,5640.82,1047,0.0,0.0,0.0,0.0,0.0,0.26,0.0,0.0,0.0,0.0,0.0
Passenger-Vehicle,04C-100-140-P,BRAKE CALIPER,4027,4027,"MURTY,KALAANDTATA PRIVATE LIMITED",845,652,232,0,0.77,Red,10660.28,355,156,5,4,74,Braking,22.41,D,N1,Buyer Delta,Metals,8719.21,511,74,437,3810294.77,5319315.09,0.52,Weekly,low_coverage,814.28,766.93,938.69,845.32,866.12,728.59,652,0.0,0.0,0.0,0.0,0.0,0.8,0.0,0.0,0.0,0.0,0.0
Commercial-Vehicle,04C-706-575-C,BRAKE BRACKET,4002,4002,KAPOORANDSONS PRIVATE LIMITED,2114,2108,631,0,1,Amber,27009.09,1340,682,2,3,50,Braking,9.92,A,N1,Buyer Beta,Forging,9906.95,2022,50,1972,19536505.4,22626559.17,0.93,Daily,low_coverage,2052.67,2338.72,2059.17,1895.39,2064.41,2134.67,2108,0.0,0.0,0.0,0.0,0.0,1.03,0.0,0.0,0.0,0.0,0.0
EV-Program,15D-610-486-A,SHOCK ABSORBER,4025,4025,MUTTIGROUP PRIVATE LIMITED,121,464,15,0,3.83,Green,1637.23,226,176,0,3,14,Suspension,20.94,C,P1,Buyer Alpha,Rubber,1348.46,402,14,388,523202.48,586958.97,3.21,Weekly,healthy,119.63,115.39,114.09,103.25,106.88,112.28,464,457.33,450.42,409.85,378.16,326.9,3.88,3.96,3.95,3.97,3.54,2.91
India3.0,04C-773-714-P,CROSS MEMBER,4014,4014,"DASH,RADHAKRISHNANANDBRAR PRIVATE LIMITED",1575,6402,104,0,4.06,Green,20126.78,4005,1263,4,1,87,Chassis,23.12,C,P2,Buyer Gamma,Rubber,3391.16,5268,87,5181,17569599.96,23130894.76,3.29,Weekly,healthy,1710.28,1864.25,1555.46,1498.54,1457.52,1700.11,6402,5077.92,3983.35,2730.53,1597.27,0.0,3.74,2.72,2.56,1.82,1.1,0.0
India2.0,08K-234-168-A,SHOCK ABSORBER,4047,4047,KHATRI-BHARDWAJ PRIVATE LIMITED,50,175,5,0,3.5,Green,554.32,102,53,3,2,7,Suspension,20.13,A,P1,Buyer Gamma,Machining,1044.43,155,7,148,154575.64,171258.68,2.96,Monthly,healthy,46.98,52.78,45.09,44.89,51.33,53.55,175,214.09,170.79,181.94,134.89,202.75,3.72,4.06,3.79,4.05,2.63,3.79
Passenger-Vehicle,06A-814-988-C,FUEL FILTER,4078,4078,RAMAKRISHNANLLC PRIVATE LIMITED,610,366,269,0,0.6,Red,6793.97,147,116,7,5,40,Fuel System,20.9,D,P1,Buyer Delta,Forging,1007.1,263,40,223,224583.3,349927.21,0.37,Monthly,low_coverage,611.04,600.43,650.3,690.76,616.71,624.8,366,0.0,0.0,0.0,0.0,0.0,0.6,0.0,0.0,0.0,0.0,0.0
India3.0,15D-339-259-C,BRAKE CALIPER,4064,4064,GUPTA-CHANDRA PRIVATE LIMITED,1004,3348,48,0,3.33,Green,13843.11,1254,1235,4,2,85,Braking,21.67,C,P1,Buyer Delta,Rubber,4039.65,2489,85,2404,9711318.6,14075249.57,2.39,Weekly,healthy,872.51,861.55,1098.57,990.7,1161.81,1045.32,3348,2685.89,1787.26,992.77,70.29,0.0,3.84,3.12,1.63,1.0,0.06,0.0
India3.0,06A-136-472-P,BRAKE BRACKET,4027,4027,"MURTY,KALAANDTATA PRIVATE LIMITED",580,527,438,0,0.91,Red,5806.59,251,126,5,5,52,Braking,13.53,B,B2,Buyer Gamma,Plastics,10748.74,377,52,325,3493340.5,6138284.83,0.56,Monthly,low_coverage,499.07,654.17,675.53,634.11,593.48,633.5,527,0.0,0.0,0.0,0.0,0.0,1.06,0.0,0.0,0.0,0.0,0.0
India3.0,12B-944-551-B,SUSPENSION BRACKET,4053,4053,"IYER,MUNIANDRASTOGI PRIVATE LIMITED",244,112,103,29,0.46,Red,2931.73,56,25,7,6,47,Suspension,7.06,B,B2,Buyer Beta,Metals,8759.58,81,47,34,297825.72,881815.57,0.14,Weekly,critical,223.2,240.72,238.67,234.02,249.61,258.9,112,0.0,0.0,0.0,0.0,0.0,0.5,0.0,0.0,0.0,0.0,0.0
India3.0,06A-848-578-A,WATER PUMP,4008,4008,,1475,1779,209,0,1.21,Amber,20505.57,719,276,8,5,9,Cooling,7.51,D,N1,Buyer Delta,Rubber,2129.29,995,9,986,2099479.94,4260266.16,0.67,Daily,low_coverage,1368.57,1708.66,1315.81,1558.13,1447.35,1728.64,1779,361.54,0.0,0.0,0.0,0.0,1.3,0.21,0.0,0.0,0.0,0.0
Passenger-Vehicle,06A-518-644-C,COOLING FAN,4041,4041,"LALL,TELLAANDGOKHALE PRIVATE LIMITED",0,232,1,0,,Gray,0.0,140,87,2,3,80,Cooling,2.95,A,N1,Buyer Gamma,Plastics,6130.98,227,80,147,901254.06,1459417.2,,Weekly,zero_demand,0.0,0.0,0.0,0.0,0.0,0.0,232,288.0,413.0,548.0,627.0,772.0,,,,,,
EV-Program,12B-272-763-B,RADIATOR PIPE,4011,4011,CHANDAGROUP PRIVATE LIMITED,1441,3942,205,0,2.74,Green,14968.4,2044,986,3,0,38,Cooling,1.6,A,P3,Buyer Alpha,Metals,11374.16,3030,38,2992,34031486.72,48269933.0,2.08,Weekly,healthy,1665.12,1268.42,1257.2,1445.95,1680.72,1669.79,3942,2821.75,1984.25,970.22,0.0,0.0,2.37,2.22,1.58,0.67,0.0,0.0
India3.0,06A-931-136-A,CONTROL ARM,4062,4062,ZACHARIAANDSONS PRIVATE LIMITED,63,148,2,0,2.35,Green,845.3,84,50,4,1,100,Suspension,12.77,A,P3,Buyer Delta,Forging,4145.83,134,100,34,140958.22,632843.84,0.54,Daily,healthy,73.07,55.39,68.24,54.26,70.79,61.61,148,129.29,101.16,170.4,230.08,201.06,2.03,2.33,1.48,3.14,3.25,3.26
India3.0,08K-399-553-P,TRANSMISSION COVER,4057,4057,KARPEPLC PRIVATE LIMITED,342,1286,17,0,3.76,Green,4569.71,755,361,3,0,26,Transmission,14.55,B,P3,Buyer Alpha,Rubber,8856.13,1116,26,1090,9653181.7,11000440.44,3.19,Weekly,healthy,397.03,292.63,349.94,332.57,401.07,303.78,1286,1198.65,907.0,677.82,388.76,176.83,3.24,4.1,2.59,2.04,0.97,0.58
Passenger-Vehicle,08K-437-648-B,INTAKE MANIFOLD,4044,4044,ZACHARIAPLC PRIVATE LIMITED,45,202,2,0,4.49,Green,585.22,112,62,3,3,14,Engine,4.5,B,N1,Buyer Delta,Machining,5416.95,174,14,160,866712.0,1018728.7,3.56,Monthly,healthy,44.69,41.23,52.5,46.96,51.33,50.29,202,253.03,273.28,356.96,420.44,460.03,4.52,6.14,5.21,7.6,8.19,9.15
EV-Program,06A-954-843-C,INTAKE MANIFOLD,4017,4017,BUCH-KAUL PRIVATE LIMITED,242,730,31,0,3.02,Green,2542.45,420,242,1,1,57,Engine,0.58,C,P2,Buyer Gamma,Fasteners,5105.75,662,57,605,3088978.75,3485367.64,2.5,Monthly,healthy,282.12,285.22,208.94,259.97,277.76,206.96,730,615.3,511.61,313.39,86.96,0.0,2.59,2.16,2.45,1.21,0.31,0.0
Passenger-Vehicle,08K-603-995-P,CHASSIS BRACKET,4035,4035,BHATT-RAJAN PRIVATE LIMITED,958,2236,53,0,2.33,Green,12217.73,1438,886,4,1,58,Chassis,23.2,A,P3,Buyer Epsilon,Fasteners,5543.97,2324,58,2266,12562636.02,12096567.56,2.37,Monthly,healthy,1021.75,1136.97,869.92,927.18,964.27,1028.79,2236,1247.49,455.79,0.0,0.0,0.0,2.19,1.1,0.52,0.0,0.0,0.0
India3.0,04C-421-779-C,FUEL PIPE,4043,4043,"ISSAC,DUAANDPRAKASH PRIVATE LIMITED",767,3430,113,0,4.47,Green,9592.41,1235,776,1,0,92,Fuel System,13.62,D,N1,Buyer Delta,Forging,9471.59,2011,92,1919,18175981.21,33792532.87,2.5,Monthly,healthy,709.61,687.62,702.35,780.42,752.06,748.3,3430,2766.54,2259.75,1710.3,1054.83,500.45,4.83,4.02,3.22,2.19,1.4,0.67
India2.0,15D-762-656-C,DOOR PANEL,4053,4053,"IYER,MUNIANDRASTOGI PRIVATE LIMITED",2099,7724,155,0,3.68,Green,26164.73,3959,2848,4,8,296,Body,10.0,D,N1,Buyer Beta,Rubber,4528.05,6807,296,6511,29482133.55,38668131.53,3.1,Weekly,in_transit,1868.06,2256.73,2317.32,2222.35,2145.31,2424.54,7724,5936.79,4096.34,2200.89,501.83,0.0,4.13,2.63,1.77,0.99,0.23,0.0
Passenger-Vehicle,04C-569-465-A,CONTROL MODULE,4066,4066,ROY-SIBAL PRIVATE LIMITED,2490,6690,57,0,2.69,Green,28676.06,3257,2268,1,8,152,Electrical,2.62,B,P3,Buyer Gamma,Machining,1017.3,5525,152,5373,5465952.9,7167860.03,2.16,Daily,in_transit,2342.35,2178.08,2886.77,2440.04,2462.26,2925.45,6690,4755.12,2018.06,149.17,0.0,0.0,2.86,2.18,0.7,0.06,0.0,0.0
India2.0,08K-491-597-C,SUSPENSION BRACKET,4028,4028,SHANKER-DHAR PRIVATE LIMITED,2480,11061,55,0,4.46,Green,28119.79,6210,4106,4,1,19,Suspension,18.33,B,N2,Buyer Epsilon,Electronics,3929.46,10316,19,10297,40461649.62,47973748.15,4.15,Weekly,healthy,2623.53,2530.66,2478.55,2689.56,2345.1,2307.76,11061,9285.01,7266.11,4999.97,2759.5,563.16,4.22,3.67,2.93,1.86,1.18,0.24
India2.0,04C-513-731-B,CONTROL MODULE,4079,4079,MANGAL-SAMPATH PRIVATE LIMITED,1192,2721,121,0,2.28,Green,16476.73,1452,761,2,1,81,Electrical,20.94,B,N1,Buyer Epsilon,Fasteners,7725.66,2213,81,2132,16471107.12,19285293.15,1.79,Monthly,healthy,1330.5,1176.24,1199.97,1338.05,1361.04,1067.92,2721,1751.95,839.8,0.0,0.0,0.0,2.05,1.49,0.7,0.0,0.0,0.0
EV-Program,08K-183-271-A,TRANSMISSION COVER,4065,4065,SANKARLLC PRIVATE LIMITED,1932,351,467,1114,0.18,Red,24884.79,159,76,8,1,34,Transmission,17.02,B,B1,Buyer Delta,Plastics,8250.79,235,34,201,1658408.79,2963503.13,0.1,Monthly,critical,2036.4,2038.33,2070.15,2214.61,1756.26,1738.13,351,0.0,0.0,0.0,0.0,0.0,0.17,0.0,0.0,0.0,0.0,0.0
India2.0,04C-666-545-C,CLUTCH PLATE,4007,4007,SENPLC PRIVATE LIMITED,1435,12175,22,0,8.48,Gray,17544.68,5398,4469,0,0,4,Transmission,21.03,C,B1,Buyer Beta,Casting,5456.56,9867,4,9863,53818051.28,74980880.51,6.87,Monthly,excess,1347.93,1600.37,1492.01,1508.5,1672.32,1270.08,12175,10657.06,9549.23,8234.32,6870.7,5942.79,9.03,6.66,6.4,5.46,4.11,4.68
EV-Program,15D-758-309-C,FUEL PIPE,4077,4077,GALAGROUP PRIVATE LIMITED,892,3432,99,0,3.85,Green,9886.43,2078,1002,4,1,20,Fuel System,17.68,B,N1,Buyer Beta,Rubber,3893.48,3080,20,3060,11914048.8,13365834.37,3.43,Weekly,healthy,1010.57,909.69,926.08,1059.8,781.88,832.46,3432,2554.14,1746.36,771.51,188.75,0.0,3.4,2.81,1.89,0.73,0.24,0.0
EV-Program,12B-839-145-P,CONTROL MODULE,4051,4051,GANDHI-LANKA PRIVATE LIMITED,879,1659,121,0,1.89,Amber,8993.15,1026,428,2,0,60,Electrical,20.17,C,N2,Buyer Delta,Fasteners,4603.38,1454,60,1394,6417111.72,8410067.9,1.59,Weekly,healthy,903.1,862.13,1043.69,922.12,829.27,905.42,1659,1073.24,110.79,0.0,0.0,0.0,1.84,1.24,0.11,0.0,0.0,0.0
Commercial-Vehicle,15D-304-560-P,BRAKE BRACKET,4078,4078,RAMAKRISHNANLLC PRIVATE LIMITED,581,1787,43,0,3.08,Green,7666.58,747,442,4,0,26,Braking,5.54,A,N1,Buyer Alpha,Machining,3710.67,1189,26,1163,4315509.21,5787157.17,2.0,Weekly,healthy,618.27,519.45,653.41,694.01,672.59,694.0,1787,1365.41,825.18,306.95,0.0,0.0,2.89,2.63,1.26,0.44,0.0,0.0
India3.0,12B-708-867-A,BRAKE CALIPER,4070,4070,"SEN,DEYANDSAMI PRIVATE LIMITED",1186,5028,176,0,4.24,Green,12555.41,2216,1229,2,2,52,Braking,7.63,D,N2,Buyer Beta,Fasteners,11474.12,3445,52,3393,38931689.16,56551372.84,2.86,Monthly,healthy,1099.87,1320.82,1285.1,1338.64,1095.6,1409.95,5028,4049.36,3085.12,1854.76,1089.14,0.0,4.57,3.07,2.4,1.39,0.99,0.0
India2.0,12B-822-403-P,INTAKE MANIFOLD,4012,4012,PARMERLLC PRIVATE LIMITED,842,2581,89,0,3.07,Green,10335.98,1391,844,1,3,94,Engine,24.55,B,N2,Buyer Beta,Rubber,4048.43,2235,94,2141,8667688.63,9969483.86,2.54,Weekly,healthy,717.72,753.96,898.15,784.77,810.33,925.96,2581,1891.54,1035.54,432.86,0.0,0.0,3.6,2.51,1.15,0.55,0.0,0.0
EV-Program,12B-189-785-B,SUSPENSION BRACKET,4055,4055,DARA-KOTA PRIVATE LIMITED,1001,7337,110,0,7.33,Green,12256.11,4081,2410,0,0,30,Suspension,2.78,A,B1,Buyer Alpha,Plastics,6570.56,6491,30,6461,42452388.16,44131298.1,6.45,Weekly,excess,938.35,933.24,1112.63,1181.69,1102.9,1086.71,7337,6651.88,5635.51,4705.72,3988.32,3225.49,7.82,7.13,5.07,3.98,3.62,2.97
Commercial-Vehicle,08K-858-550-A,SHOCK ABSORBER,4078,4078,RAMAKRISHNANLLC PRIVATE LIMITED,639,2957,74,0,4.63,Green,6861.3,1694,871,1,3,8,Suspension,2.36,C,P3,Buyer Alpha,Plastics,9593.03,2565,8,2557,24529377.71,31868698.12,4.0,Monthly,healthy,619.85,764.55,552.52,765.84,697.12,578.56,2957,2380.38,1849.75,1300.24,740.31,321.0,4.77,3.11,3.35,1.7,1.06,0.55
Passenger-Vehicle,06A-345-417-P,BRAKE CALIPER,4027,4027,"MURTY,KALAANDTATA PRIVATE LIMITED",1123,3018,124,0,2.69,Green,12539.83,1139,826,2,2,76,Braking,16.77,B,B2,Buyer Gamma,Electronics,3034.45,1965,76,1889,5732076.05,8695170.6,1.68,Weekly,healthy,1057.89,971.58,1153.78,976.28,1313.31,958.72,3018,2270.06,1240.07,603.81,0.0,0.0,2.85,2.34,1.07,0.62,0.0,0.0
India3.0,15D-604-475-P,INTAKE MANIFOLD,4042,4042,"CHERIAN,MISRAANDTRIPATHI PRIVATE LIMITED",1617,922,771,0,0.57,Red,21102.37,400,153,7,5,71,Engine,23.74,C,P1,Buyer Alpha,Plastics,2472.06,553,71,482,1191532.92,2312173.39,0.3,Monthly,low_coverage,1823.4,1618.89,1720.24,1898.67,1771.7,1445.38,922,0.0,0.0,0.0,0.0,0.0,0.51,0.0,0.0,0.0,0.0,0.0
Commercial-Vehicle,06A-959-122-C,SENSOR ASSEMBLY,4045,4045,NAIKGROUP PRIVATE LIMITED,1566,412,237,917,0.26,Red,18658.89,183,77,3,0,41,Electrical,13.62,D,P3,Buyer Beta,Machining,2570.73,260,41,219,562989.87,1152597.1,0.14,Daily,demand_spike,1607.9,1928.31,2270.34,2470.46,2512.01,2210.8,412,0.0,0.0,0.0,0.0,0.0,0.26,0.0,0.0,0.0,0.0,0.0
Commercial-Vehicle,04C-620-978-A,WIRING HARNESS,4022,4022,"KONDA,GADEANDSHERE PRIVATE LIMITED",2158,5469,119,0,2.53,Green,23571.64,3327,1754,1,1,165,Electrical,12.74,D,B2,Buyer Alpha,Forging,10477.0,5081,165,4916,51504932.0,49974316.36,2.28,Daily,in_transit,1997.3,1845.69,2074.23,2442.07,1965.66,2394.45,5469,4073.23,2529.27,283.56,0.0,0.0,2.74,2.21,1.22,0.12,0.0,0.0
EV-Program,15D-458-341-B,RADIATOR PIPE,4013,4013,"LALLA,BASSIANDSHARAF PRIVATE LIMITED",1419,3220,182,0,2.27,Green,15917.86,1939,1146,0,1,91,Cooling,21.38,D,P2,Buyer Epsilon,Electronics,10077.12,3085,91,2994,30170897.28,34047893.02,2.11,Weekly,healthy,1430.94,1415.1,1303.42,1611.74,1537.11,1478.08,3220,2113.28,1129.58,0.0,0.0,0.0,2.25,1.49,0.87,0.0,0.0,0.0
India2.0,08K-294-657-B,BRAKE PAD,4005,4005,KAULPLC PRIVATE LIMITED,2463,20895,32,0,8.48,Gray,34138.14,10091,4157,2,1,99,Braking,23.85,B,N1,Buyer Epsilon,Casting,9653.65,14248,99,14149,136589493.85,184390393.26,5.74,Daily,excess,2245.42,2623.63,2422.01,2383.43,2841.45,2862.01,20895,18928.02,16680.85,14518.05,12384.84,10367.35,9.31,7.21,6.89,6.09,4.36,3.62
India2.0,12B-924-347-B,BONNET ASSEMBLY,4024,4024,"NAIR,BHALLAANDKARNIK PRIVATE LIMITED",0,38,0,0,,Gray,0.0,18,11,4,2,12,Body,18.18,D,P2,Buyer Beta,Metals,4778.6,29,12,17,81236.2,156777.61,,Weekly,zero_demand,0.0,0.0,0.0,0.0,0.0,0.0,38,95.0,208.0,315.0,322.0,378.0,,,,,,
Commercial-Vehicle,08K-113-787-C,CROSS MEMBER,4029,4029,DEWAN-KOSHY PRIVATE LIMITED,1007,164,206,637,0.16,Red,10479.77,62,32,6,7,16,Chassis,24.52,D,B1,Buyer Epsilon,Forging,10203.45,94,16,78,795869.1,1754118.86,0.08,Daily,critical,945.96,1172.27,903.43,1151.71,885.43,1081.18,164,0.0,0.0,0.0,0.0,0.0,0.17,0.0,0.0,0.0,0.0,0.0
EV-Program,12B-105-909-B,BODY BRACKET,4045,4045,NAIKGROUP PRIVATE LIMITED,2318,3785,81,0,1.63,Amber,30640.02,2046,1121,2,0,23,Body,21.7,B,B1,Buyer Beta,Plastics,11248.28,3167,23,3144,35364592.32,47321588.61,1.36,Weekly,healthy,2545.6,2284.81,2680.45,2363.71,2471.41,1974.94,3785,2009.57,0.0,0.0,0.0,0.0,1.49,0.88,0.0,0.0,0.0,0.0
EV-Program,15D-579-650-C,DOOR PANEL,4033,4033,BATTAINC PRIVATE LIMITED,2294,3242,1699,0,1.41,Amber,24252.13,1419,665,7,8,66,Body,1.89,D,P2,Buyer Gamma,Forging,1374.97,2084,66,2018,2774689.46,4689045.63,0.88,Monthly,low_coverage,2677.75,2732.45,2064.54,1990.57,2128.21,2466.08,3242,763.85,0.0,0.0,0.0,0.0,1.21,0.28,0.0,0.0,0.0,0.0
India3.0,15D-554-281-P,DASHBOARD PANEL,4030,4030,"YOHANNAN,LALLANDSANGHA PRIVATE LIMITED",4005,2762,1378,0,0.69,Red,54347.63,1708,797,1,1,65,Interior,23.94,B,P2,Buyer Epsilon,Rubber,2590.77,2505,65,2440,6321478.8,7216332.8,0.61,Daily,demand_spike,4151.79,4965.11,5472.81,6162.69,4724.36,4639.99,2762,0.0,0.0,0.0,0.0,0.0,0.67,0.0,0.0,0.0,0.0,0.0
India3.0,12B-330-599-B,SENSOR ASSEMBLY,4062,4062,ZACHARIAANDSONS PRIVATE LIMITED,1091,5002,122,0,4.58,Green,15130.0,2320,1179,2,1,3,Electrical,1.25,C,B1,Buyer Gamma,Fasteners,2899.23,3499,3,3496,10135708.08,13735043.45,3.2,Daily,healthy,996.3,1281.3,973.43,1062.63,1206.01,1024.02,5002,4051.01,3326.38,2592.18,1464.12,660.3,5.02,3.16,3.42,2.44,1.21,0.64
Passenger-Vehicle,04C-865-560-B,BRAKE BRACKET,4009,4009,"SAMI,OAKANDMALL PRIVATE LIMITED",610,9,452,149,0.01,Red,6274.93,3,2,5,2,52,Braking,3.46,B,N2,Buyer Delta,Machining,3582.42,5,52,0,0.0,31640.49,0.0,Weekly,critical,688.52,531.06,587.26,559.27,710.94,617.43,9,0.0,0.0,0.0,0.0,0.0,0.01,0.0,0.0,0.0,0.0,0.0
India3.0,12B-214-285-P,CONTROL MODULE,4069,4069,HANDAANDSONS PRIVATE LIMITED,450,0,262,188,0,Red,5863.35,0,0,3,8,98,Electrical,9.91,A,N1,Buyer Alpha,Plastics,7680.67,0,98,0,0.0,0.0,0.0,Monthly,critical,447.31,474.09,539.33,519.63,513.49,427.93,0,0.0,0.0,0.0,0.0,0.0,0.0,0.0,0.0,0.0,0.0,0.0
EV-Program,04C-732-316-A,CROSS MEMBER,4068,4068,NORI-CHOPRA PRIVATE LIMITED,104,436,12,0,4.19,Green,1130.25,175,104,1,0,8,Chassis,22.75,D,P3,Buyer Delta,Rubber,3117.57,279,8,271,844861.47,1285778.07,2.61,Weekly,healthy,124.7,98.02,102.81,122.82,107.34,121.58,436,406.35,399.64,308.47,261.97,271.36,3.5,4.15,3.89,2.51,2.44,2.23
EV-Program,15D-383-930-P,BODY BRACKET,4080,4080,"SUR,DUBEYANDGUPTA PRIVATE LIMITED",1396,26,664,706,0.02,Red,15585.26,12,4,7,7,17,Body,6.71,D,B1,Buyer Beta,Plastics,10419.46,16,17,0,0.0,272985.16,0.0,Weekly,critical,1481.29,1263.79,1216.66,1471.57,1293.5,1529.56,26,0.0,0.0,0.0,0.0,0.0,0.02,0.0,0.0,0.0,0.0,0.0
Passenger-Vehicle,12B-667-871-P,FRAME SUPPORT,4029,4029,DEWAN-KOSHY PRIVATE LIMITED,3812,2631,2450,0,0.69,Red,39663.47,1235,915,7,3,17,Chassis,9.66,D,B1,Buyer Epsilon,Fasteners,8786.94,2150,17,2133,18742543.02,21545649.77,0.56,Weekly,demand_spike,4008.18,4399.55,6348.56,6224.99,5308.33,5488.36,2631,0.0,0.0,0.0,0.0,0.0,0.66,0.0,0.0,0.0,0.0,0.0
Passenger-Vehicle,12B-687-235-C,BONNET ASSEMBLY,4043,4043,"ISSAC,DUAANDPRAKASH PRIVATE LIMITED",499,4580,59,0,9.18,Gray,5413.55,2322,1609,2,3,99,Body,24.77,D,P2,Buyer Delta,Fasteners,11146.96,3931,99,3832,42715150.72,43425638.44,7.68,Weekly,excess,532.47,542.28,526.39,559.62,491.91,582.68,4580,4152.39,3747.35,3222.02,2841.47,2312.16,8.6,7.66,7.12,5.76,5.78,3.97
Passenger-Vehicle,04C-609-594-C,RADIATOR PIPE,4030,4030,"YOHANNAN,LALLANDSANGHA PRIVATE LIMITED",1599,1561,262,0,0.98,Red,19028.81,916,410,7,1,1,Cooling,22.93,B,P3,Buyer Delta,Metals,2794.38,1326,1,1325,3702553.5,4189010.33,0.83,Weekly,low_coverage,1502.89,1513.45,1488.67,1413.84,1803.42,1812.77,1561,287.52,0.0,0.0,0.0,0.0,1.04,0.19,0.0,0.0,0.0,0.0
Passenger-Vehicle,06A-302-789-B,RADIATOR PIPE,4034,4034,DUTTALTD PRIVATE LIMITED,720,1089,71,0,1.51,Amber,7275.26,477,268,1,2,22,Cooling,15.6,A,P2,Buyer Delta,Metals,6645.13,745,22,723,4804428.99,6332113.41,1.0,Weekly,healthy,787.53,731.19,721.09,826.03,817.22,749.21,1089,532.33,0.0,0.0,0.0,0.0,1.38,0.73,0.0,0.0,0.0,0.0
Commercial-Vehicle,04C-613-718-P,WATER PUMP,4033,4033,BATTAINC PRIVATE LIMITED,1516,1365,343,0,0.9,Red,17853.87,867,436,6,5,72,Cooling,10.79,A,N1,Buyer Beta,Metals,5395.52,1303,72,1231,6641885.12,7763066.73,0.81,Monthly,low_coverage,1754.78,1719.72,1370.5,1518.53,1653.57,1792.91,1365,55.8,0.0,0.0,0.0,0.0,0.78,0.03,0.0,0.0,0.0,0.0
Passenger-Vehicle,08K-208-181-A,OIL FILTER HOUSING,4004,4004,BALANINC PRIVATE LIMITED,4087,2386,2738,0,0.58,Red,41629.88,852,906,3,0,20,Engine,19.7,C,P3,Buyer Gamma,Electronics,6846.14,1758,20,1738,11898591.32,17260743.24,0.43,Weekly,demand_spike,4089.17,4636.3,4341.98,7767.37,5353.96,4704.79,2386,0.0,0.0,0.0,0.0,0.0,0.58,0.0,0.0,0.0,0.0,0.0
EV-Program,15D-691-736-B,CROSS MEMBER,4013,4013,"LALLA,BASSIANDSHARAF PRIVATE LIMITED",1615,6472,143,0,4.01,Green,17573.09,2315,1940,2,2,77,Chassis,1.07,A,N1,Buyer Epsilon,Metals,3861.2,4255,77,4178,16132093.6,27801317.31,2.59,Monthly,healthy,1603.15,1720.9,1459.01,1775.01,1856.14,1506.34,6472,5098.92,3700.41,2375.07,870.87,0.0,4.04,2.96,2.54,1.34,0.47,0.0
Commercial-Vehicle,08K-177-836-B,SHOCK ABSORBER,4017,4017,BUCH-KAUL PRIVATE LIMITED,1954,4694,30,0,2.4,Green,23408.49,2000,1338,0,3,28,Suspension,18.28,C,P2,Buyer Epsilon,Fasteners,894.68,3338,28,3310,2961390.8,4343745.39,1.69,Monthly,healthy,2260.4,2025.1,1875.72,2070.42,2205.29,1890.93,4694,3038.95,1244.99,0.0,0.0,0.0,2.08,1.5,0.66,0.0,0.0,0.0
Commercial-Vehicle,08K-659-484-A,OIL FILTER HOUSING,4030,4030,"YOHANNAN,LALLANDSANGHA PRIVATE LIMITED",1914,2565,1010,0,1.34,Amber,20694.66,1593,549,1,5,3,Engine,22.71,B,P2,Buyer Gamma,Fasteners,8794.23,2142,3,2139,18810857.97,25629689.91,1.12,Monthly,low_coverage,1756.66,2230.41,2052.74,2177.86,2172.24,2225.56,2565,584.48,0.0,0.0,0.0,0.0,1.46,0.26,0.0,0.0,0.0,0.0
India2.0,12B-380-149-A,CLUTCH PLATE,4079,4079,MANGAL-SAMPATH PRIVATE LIMITED,704,1212,36,0,1.72,Amber,8273.29,538,453,2,3,50,Transmission,15.95,B,B1,Buyer Alpha,Plastics,10771.05,991,50,941,10135558.05,11955805.89,1.34,Weekly,healthy,771.32,753.16,615.64,642.14,778.1,660.66,1212,733.61,150.86,0.0,0.0,0.0,1.57,0.97,0.25,0.0,0.0,0.0
India3.0,06A-999-575-P,COOLING FAN,4067,4067,"BHAGAT,CHAUDHARIANDBHAT PRIVATE LIMITED",0,79,1,0,,Gray,0.0,46,17,0,3,50,Cooling,16.72,A,P2,Buyer Epsilon,Machining,10275.88,63,50,13,133586.44,745351.74,,Daily,zero_demand,0.0,0.0,0.0,0.0,0.0,0.0,79,105.0,119.0,267.0,318.0,337.0,,,,,,
Passenger-Vehicle,12B-934-529-B,FUEL FILTER,4022,4022,"KONDA,GADEANDSHERE PRIVATE LIMITED",814,549,515,0,0.67,Red,9629.52,214,133,5,2,42,Fuel System,9.86,A,P2,Buyer Epsilon,Plastics,457.15,347,42,305,139430.75,222125.86,0.37,Weekly,low_coverage,817.72,733.47,846.54,725.94,875.77,813.02,549,0.0,0.0,0.0,0.0,0.0,0.67,0.0,0.0,0.0,0.0,0.0
EV-Program,08K-144-925-B,CONTROL ARM,4045,4045,NAIKGROUP PRIVATE LIMITED,1104,831,777,0,0.75,Red,12502.02,374,292,2,0,50,Suspension,6.6,C,N2,Buyer Epsilon,Plastics,10598.82,666,50,616,6528873.12,8733476.17,0.56,Weekly,demand_spike,1152.3,1328.51,2016.37,1664.71,1771.56,1480.95,831,0.0,0.0,0.0,0.0,0.0,0.72,0.0,0.0,0.0,0.0,0.0
India3.0,04C-914-889-C,CONTROL ARM,4007,4007,SENPLC PRIVATE LIMITED,2393,7568,270,0,3.16,Green,29097.74,4060,2710,4,2,74,Suspension,12.52,A,N2,Buyer Epsilon,Metals,9419.59,6770,74,6696,63073574.64,79121380.01,2.8,Weekly,healthy,2289.1,2034.97,2519.65,2566.51,2323.32,2851.43,7568,6121.05,3790.82,1495.45,0.0,0.0,3.31,3.01,1.5,0.58,0.0,0.0
EV-Program,04C-532-276-C,BODY BRACKET,4003,4003,"CHAUDRY,CHAHALANDSAMI PRIVATE LIMITED",2395,5292,198,0,2.21,Green,31590.32,2400,1540,3,0,57,Body,4.52,A,P2,Buyer Alpha,Metals,2676.1,3940,57,3883,10391296.3,14494460.11,1.62,Monthly,healthy,2332.0,2120.52,2528.59,2155.99,2153.02,2462.64,5292,3403.01,1497.85,0.0,0.0,0.0,2.27,1.6,0.59,0.0,0.0,0.0
India2.0,12B-294-986-C,CHASSIS BRACKET,4039,4039,MEMONGROUP PRIVATE LIMITED,1289,179,31,1079,0.14,Red,13641.32,100,27,5,7,96,Chassis,1.52,A,P2,Buyer Beta,Forging,7778.15,127,96,31,241122.65,1472180.98,0.02,Daily,critical,1271.09,1492.71,1497.18,1477.32,1519.91,1519.77,179,0.0,0.0,0.0,0.0,0.0,0.14,0.0,0.0,0.0,0.0,0.0
Passenger-Vehicle,08K-295-187-P,CONSOLE COVER,4039,4039,MEMONGROUP PRIVATE LIMITED,953,540,434,0,0.57,Red,13200.35,221,90,4,2,83,Interior,13.18,A,P1,Buyer Gamma,Machining,1932.12,311,83,228,440523.36,992361.62,0.24,Daily,demand_spike,1084.95,1275.96,1327.42,1256.48,1324.17,1049.25,540,0.0,0.0,0.0,0.0,0.0,0.5,0.0,0.0,0.0,0.0,0.0
Passenger-Vehicle,06A-718-269-P,BRAKE CALIPER,4061,4061,"KHANNA,MALLICKANDSUNDER PRIVATE LIMITED",644,371,233,40,0.58,Red,8732.66,181,128,3,3,34,Braking,5.84,C,P1,Buyer Delta,Metals,9416.91,309,34,275,2589650.25,3063064.13,0.43,Monthly,demand_spike,765.82,793.86,896.03,1049.64,1113.86,724.5,371,0.0,0.0,0.0,0.0,0.0,0.48,0.0,0.0,0.0,0.0,0.0
India2.0,15D-553-376-C,COOLING FAN,4079,4079,MANGAL-SAMPATH PRIVATE LIMITED,1675,76,917,682,0.05,Red,18440.35,43,19,6,6,3,Cooling,1.28,C,P1,Buyer Gamma,Electronics,280.3,62,3,59,16537.7,20398.64,0.04,Weekly,critical,1730.85,1955.16,1479.31,1792.29,1515.29,1532.44,76,0.0,0.0,0.0,0.0,0.0,0.04,0.0,0.0,0.0,0.0,0.0
Commercial-Vehicle,12B-845-593-A,CLUTCH PLATE,4037,4037,APTE-CONTRACTOR PRIVATE LIMITED,1725,3523,36,0,2.04,Green,23258.93,1546,551,0,3,32,Transmission,19.32,B,P3,Buyer Beta,Fasteners,3808.61,2097,32,2065,7864779.65,14299931.97,1.2,Monthly,healthy,1731.1,2009.49,2046.89,1509.58,1923.09,1754.69,3523,1569.18,0.0,0.0,0.0,0.0,2.04,0.78,0.0,0.0,0.0,0.0
India2.0,08K-137-672-C,SEAT BRACKET,4010,4010,KALELLC PRIVATE LIMITED,2226,8328,54,0,3.74,Green,23449.81,5351,1581,4,3,18,Interior,20.85,B,P2,Buyer Gamma,Machining,8018.65,6932,18,6914,55440946.1,73481291.98,3.11,Monthly,healthy,2346.49,2323.49,2359.8,1949.18,2209.24,2551.91,8328,6469.98,4660.07,3055.33,1138.84,0.0,3.55,2.78,1.97,1.57,0.52,0.0
Commercial-Vehicle,15D-484-241-P,CONSOLE COVER,4067,4067,"BHAGAT,CHAUDHARIANDBHAT PRIVATE LIMITED",1570,3871,19,0,2.47,Green,21617.0,2069,1189,3,3,44,Interior,3.86,B,P2,Buyer Delta,Electronics,10215.55,3258,44,3214,32832777.7,42588818.82,2.05,Weekly,healthy,1765.72,1564.94,1348.58,1769.45,1609.89,1589.78,3871,2619.3,1609.25,182.95,0.0,0.0,2.19,1.67,1.19,0.1,0.0,0.0
EV-Program,04C-864-913-P,OIL FILTER HOUSING,4052,4052,"SAMPATH,KAKARANDZACHARIA PRIVATE LIMITED",1019,1785,120,0,1.75,Amber,12391.26,1126,414,2,1,49,Engine,10.04,D,B2,Buyer Delta,Plastics,8096.35,1540,49,1491,12071657.85,16024403.79,1.46,Weekly,healthy,996.48,924.17,994.33,944.28,915.35,987.25,1785,944.03,105.47,0.0,0.0,0.0,1.79,1.02,0.11,0.0,0.0,0.0
Passenger-Vehicle,15D-720-503-B,BRAKE PAD,4066,4066,ROY-SIBAL PRIVATE LIMITED,1313,4916,54,0,3.74,Green,16171.88,3187,1506,4,2,10,Braking,21.52,A,B2,Buyer Delta,Metals,6842.46,4693,10,4683,32043240.18,31076055.6,3.57,Weekly,healthy,1187.4,1340.82,1305.25,1562.22,1491.98,1357.16,4916,3880.88,2760.54,1310.34,10.1,0.0,4.14,2.89,2.11,0.84,0.01,0.0
EV-Program,08K-508-675-P,SEAT BRACKET,4071,4071,MALLICKGROUP PRIVATE LIMITED,1592,70,647,875,0.04,Red,17456.61,32,21,4,7,28,Interior,23.01,D,P3,Buyer Alpha,Casting,9645.85,53,28,25,241146.25,730575.99,0.02,Weekly,critical,1511.95,1613.04,1482.91,1878.43,1805.8,1760.99,70,0.0,0.0,0.0,0.0,0.0,0.05,0.0,0.0,0.0,0.0,0.0
Commercial-Vehicle,08K-914-901-A,BRAKE CALIPER,4064,4064,GUPTA-CHANDRA PRIVATE LIMITED,1730,7275,38,0,4.21,Green,20559.38,4408,2666,4,7,81,Braking,11.93,C,B1,Buyer Delta,Casting,368.48,7074,81,6993,2576780.64,2507197.14,4.04,Monthly,in_transit,1850.97,1744.47,1560.98,2042.6,1478.09,1848.91,7275,5572.01,4201.69,2259.88,955.91,0.0,3.93,3.19,2.69,1.11,0.65,0.0
Passenger-Vehicle,04C-452-534-P,SHOCK ABSORBER,4070,4070,"SEN,DEYANDSAMI PRIVATE LIMITED",820,843,575,0,1.03,Amber,9170.35,463,312,5,1,28,Suspension,16.26,B,B2,Buyer Beta,Electronics,9644.39,775,28,747,7204359.33,7578085.68,0.91,Weekly,low_coverage,933.86,952.67,968.88,753.54,878.75,966.58,843,132.26,0.0,0.0,0.0,0.0,0.9,0.14,0.0,0.0,0.0,0.0
India2.0,04C-922-597-B,COOLING FAN,4028,4028,SHANKER-DHAR PRIVATE LIMITED,389,517,145,0,1.33,Amber,5101.5,241,137,8,8,26,Cooling,23.77,C,B2,Buyer Gamma,Plastics,4755.73,378,26,352,1674016.96,2602067.0,0.9,Weekly,low_coverage,380.55,370.88,403.25,379.17,409.75,453.85,517,186.21,0.0,0.0,0.0,0.0,1.36,0.5,0.0,0.0,0.0,0.0
Passenger-Vehicle,04C-872-229-P,INTAKE MANIFOLD,4020,4020,PANT-KADAKIA PRIVATE LIMITED,2429,6898,93,0,2.84,Green,28499.97,4325,1315,3,3,79,Engine,10.82,D,P2,Buyer Delta,Fasteners,1251.58,5640,79,5561,6960036.38,9347311.53,2.29,Daily,healthy,2734.71,2773.86,2213.51,2848.86,2120.02,2212.85,6898,4191.95,2180.26,0.0,0.0,0.0,2.52,1.51,0.98,0.0,0.0,0.0
EV-Program,08K-580-811-C,FRAME SUPPORT,4055,4055,DARA-KOTA PRIVATE LIMITED,1255,1586,825,0,1.26,Amber,17404.16,1008,542,2,4,20,Chassis,21.58,C,N2,Buyer Beta,Electronics,8703.37,1550,20,1530,13316156.1,14831443.24,1.22,Daily,low_coverage,1178.99,1101.27,1236.57,1221.01,1219.28,1464.13,1586,614.54,0.0,0.0,0.0,0.0,1.35,0.56,0.0,0.0,0.0,0.0
Commercial-Vehicle,15D-583-757-P,SENSOR ASSEMBLY,4007,4007,SENPLC PRIVATE LIMITED,1596,4329,173,0,2.71,Green,19943.41,1912,774,3,3,82,Electrical,20.11,A,B2,Buyer Delta,Machining,11125.14,2686,82,2604,28969864.56,44868546.63,1.63,Daily,healthy,1713.29,1724.32,1884.66,1914.96,1830.28,1371.93,4329,3107.68,1789.58,27.1,0.0,0.0,2.53,1.8,0.95,0.01,0.0,0.0
Passenger-Vehicle,12B-984-164-P,GEAR HOUSING,4011,4011,CHANDAGROUP PRIVATE LIMITED,0,120,0,0,,Gray,0.0,77,29,2,1,64,Transmission,2.6,A,B1,Buyer Gamma,Plastics,1339.93,106,64,42,56277.06,154269.6,,Monthly,zero_demand,0.0,0.0,0.0,0.0,0.0,0.0,120,144.0,283.0,340.0,381.0,390.0,,,,,,
Passenger-Vehicle,12B-290-189-A,RADIATOR PIPE,4031,4031,"RASTOGI,PATHAKANDKANDA PRIVATE LIMITED",1085,939,301,0,0.87,Red,13148.75,440,318,2,5,88,Cooling,24.7,B,N2,Buyer Beta,Casting,5839.0,758,88,670,3912130.0,6279378.45,0.62,Daily,low_coverage,1134.35,1090.83,1137.35,1040.26,1176.92,1065.27,939,235.65,0.0,0.0,0.0,0.0,0.83,0.22,0.0,0.0,0.0,0.0
India3.0,15D-980-184-A,GEAR HOUSING,4076,4076,KALA-RATTAN PRIVATE LIMITED,1595,2361,397,0,1.48,Amber,16808.84,1429,650,2,6,50,Transmission,6.85,A,P1,Buyer Epsilon,Casting,1022.02,2079,50,2029,2073678.58,2054365.6,1.27,Monthly,low_coverage,1666.26,1729.17,1723.52,1827.47,1692.21,1404.61,2361,854.74,0.0,0.0,0.0,0.0,1.42,0.49,0.0,0.0,0.0,0.0
India2.0,12B-542-187-B,OIL FILTER HOUSING,4045,4045,NAIKGROUP PRIVATE LIMITED,950,3968,112,0,4.18,Green,12833.59,2487,779,2,3,52,Engine,15.78,B,P2,Buyer Alpha,Fasteners,1368.23,3266,52,3214,4397491.22,4789810.65,3.38,Weekly,healthy,977.28,1049.42,911.32,925.18,860.57,1037.12,3968,3129.42,2578.49,1728.02,1070.67,289.48,4.06,2.98,2.83,1.87,1.24,0.28
India2.0,06A-448-329-B,SEAT BRACKET,4070,4070,"SEN,DEYANDSAMI PRIVATE LIMITED",2279,10900,86,0,4.78,Green,25966.68,4778,2116,2,0,88,Interior,21.57,B,P3,Buyer Beta,Plastics,2289.93,6894,88,6806,15585263.58,21773079.22,2.99,Monthly,healthy,2028.38,2159.96,2559.24,1981.38,2267.31,2686.75,10900,9091.22,7166.48,5505.18,3461.81,1571.34,5.37,4.21,2.8,2.78,1.53,0.58
India3.0,12B-152-285-C,FRAME SUPPORT,4060,4060,NARAYANANINC PRIVATE LIMITED,934,3260,95,0,3.49,Green,11508.54,1622,641,2,0,61,Chassis,1.88,D,P1,Buyer Delta,Fasteners,5192.43,2263,61,2202,11433730.86,18881799.22,2.36,Daily,healthy,1069.17,845.27,1025.48,1041.14,1087.03,1032.05,3260,2692.66,1869.33,895.89,0.0,0.0,3.05,3.19,1.82,0.86,0.0,0.0
Passenger-Vehicle,06A-335-154-C,FUEL PIPE,4007,4007,SENPLC PRIVATE LIMITED,1217,5172,106,0,4.25,Green,12958.74,1830,1042,0,1,68,Fuel System,2.08,D,P2,Buyer Epsilon,Fasteners,987.96,2872,68,2804,2770239.84,4629381.85,2.3,Daily,healthy,1359.97,1280.95,1305.92,1262.72,1393.64,1455.83,5172,4170.99,2978.21,1833.56,578.86,0.0,3.8,3.26,2.28,1.45,0.42,0.0
India3.0,04C-982-832-C,BRAKE BRACKET,4058,4058,AMBLEINC PRIVATE LIMITED,926,226,309,391,0.24,Red,9781.17,124,62,4,3,64,Braking,16.25,C,N2,Buyer Gamma,Metals,2556.15,186,64,122,311850.3,494935.72,0.13,Monthly,demand_spike,977.51,1654.39,1293.99,1335.87,1388.32,1175.1,226,0.0,0.0,0.0,0.0,0.0,0.23,0.0,0.0,0.0,0.0,0.0
Passenger-Vehicle,12B-796-237-B,CROSS MEMBER,4033,4033,BATTAINC PRIVATE LIMITED,718,1592,32,0,2.22,Green,7299.04,935,602,2,2,91,Chassis,12.54,D,N1,Buyer Gamma,Rubber,8066.34,1537,91,1446,11663927.64,10951191.8,2.01,Monthly,healthy,742.23,815.27,834.47,744.85,761.54,682.53,1592,890.11,195.65,0.0,0.0,0.0,2.14,1.09,0.23,0.0,0.0,0.0
Passenger-Vehicle,04C-830-729-P,BRAKE PAD,4016,4016,"BOASE,BATHANDKARI PRIVATE LIMITED",1801,16780,66,0,9.32,Gray,19993.75,5931,6378,4,0,10,Braking,1.27,C,P3,Buyer Gamma,Metals,6461.42,12309,10,12299,79469004.58,122600814.32,6.83,Monthly,excess,2030.78,2145.13,1691.87,1896.86,1794.98,1958.15,16780,15014.17,13430.04,11562.68,9993.73,8562.25,8.26,7.0,7.94,6.1,5.57,4.37
Passenger-Vehicle,04C-888-641-C,COOLING FAN,4037,4037,APTE-CONTRACTOR PRIVATE LIMITED,760,1206,88,0,1.59,Amber,10503.53,595,262,0,2,8,Cooling,4.9,B,P2,Buyer Gamma,Rubber,2895.4,857,8,849,2458194.6,3510284.76,1.12,Weekly,in_transit,903.96,689.61,874.32,677.75,836.13,865.46,1206,701.61,0.0,0.0,0.0,0.0,1.33,1.02,0.0,0.0,0.0,0.0
EV-Program,12B-388-463-B,SUSPENSION BRACKET,4047,4047,KHATRI-BHARDWAJ PRIVATE LIMITED,890,596,611,0,0.67,Red,10226.85,252,130,5,1,25,Suspension,5.53,B,N2,Buyer Gamma,Plastics,2859.21,382,25,357,1020737.97,1738320.53,0.4,Daily,demand_spike,865.76,1326.56,1376.11,1334.76,1275.25,1511.37,596,0.0,0.0,0.0,0.0,0.0,0.69,0.0,0.0,0.0,0.0,0.0
India3.0,04C-811-129-B,SEAT BRACKET,4063,4063,"SOLANKI,KIBEANDSOLANKI PRIVATE LIMITED",2468,10104,355,0,4.09,Green,27309.63,4727,3928,2,3,0,Interior,15.72,C,N1,Buyer Beta,Rubber,4841.22,8655,0,8655,41900759.1,50259981.01,3.51,Monthly,healthy,2356.79,2237.33,2298.38,2123.8,2520.5,2588.2,10104,8468.39,6386.66,4879.75,2965.93,558.42,4.29,3.79,2.78,2.3,1.18,0.22
Commercial-Vehicle,08K-165-497-A,RADIATOR PIPE,4016,4016,"BOASE,BATHANDKARI PRIVATE LIMITED",215,940,4,0,4.37,Green,2650.15,519,370,1,3,98,Cooling,4.21,C,P3,Buyer Delta,Rubber,951.59,889,98,791,752707.69,945548.89,3.68,Daily,healthy,227.35,185.16,221.28,231.22,209.4,221.32,940,775.44,667.31,502.39,363.01,317.76,4.13,4.19,3.02,2.17,1.73,1.44
Commercial-Vehicle,06A-349-322-P,WATER PUMP,4053,4053,"IYER,MUNIANDRASTOGI PRIVATE LIMITED",40,182,1,0,4.55,Green,453.7,118,32,0,3,255,Cooling,6.46,D,N1,Buyer Epsilon,Casting,11451.83,150,255,0,0.0,2305034.53,0.0,Monthly,in_transit,36.44,34.97,35.04,42.55,35.23,39.88,182,237.53,230.89,328.24,444.77,499.35,4.99,6.79,6.59,7.71,12.62,12.52
India3.0,15D-926-744-P,CONSOLE COVER,4026,4026,BHATTI-KAKAR PRIVATE LIMITED,1598,7030,83,0,4.4,Green,19214.33,3310,1416,4,2,41,Interior,7.27,A,P1,Buyer Alpha,Electronics,9591.85,4726,41,4685,44937817.25,74823780.2,2.93,Monthly,healthy,1625.0,1882.44,1510.66,1812.57,1916.22,1774.91,7030,5599.48,4532.06,3175.95,1717.19,47.19,4.33,2.97,3.0,1.75,0.9,0.03
Passenger-Vehicle,08K-569-881-C,CROSS MEMBER,4018,4018,RAILLC PRIVATE LIMITED,2078,6717,149,0,3.23,Green,21592.25,4015,2101,3,3,44,Chassis,0.99,D,P3,Buyer Epsilon,Plastics,1261.24,6116,44,6072,7658249.28,8346156.1,2.92,Monthly,healthy,2125.29,2324.28,1908.22,1825.27,2391.81,2077.6,6717,4957.83,3179.26,1763.61,0.0,0.0,3.16,2.13,1.67,0.97,0.0,0.0
EV-Program,12B-998-881-P,GEAR HOUSING,4020,4020,PANT-KADAKIA PRIVATE LIMITED,947,1745,25,0,1.84,Amber,10597.08,936,662,4,2,100,Transmission,6.22,A,P1,Buyer Alpha,Casting,4507.33,1598,100,1498,6751980.34,6819327.76,1.58,Daily,healthy,907.97,1005.62,807.53,927.24,1105.26,1078.23,1745,1000.82,488.7,0.0,0.0,0.0,1.92,1.0,0.61,0.0,0.0,0.0
India3.0,08K-213-785-A,CONTROL MODULE,4079,4079,MANGAL-SAMPATH PRIVATE LIMITED,1223,2217,6,0,1.81,Amber,14591.49,889,387,1,2,75,Electrical,3.81,A,B1,Buyer Delta,Rubber,343.25,1276,75,1201,412243.25,817021.38,0.98,Weekly,healthy,1236.03,1057.58,1114.06,1166.73,1327.72,1237.83,2217,1409.35,602.0,0.0,0.0,0.0,1.79,1.33,0.54,0.0,0.0,0.0
Passenger-Vehicle,08K-671-874-C,FUEL FILTER,4013,4013,"LALLA,BASSIANDSHARAF PRIVATE LIMITED",1618,238,520,860,0.15,Red,19920.02,148,45,6,6,26,Fuel System,0.91,C,B1,Buyer Alpha,Forging,8836.75,193,26,167,1475737.25,2124291.01,0.1,Weekly,critical,1866.99,1558.56,1568.17,1924.29,1538.92,1879.25,238,0.0,0.0,0.0,0.0,0.0,0.13,0.0,0.0,0.0,0.0,0.0
India3.0,12B-147-966-B,CONTROL MODULE,4047,4047,KHATRI-BHARDWAJ PRIVATE LIMITED,224,2709,12,0,12.09,Gray,2462.41,1414,439,3,3,42,Electrical,10.33,A,N2,Buyer Epsilon,Casting,6830.62,1853,42,1811,12370252.82,17540454.24,8.08,Weekly,excess,218.27,233.19,235.31,211.69,260.73,266.37,2709,2534.51,2412.4,2335.28,2142.69,1990.75,12.41,10.87,10.25,11.03,8.22,7.47
Commercial-Vehicle,04C-504-468-A,BRAKE PAD,4031,4031,"RASTOGI,PATHAKANDKANDA PRIVATE LIMITED",662,253,283,126,0.38,Red,7435.52,116,54,1,3,23,Braking,15.9,B,P1,Buyer Epsilon,Machining,4291.05,170,23,147,630784.35,1082501.19,0.22,Weekly,demand_spike,574.95,944.03,951.31,716.86,743.39,819.48,253,0.0,0.0,0.0,0.0,0.0,0.44,0.0,0.0,0.0,0.0,0.0
Passenger-Vehicle,12B-582-295-P,RADIATOR PIPE,4026,4026,BHATTI-KAKAR PRIVATE LIMITED,529,2396,47,0,4.53,Green,6860.99,1449,703,3,1,57,Cooling,23.68,D,B2,Buyer Epsilon,Metals,5006.47,2152,57,2095,10488554.65,11135230.37,3.96,Monthly,healthy,511.94,526.72,485.37,463.32,582.67,575.91,2396,2032.45,1649.55,1303.05,815.16,294.46,4.68,3.86,3.4,2.81,1.4,0.51
EV-Program,12B-736-629-B,COOLING FAN,4071,4071,MALLICKGROUP PRIVATE LIMITED,1875,22954,213,0,12.24,Gray,25216.57,14444,8164,3,2,65,Cooling,16.44,C,P2,Buyer Epsilon,Casting,11007.86,22608,65,22543,248150187.98,285886184.89,12.02,Daily,excess,1878.26,1950.05,1637.08,2111.2,1664.68,1829.96,22954,21517.7,20251.25,18358.81,16743.44,15337.82,12.22,11.03,12.37,8.7,10.06,8.38
Passenger-Vehicle,04C-945-820-C,FUEL FILTER,4023,4023,MADAN-KANDA PRIVATE LIMITED,0,172,0,0,,Gray,0.0,89,32,2,2,66,Fuel System,23.13,A,P3,Buyer Beta,Machining,191.79,121,66,55,10548.45,28214.99,,Weekly,zero_demand,0.0,0.0,0.0,0.0,0.0,0.0,172,206.0,308.0,366.0,459.0,483.0,,,,,,
Passenger-Vehicle,04C-106-471-A,CONTROL MODULE,4038,4038,"YADAV,LOKEANDOAK PRIVATE LIMITED",1707,7114,1,0,4.17,Green,22718.36,3559,1161,0,0,11,Electrical,4.46,C,N1,Buyer Gamma,Machining,5953.93,4720,11,4709,28037056.37,47277360.41,2.76,Daily,healthy,1835.85,1615.57,1843.1,1805.02,1534.39,1895.81,7114,5942.68,4474.77,2763.04,1640.68,301.06,3.88,3.68,2.43,1.53,1.07,0.16
India2.0,06A-849-615-B,BONNET ASSEMBLY,4064,4064,GUPTA-CHANDRA PRIVATE LIMITED,1074,2766,141,0,2.58,Green,13351.47,1598,979,4,0,7,Body,7.25,A,N1,Buyer Beta,Fasteners,2330.24,2577,7,2570,5988716.8,5538530.88,2.39,Weekly,healthy,922.11,921.24,1081.77,1059.17,1053.2,1117.4,2766,1926.09,1020.21,154.48,0.0,0.0,3.0,2.09,0.94,0.15,0.0,0.0
EV-Program,08K-760-908-B,WIRING HARNESS,4010,4010,KALELLC PRIVATE LIMITED,0,147,1,0,,Gray,0.0,60,39,4,0,85,Electrical,14.8,B,B2,Buyer Beta,Rubber,697.41,99,85,14,9763.74,100571.44,,Daily,zero_demand,0.0,0.0,0.0,0.0,0.0,0.0,147,275.0,294.0,354.0,386.0,408.0,,,,,,
EV-Program,06A-957-269-P,SUSPENSION BRACKET,4067,4067,"BHAGAT,CHAUDHARIANDBHAT PRIVATE LIMITED",928,990,165,0,1.07,Amber,11894.6,569,271,3,6,75,Suspension,13.33,C,B2,Buyer Epsilon,Casting,10264.44,840,75,765,7852296.6,9528212.61,0.82,Monthly,low_coverage,933.6,878.99,1074.29,913.18,929.61,869.81,990,229.88,0.0,0.0,0.0,0.0,1.06,0.26,0.0,0.0,0.0,0.0
India3.0,06A-384-581-P,BRAKE PAD,4010,4010,KALELLC PRIVATE LIMITED,1763,7137,210,0,4.05,Green,20339.41,2995,1493,4,1,84,Braking,4.78,A,P3,Buyer Alpha,Forging,9582.05,4488,84,4404,42199348.2,65749479.32,2.5,Daily,healthy,1542.67,1701.36,1942.88,1721.67,1788.34,1533.06,7137,5872.78,4209.15,2929.6,1370.3,0.0,4.63,3.45,2.17,1.7,0.77,0.0
Commercial-Vehicle,06A-901-671-C,BODY BRACKET,4057,4057,KARPEPLC PRIVATE LIMITED,1149,4460,95,0,3.88,Green,15457.66,2574,885,0,1,56,Body,3.94,B,N1,Buyer Alpha,Metals,8514.7,3459,56,3403,28975524.1,33044623.71,2.96,Weekly,healthy,1112.86,1314.87,1157.1,1272.9,1351.33,1111.68,4460,3418.1,2619.13,1741.05,490.42,0.0,4.01,2.6,2.26,1.37,0.36,0.0
India2.0,15D-705-138-C,TRANSMISSION COVER,4039,4039,MEMONGROUP PRIVATE LIMITED,1188,928,128,132,0.78,Red,14766.03,588,270,5,1,42,Transmission,13.59,D,P3,Buyer Epsilon,Metals,10564.1,858,42,816,8620305.6,10409869.67,0.69,Daily,demand_spike,1141.77,2069.89,1696.16,1432.55,1829.53,2060.76,928,0.0,0.0,0.0,0.0,0.0,0.81,0.0,0.0,0.0,0.0,0.0
EV-Program,06A-770-628-B,CLUTCH PLATE,4014,4014,"DASH,RADHAKRISHNANANDBRAR PRIVATE LIMITED",2066,2914,1063,0,1.41,Amber,26784.44,1626,1115,6,5,57,Transmission,15.34,A,P1,Buyer Gamma,Forging,303.56,2741,57,2684,814755.04,783835.29,1.3,Monthly,low_coverage,2368.99,2393.33,2244.56,2067.33,2142.93,2154.11,2914,871.58,0.0,0.0,0.0,0.0,1.23,0.36,0.0,0.0,0.0,0.0
India3.0,12B-673-301-C,TRANSMISSION COVER,4048,4048,BRARINC PRIVATE LIMITED,3932,2178,366,1388,0.55,Red,40982.23,1205,745,2,3,10,Transmission,15.5,D,P1,Buyer Beta,Casting,6189.77,1950,10,1940,12008153.8,13441577.75,0.49,Weekly,demand_spike,4503.78,5926.51,4426.1,5377.47,5287.31,7466.53,2178,0.0,0.0,0.0,0.0,0.0,0.48,0.0,0.0,0.0,0.0,0.0
India3.0,06A-457-899-B,INTAKE MANIFOLD,4006,4006,"BALA,ISSACANDSAINI PRIVATE LIMITED",2260,6139,320,0,2.72,Green,23918.5,2469,1717,2,0,80,Engine,11.11,B,P1,Buyer Alpha,Casting,11748.06,4186,80,4106,48237534.36,70934019.5,1.82,Daily,healthy,2659.95,2677.12,2012.19,2231.44,1923.07,2504.35,6139,4238.55,2699.76,636.27,0.0,0.0,2.31,1.58,1.34,0.29,0.0,0.0
India2.0,12B-152-384-C,CONTROL MODULE,4057,4057,KARPEPLC PRIVATE LIMITED,576,944,50,0,1.64,Amber,6826.76,433,277,2,0,74,Electrical,3.81,C,P2,Buyer Delta,Metals,9576.2,710,74,636,6090463.2,8264011.75,1.1,Monthly,healthy,492.94,623.89,565.1,680.75,530.68,655.01,944,467.36,0.0,0.0,0.0,0.0,1.92,0.75,0.0,0.0,0.0,0.0
India3.0,04C-122-319-C,CLUTCH PLATE,4055,4055,DARA-KOTA PRIVATE LIMITED,2154,489,73,1592,0.23,Red,23861.16,195,162,8,0,18,Transmission,16.36,C,B2,Buyer Alpha,Plastics,5445.69,357,18,339,1846088.91,3012235.68,0.16,Monthly,demand_spike,2250.58,2687.51,2571.03,2197.21,3740.74,2945.27,489,0.0,0.0,0.0,0.0,0.0,0.22,0.0,0.0,0.0,0.0,0.0
Commercial-Vehicle,15D-477-667-P,SENSOR ASSEMBLY,4044,4044,ZACHARIAPLC PRIVATE LIMITED,1099,1740,150,0,1.58,Amber,13253.61,1101,287,0,2,264,Electrical,24.0,C,N2,Buyer Epsilon,Forging,1798.22,1388,264,1124,2021199.28,3388333.18,1.02,Weekly,in_transit,1006.49,974.4,1181.17,1221.38,1237.96,1289.74,1740,948.73,0.0,0.0,0.0,0.0,1.73,0.97,0.0,0.0,0.0,0.0
India2.0,04C-543-784-P,FUEL PIPE,4034,4034,DUTTALTD PRIVATE LIMITED,659,504,408,0,0.76,Red,9148.18,177,126,5,6,21,Fuel System,4.01,C,B1,Buyer Alpha,Metals,2081.87,303,21,282,587087.34,1194001.74,0.43,Daily,low_coverage,581.74,754.67,627.66,685.82,783.34,770.57,504,0.0,0.0,0.0,0.0,0.0,0.87,0.0,0.0,0.0,0.0,0.0
Passenger-Vehicle,12B-392-251-C,WATER PUMP,4007,4007,SENPLC PRIVATE LIMITED,751,398,598,0,0.53,Red,10327.05,188,77,7,3,78,Cooling,3.17,D,P2,Buyer Gamma,Fasteners,8892.19,265,78,187,1662839.53,3408126.9,0.25,Daily,low_coverage,709.65,643.23,656.6,879.64,694.69,639.46,398,0.0,0.0,0.0,0.0,0.0,0.56,0.0,0.0,0.0,0.0,0.0
Commercial-Vehicle,08K-711-235-P,FUEL RAIL<br>,4027,4027,"MURTY,KALAANDTATA PRIVATE LIMITED",2295,3740,24,0,1.63,Amber,25783.84,1545,824,3,0,18,Fuel System,1.53,B,B2,Buyer Epsilon,Forging,6850.05,2369,18,2351,16104467.55,23989968.37,1.02,Daily,healthy,2234.98,2452.48,2111.37,2154.98,2174.4,2571.97,3740,1613.69,0.0,0.0,0.0,0.0,1.67,0.66,0.0,0.0,0.0,0.0
Commercial-Vehicle,08K-518-504-A,FUEL FILTER,4015,4015,"MEMON,PATHAKANDHANDA PRIVATE LIMITED",921,1842,125,0,2,Green,9419.09,715,335,2,3,292,Fuel System,12.08,A,B2,Buyer Alpha,Electronics,8737.45,1050,292,758,6622987.1,17036981.91,0.82,Monthly,in_transit,1040.2,918.61,1038.69,1074.8,1047.96,854.44,1842,962.13,238.36,0.0,0.0,0.0,1.77,1.05,0.23,0.0,0.0,0.0
India3.0,06A-213-533-B,OIL FILTER HOUSING,4050,4050,DAVELTD PRIVATE LIMITED,1469,4743,162,0,3.23,Green,18087.89,2510,1085,3,2,79,Engine,8.89,B,B2,Buyer Gamma,Forging,11210.89,3595,79,3516,39417489.24,51654002.35,2.39,Monthly,healthy,1431.68,1587.95,1729.64,1615.97,1301.7,1716.29,4743,3456.12,1958.06,787.31,0.0,0.0,3.31,2.18,1.13,0.49,0.0,0.0
Passenger-Vehicle,06A-883-361-P,WIRING HARNESS,4016,4016,"BOASE,BATHANDKARI PRIVATE LIMITED",409,1020,32,0,2.49,Green,4403.54,459,281,4,0,5,Electrical,13.62,D,P3,Buyer Alpha,Casting,197.85,740,5,735,145419.75,217813.69,1.8,Daily,healthy,484.59,400.0,430.86,424.51,398.24,455.26,1020,745.64,408.74,171.28,0.0,0.0,2.1,1.86,0.95,0.4,0.0,0.0
India2.0,15D-811-549-P,BODY BRACKET,4042,4042,"CHERIAN,MISRAANDTRIPATHI PRIVATE LIMITED",1545,7242,70,0,4.69,Green,15680.93,4639,1356,4,1,38,Body,9.85,C,B2,Buyer Beta,Machining,1382.63,5995,38,5957,8236326.91,10968283.59,3.86,Daily,healthy,1672.99,1629.97,1848.89,1507.85,1624.01,1621.76,7242,6066.47,4657.75,3274.67,1807.55,589.15,4.33,3.72,2.52,2.17,1.11,0.36
India3.0,12B-218-221-C,GEAR HOUSING,4070,4070,"SEN,DEYANDSAMI PRIVATE LIMITED",1946,4312,280,0,2.22,Green,19804.29,1769,862,1,2,19,Transmission,12.01,B,P1,Buyer Gamma,Rubber,9214.96,2631,19,2612,24069475.52,34618658.21,1.34,Monthly,healthy,1849.54,2127.75,2048.83,1884.26,1736.28,2265.39,4312,2505.15,653.87,0.0,0.0,0.0,2.33,1.18,0.32,0.0,0.0,0.0
Passenger-Vehicle,08K-980-364-P,SEAT BRACKET,4045,4045,NAIKGROUP PRIVATE LIMITED,856,3162,101,0,3.69,Green,11733.84,1736,594,1,1,11,Interior,0.16,C,N1,Buyer Alpha,Electronics,4375.78,2330,11,2319,10147433.82,12603020.31,2.71,Daily,healthy,985.82,1018.29,820.57,841.32,1015.22,1019.08,3162,2216.79,1646.02,961.37,61.93,0.0,3.21,2.18,2.01,1.14,0.06,0.0
India3.0,08K-435-367-A,FRAME SUPPORT,4071,4071,MALLICKGROUP PRIVATE LIMITED,2305,10992,190,0,4.77,Green,25077.15,3939,2462,1,0,54,Chassis,10.7,D,P1,Buyer Beta,Rubber,3405.34,6401,54,6347,21613692.98,33041034.53,2.75,Monthly,healthy,2122.28,2257.32,2727.41,2010.08,2363.76,2494.28,10992,9241.87,6646.85,4944.62,2887.72,912.99,5.18,4.09,2.44,2.46,1.22,0.37
EV-Program,08K-601-123-P,FRAME SUPPORT,4067,4067,"BHAGAT,CHAUDHARIANDBHAT PRIVATE LIMITED",28,14,15,0,0.5,Red,370.94,6,2,1,1,89,Chassis,2.08,A,P3,Buyer Beta,Casting,11073.21,8,89,0,0.0,143403.96,0.0,Monthly,low_coverage,30.49,27.59,27.98,32.75,31.14,26.22,14,86.82,87.74,164.43,236.7,330.46,0.46,3.15,3.14,5.02,7.6,12.6
Passenger-Vehicle,15D-913-258-B,BONNET ASSEMBLY,4080,4080,"SUR,DUBEYANDGUPTA PRIVATE LIMITED",1083,3311,43,0,3.06,Green,13046.86,1922,1228,1,0,68,Body,7.17,B,P2,Buyer Gamma,Plastics,1967.76,3150,68,3082,6064636.32,6257153.46,2.85,Weekly,healthy,1157.43,925.76,1169.86,1096.73,1126.36,1109.91,3311,2746.24,1903.49,1146.83,330.16,0.0,2.86,2.97,1.63,1.05,0.29,0.0
India3.0,04C-764-750-C,BRAKE BRACKET,4067,4067,"BHAGAT,CHAUDHARIANDBHAT PRIVATE LIMITED",2444,10504,341,0,4.3,Green,32542.3,4911,1956,4,0,49,Braking,22.43,D,P3,Buyer Epsilon,Electronics,3003.45,6867,49,6818,20477522.1,30812618.95,2.79,Weekly,healthy,2541.7,2607.91,2330.32,2665.44,2753.44,2690.4,10504,8306.16,6149.07,3926.31,1414.32,0.0,4.13,3.18,2.64,1.47,0.51,0.0
EV-Program,08K-144-851-P,CONTROL ARM,4077,4077,GALAGROUP PRIVATE LIMITED,2134,7915,310,0,3.71,Green,26809.38,4004,3142,2,5,165,Suspension,11.23,A,N2,Buyer Beta,Rubber,1402.98,7146,165,6981,9794203.38,9871836.07,3.27,Daily,in_transit,2183.97,2356.88,2279.76,2432.75,2045.6,2245.94,7915,5822.28,3805.7,1918.89,197.9,0.0,3.62,2.47,1.67,0.79,0.1,0.0
Commercial-Vehicle,08K-533-868-A,CONTROL ARM,4049,4049,"SUNDER,BISWASANDWALIA PRIVATE LIMITED",606,2724,17,0,4.5,Green,7714.87,1701,524,4,2,33,Suspension,8.61,B,B2,Buyer Delta,Plastics,4260.46,2225,33,2192,9338928.32,11404151.63,3.62,Weekly,healthy,539.97,694.57,644.87,711.56,594.12,706.55,2724,2240.12,1785.71,1241.8,894.27,309.56,5.04,3.23,2.77,1.75,1.51,0.44
Passenger-Vehicle,15D-577-277-A,FUEL RAIL,4006,4006,"BALA,ISSACANDSAINI PRIVATE LIMITED",809,83,371,355,0.1,Red,8163.2,29,31,3,3,14,Fuel System,14.92,C,B2,Buyer Gamma,Electronics,10366.09,60,14,46,476840.14,983883.19,0.06,Daily,critical,966.26,908.66,966.98,711.14,867.16,730.08,83,0.0,0.0,0.0,0.0,0.0,0.09,0.0,0.0,0.0,0.0,0.0
India2.0,12B-864-320-A,SHOCK ABSORBER,4020,4020,PANT-KADAKIA PRIVATE LIMITED,1996,1370,747,0,0.69,Red,24995.49,854,493,5,6,45,Suspension,1.37,A,N1,Buyer Alpha,Casting,9449.04,1347,45,1302,12302650.08,11531774.99,0.65,Weekly,low_coverage,2284.48,2205.67,2348.65,1773.89,1977.53,2168.96,1370,0.0,0.0,0.0,0.0,0.0,0.6,0.0,0.0,0.0,0.0,0.0
Passenger-Vehicle,12B-947-219-C,FUEL RAIL,4056,4056,BHATTLLC PRIVATE LIMITED,2458,9271,61,0,3.77,Green,28443.82,5680,2991,3,0,16,Fuel System,23.38,C,P1,Buyer Gamma,Rubber,10611.2,8671,16,8655,91839936.0,102369728.26,3.52,Daily,healthy,2810.05,2568.92,2332.48,2642.43,2298.65,2663.83,9271,7229.55,5253.66,3231.4,1123.0,0.0,3.3,2.81,2.25,1.22,0.49,0.0
Commercial-Vehicle,08K-446-115-P,BRAKE BRACKET,4071,4071,MALLICKGROUP PRIVATE LIMITED,2257,4857,263,0,2.15,Green,28336.25,2349,1289,3,0,93,Braking,11.97,D,P3,Buyer Gamma,Plastics,3936.17,3638,93,3545,13953722.65,21335480.42,1.57,Monthly,healthy,1964.23,2150.79,2602.25,2054.78,2582.33,1986.71,4857,3338.88,916.17,0.0,0.0,0.0,2.47,1.55,0.35,0.0,0.0,0.0
Passenger-Vehicle,08K-750-803-P,FUEL RAIL,4010,4010,KALELLC PRIVATE LIMITED,1332,107,217,1008,0.08,Red,13836.63,43,39,6,6,80,Fuel System,20.12,B,B2,Buyer Beta,Forging,2775.79,82,80,2,5551.58,308545.55,0.0,Weekly,critical,1501.0,1393.34,1157.3,1185.59,1586.45,1221.04,107,0.0,0.0,0.0,0.0,0.0,0.07,0.0,0.0,0.0,0.0,0.0
EV-Program,08K-141-565-P,ENGINE MOUNT,4071,4071,MALLICKGROUP PRIVATE LIMITED,139,191,100,0,1.37,Amber,1431.68,88,50,4,7,62,Engine,5.13,B,P3,Buyer Beta,Metals,8260.39,138,62,76,627789.64,1652176.71,0.55,Weekly,low_coverage,145.43,155.25,153.03,132.25,144.44,119.22,191,144.95,134.89,45.97,1.21,0.0,1.31,0.93,0.88,0.35,0.01,0.0
India2.0,12B-725-374-B,BODY BRACKET,4019,4019,PATLA-GABA PRIVATE LIMITED,1794,8356,183,0,4.66,Green,19061.63,3546,1797,2,2,42,Body,12.82,C,N1,Buyer Alpha,Rubber,1345.24,5343,42,5301,7131117.24,10544578.96,2.95,Daily,in_transit,1871.63,1611.76,1608.56,1863.67,1821.09,2019.6,8356,6996.22,5553.27,4097.41,2591.21,904.75,4.46,4.34,3.45,2.2,1.42,0.45
India2.0,08K-771-495-B,SUSPENSION BRACKET,4048,4048,BRARINC PRIVATE LIMITED,2435,3532,212,0,1.45,Amber,26107.36,2158,1252,4,5,76,Suspension,0.89,B,N2,Buyer Delta,Plastics,5170.27,3410,76,3334,17237680.18,20888777.25,1.37,Daily,low_coverage,2729.54,2595.41,2333.04,2293.24,2696.28,2119.48,3532,1723.23,0.0,0.0,0.0,0.0,1.29,0.66,0.0,0.0,0.0,0.0
Passenger-Vehicle,08K-177-188-P,TRANSMISSION COVER,4065,4065,SANKARLLC PRIVATE LIMITED,1693,8463,8,0,5,Green,20388.35,4726,2868,4,0,91,Transmission,6.89,B,N1,Buyer Gamma,Electronics,10027.52,7594,91,7503,75236482.56,84169782.53,4.43,Daily,healthy,1471.65,1607.86,1603.28,1626.25,1645.92,2015.74,8463,7323.79,5870.73,4328.44,2922.64,968.06,5.75,4.55,3.66,2.66,1.78,0.48
India2.0,04C-838-604-A,RADIATOR PIPE,4044,4044,ZACHARIAPLC PRIVATE LIMITED,1248,2626,2,0,2.1,Green,16723.24,1424,589,0,3,68,Cooling,11.64,A,N2,Buyer Epsilon,Plastics,9674.14,2013,68,1945,18816202.3,27593369.04,1.56,Daily,healthy,1195.47,1255.31,1221.85,1405.45,1094.95,1161.98,2626,1763.27,668.11,0.0,0.0,0.0,2.2,1.4,0.55,0.0,0.0,0.0
Passenger-Vehicle,04C-206-637-A,FUEL PIPE,4061,4061,,382,278,163,0,0.73,Red,4874.86,179,63,4,8,100,Fuel System,18.94,A,N1,Buyer Delta,Plastics,1205.01,242,100,142,171111.42,376488.96,0.37,Weekly,low_coverage,354.02,397.41,413.9,361.34,360.1,342.66,278,56.59,0.0,0.0,0.0,0.0,0.79,0.14,0.0,0.0,0.0,0.0
India3.0,15D-493-788-C,SUSPENSION BRACKET,4047,4047,KHATRI-BHARDWAJ PRIVATE LIMITED,5597,3016,369,2212,#DIV/0!,Red,61606.22,1878,758,6,3,28,Suspension,15.8,B,N1,Buyer Beta,Forging,7913.04,2636,28,2608,20637208.32,25413224.26,0.47,Daily,demand_spike,5553.71,6608.29,8560.6,7323.8,7964.36,6083.83,3016,0.0,0.0,0.0,0.0,0.0,0.54,0.0,0.0,0.0,0.0,0.0
India2.0,08K-419-524-A,BRAKE PAD,4073,4073,"CHAUDHARI,BEDIANDZACHARIAH PRIVATE LIMITED",1107,3761,74,0,3.4,Green,12356.76,2374,1477,0,6,207,Braking,0.72,C,B1,Buyer Gamma,Metals,2074.79,3851,207,3644,7560534.76,8057152.4,3.29,Weekly,in_transit,1279.35,968.19,1014.03,1056.16,1326.7,1242.75,3761,3074.19,2376.67,1642.48,684.07,0.0,2.94,3.18,2.34,1.56,0.52,0.0
Passenger-Vehicle,15D-199-742-C,DOOR PANEL,4012,4012,PARMERLLC PRIVATE LIMITED,1603,4019,24,0,2.51,Green,19152.07,1670,1191,0,1,7,Body,12.57,A,N1,Buyer Beta,Forging,9225.1,2861,7,2854,26328435.4,34375716.26,1.78,Daily,healthy,1831.65,1810.18,1601.38,1374.6,1377.22,1597.51,4019,2618.52,1168.73,0.0,0.0,0.0,2.19,1.45,0.73,0.0,0.0,0.0
EV-Program,12B-458-169-C,ENGINE MOUNT,4062,4062,ZACHARIAANDSONS PRIVATE LIMITED,93,322,11,0,3.46,Green,1095.42,149,96,3,1,18,Engine,19.71,B,P1,Buyer Beta,Fasteners,11540.48,245,18,227,2619688.96,4022445.96,2.44,Daily,healthy,108.91,86.4,101.72,81.96,80.51,89.55,322,376.82,295.53,236.41,310.55,254.32,2.96,4.36,2.91,2.88,3.86,2.84
India2.0,06A-118-963-P,CONTROL ARM,4041,4041,"LALL,TELLAANDGOKHALE PRIVATE LIMITED",399,1315,30,0,3.3,Green,4085.96,798,431,4,1,55,Suspension,17.04,B,N1,Buyer Beta,Casting,5818.1,1229,55,1174,6830449.4,8339710.2,2.94,Monthly,healthy,358.75,348.6,430.24,403.75,432.14,437.55,1315,1153.46,862.9,569.21,334.26,124.26,3.67,3.31,2.01,1.41,0.77,0.28
India3.0,15D-812-654-C,COOLING FAN,4073,4073,"CHAUDHARI,BEDIANDZACHARIAH PRIVATE LIMITED",1384,5696,186,0,4.12,Green,17174.97,2944,2211,1,2,0,Cooling,4.91,D,N1,Buyer Alpha,Forging,2979.18,5155,0,5155,15357672.9,19187091.32,3.72,Weekly,healthy,1418.42,1621.17,1359.48,1193.32,1453.81,1560.51,5696,4587.78,3574.75,2406.71,1063.2,0.0,4.02,2.83,2.63,2.02,0.73,0.0
India3.0,15D-565-311-P,INTAKE MANIFOLD,4010,4010,KALELLC PRIVATE LIMITED,2319,2646,1791,0,1.14,Amber,23718.01,1523,531,4,5,59,Engine,17.1,A,B2,Buyer Beta,Electronics,5775.79,2054,59,1995,11522701.05,15952809.91,0.86,Monthly,low_coverage,2114.65,2105.93,2681.35,2753.53,2224.01,2025.34,2646,817.74,0.0,0.0,0.0,0.0,1.25,0.39,0.0,0.0,0.0,0.0
India3.0,06A-123-707-B,SUSPENSION BRACKET,4057,4057,KARPEPLC PRIVATE LIMITED,1489,1209,958,0,0.81,Red,19313.03,767,406,8,7,47,Suspension,8.05,B,B1,Buyer Beta,Casting,11368.77,1173,47,1126,12801235.02,15526484.84,0.76,Weekly,low_coverage,1743.4,1276.93,1458.44,1770.35,1653.52,1402.29,1209,140.86,0.0,0.0,0.0,0.0,0.69,0.11,0.0,0.0,0.0,0.0
Commercial-Vehicle,15D-155-623-A,CONSOLE COVER,4080,4080,"SUR,DUBEYANDGUPTA PRIVATE LIMITED",533,9,132,392,0.02,Red,5524.3,5,1,4,7,96,Interior,23.79,B,B1,Buyer Gamma,Electronics,2062.07,6,96,0,0.0,20679.79,0.0,Monthly,critical,551.53,473.3,626.12,532.81,473.18,544.95,9,0.0,0.0,0.0,0.0,0.0,0.02,0.0,0.0,0.0,0.0,0.0
India2.0,15D-222-372-A,WIRING HARNESS,4010,4010,KALELLC PRIVATE LIMITED,333,1182,36,0,3.55,Green,4061.63,621,240,0,8,260,Electrical,19.13,D,P2,Buyer Epsilon,Rubber,1281.95,861,260,601,770451.95,1387502.57,1.8,Weekly,in_transit,288.49,290.42,356.51,378.85,383.1,300.91,1182,947.7,734.18,452.05,215.93,76.83,4.1,3.26,2.06,1.19,0.56,0.26
India3.0,15D-141-926-C,BRAKE PAD,4072,4072,BORRAGROUP PRIVATE LIMITED,2243,9437,248,0,4.21,Green,28342.47,4597,2728,4,0,55,Braking,6.47,B,B2,Buyer Beta,Forging,6314.92,7325,55,7270,45909468.4,60825125.54,3.24,Monthly,healthy,2046.59,2111.66,2421.61,2473.61,2119.92,2052.38,9437,7820.58,5573.31,3423.2,1837.39,0.0,4.61,3.7,2.3,1.38,0.87,0.0
India3.0,06A-526-294-A,CONTROL ARM,4071,4071,MALLICKGROUP PRIVATE LIMITED,1253,4251,140,0,3.39,Green,16416.66,2313,1282,1,1,51,Suspension,8.68,D,P1,Buyer Epsilon,Metals,5585.09,3595,51,3544,19793558.96,20948455.15,2.83,Daily,healthy,1457.8,1400.38,1380.99,1407.22,1437.95,1207.3,4251,3203.36,2143.79,931.65,0.0,0.0,2.92,2.29,1.55,0.66,0.0,0.0
India2.0,12B-459-633-B,FUEL RAIL,4046,4046,CHOUDHURYLLC PRIVATE LIMITED,0,44,1,0,,Gray,0.0,22,9,3,2,49,Fuel System,4.42,C,P1,Buyer Epsilon,Forging,4558.51,31,49,0,0.0,205707.67,,Weekly,zero_demand,0.0,0.0,0.0,0.0,0.0,0.0,44,75.0,104.0,149.0,235.0,341.0,,,,,,
EV-Program,15D-816-981-P,BODY BRACKET,4056,4056,BHATTLLC PRIVATE LIMITED,1131,4909,73,0,4.34,Green,13725.0,2503,1344,3,0,92,Body,11.76,D,N1,Buyer Gamma,Rubber,6427.61,3847,92,3755,24135675.55,29878868.39,3.32,Daily,healthy,1257.43,1168.48,1276.4,1212.84,1222.08,1218.0,4909,4048.67,2903.42,1865.47,719.78,0.0,3.9,3.46,2.27,1.54,0.59,0.0
India3.0,12B-227-946-P,DASHBOARD PANEL,4001,4001,"CHOUDHURY,BAKSHIANDMAHARAJ PRIVATE LIMITED",1889,1636,690,0,0.87,Red,24855.04,673,578,2,4,88,Interior,8.36,C,B2,Buyer Beta,Machining,682.08,1251,88,1163,793259.04,1264635.94,0.62,Daily,low_coverage,1798.03,1755.96,2085.09,2068.22,2065.47,1841.14,1636,399.86,0.0,0.0,0.0,0.0,0.91,0.23,0.0,0.0,0.0,0.0
India2.0,15D-805-986-A,CONTROL MODULE,4027,4027,"MURTY,KALAANDTATA PRIVATE LIMITED",610,388,434,0,0.64,Red,7823.35,195,111,6,3,60,Electrical,2.08,C,B2,Buyer Alpha,Rubber,5361.46,306,60,246,1318919.16,2029571.12,0.4,Daily,demand_spike,724.81,672.41,834.72,693.24,956.15,932.15,388,0.0,0.0,0.0,0.0,0.0,0.54,0.0,0.0,0.0,0.0,0.0
India3.0,12B-370-790-C,SUSPENSION BRACKET,4035,4035,BHATT-RAJAN PRIVATE LIMITED,2225,1686,956,0,0.76,Red,25943.08,992,363,4,4,34,Suspension,23.09,A,B1,Buyer Epsilon,Plastics,6741.85,1355,34,1321,8905983.85,10456332.35,0.59,Weekly,low_coverage,2239.11,2512.58,2387.15,2662.83,2543.7,1977.73,1686,0.0,0.0,0.0,0.0,0.0,0.75,0.0,0.0,0.0,0.0,0.0
Commercial-Vehicle,06A-230-617-C,CLUTCH PLATE,4017,4017,BUCH-KAUL PRIVATE LIMITED,1756,3267,74,0,1.86,Amber,22645.54,2061,1113,2,2,45,Transmission,8.08,C,P3,Buyer Epsilon,Forging,5340.94,3174,45,3129,16711801.26,19180218.12,1.78,Daily,healthy,1762.37,1856.2,1659.22,2056.38,1544.1,1585.31,3267,1670.06,468.92,0.0,0.0,0.0,1.85,0.9,0.28,0.0,0.0,0.0
Passenger-Vehicle,15D-711-142-C,OIL FILTER HOUSING,4037,4037,APTE-CONTRACTOR PRIVATE LIMITED,35,148,4,0,4.23,Green,430.75,72,48,4,2,89,Engine,17.03,B,B2,Buyer Alpha,Fasteners,11719.28,120,89,31,363297.68,1510229.27,0.89,Monthly,healthy,36.75,40.94,36.76,38.82,38.0,40.38,148,220.35,329.22,432.32,409.97,498.58,4.03,5.38,8.96,11.14,10.79,12.35
India2.0,08K-412-764-C,CONTROL ARM,4066,4066,ROY-SIBAL PRIVATE LIMITED,0,6,0,0,,Gray,0.0,2,1,1,1,51,Suspension,18.44,C,N2,Buyer Epsilon,Plastics,6263.16,3,51,0,0.0,34094.55,,Weekly,zero_demand,0.0,0.0,0.0,0.0,0.0,0.0,6,102.0,175.0,280.0,325.0,409.0,,,,,,
India2.0,15D-512-721-C,CONTROL ARM,4043,4043,"ISSAC,DUAANDPRAKASH PRIVATE LIMITED",1194,1909,136,0,1.6,Amber,16690.77,1125,391,1,2,28,Suspension,12.34,C,P2,Buyer Delta,Casting,2204.53,1516,28,1488,3280340.64,4148808.0,1.25,Daily,healthy,1422.45,1376.18,1095.36,1040.03,1376.81,1268.79,1909,656.15,0.0,0.0,0.0,0.0,1.34,0.48,0.0,0.0,0.0,0.0
Passenger-Vehicle,06A-673-971-B,CONTROL MODULE,4020,4020,PANT-KADAKIA PRIVATE LIMITED,581,2610,73,0,4.49,Green,7389.37,917,988,0,3,42,Electrical,9.22,D,B1,Buyer Epsilon,Rubber,1067.05,1905,42,1863,1987914.15,2492688.44,3.21,Daily,healthy,594.71,528.17,542.01,588.2,505.96,619.13,2610,2113.19,1640.15,1074.15,628.7,138.05,4.39,4.0,3.03,1.83,1.24,0.22
India3.0,15D-481-163-P,INTAKE MANIFOLD,4005,4005,KAULPLC PRIVATE LIMITED,2191,226,613,1352,0.1,Red,24253.19,121,81,2,1,28,Engine,3.27,B,P2,Buyer Beta,Metals,1635.3,202,28,174,284542.2,314157.27,0.08,Daily,critical,2146.85,2234.95,2006.82,2072.57,2604.91,2001.66,226,0.0,0.0,0.0,0.0,0.0,0.11,0.0,0.0,0.0,0.0,0.0
Passenger-Vehicle,04C-917-400-A,SUSPENSION BRACKET,4074,4074,CHANDERANDSONS PRIVATE LIMITED,576,129,457,0,0.22,Red,6037.35,57,24,3,4,63,Suspension,8.16,A,B1,Buyer Epsilon,Forging,11119.14,81,63,18,200144.52,1262190.78,0.03,Monthly,critical,543.79,614.11,500.17,558.04,489.61,618.93,129,0.0,0.0,0.0,0.0,0.0,0.24,0.0,0.0,0.0,0.0,0.0
EV-Program,08K-489-249-P,TRANSMISSION COVER,4080,4080,"SUR,DUBEYANDGUPTA PRIVATE LIMITED",1938,8253,44,0,4.26,Green,23143.69,4360,2590,1,2,12,Transmission,0.74,B,B1,Buyer Beta,Fasteners,11328.98,6950,12,6938,78600463.24,103360101.79,3.58,Daily,in_transit,2156.9,1834.75,2199.34,1700.45,2284.25,2001.25,8253,6483.26,4466.9,3067.27,947.7,0.0,3.83,3.53,2.03,1.8,0.41,0.0
India3.0,06A-416-890-C,RADIATOR PIPE,4048,4048,BRARINC PRIVATE LIMITED,2326,8454,66,0,3.63,Green,26732.72,3919,2138,1,2,6,Cooling,11.51,B,P1,Buyer Delta,Machining,11680.11,6057,6,6051,70676345.61,105571172.16,2.6,Monthly,healthy,2480.91,2597.36,2704.54,2631.56,2162.94,2343.88,8454,6235.23,4189.58,1776.03,112.57,0.0,3.41,2.4,1.55,0.67,0.05,0.0
Passenger-Vehicle,04C-737-874-P,BRAKE PAD,4061,4061,"KHANNA,MALLICKANDSUNDER PRIVATE LIMITED",0,294,0,0,,Gray,0.0,175,54,0,1,91,Braking,0.43,C,B2,Buyer Epsilon,Electronics,9936.41,229,91,138,1371224.58,3097996.87,,Monthly,zero_demand,0.0,0.0,0.0,0.0,0.0,0.0,294,403.0,536.0,551.0,584.0,651.0,,,,,,
India2.0,04C-829-280-P,FUEL FILTER,4071,4071,MALLICKGROUP PRIVATE LIMITED,1960,5282,222,0,2.69,Green,21960.74,3185,984,3,0,86,Fuel System,8.59,B,P1,Buyer Gamma,Machining,11712.59,4169,86,4083,47822504.97,54884711.79,2.08,Weekly,healthy,1940.54,1881.14,2320.76,2039.48,2085.46,2012.49,5282,3825.48,1925.43,0.0,0.0,0.0,2.72,2.03,0.83,0.0,0.0,0.0
Passenger-Vehicle,08K-386-427-B,CROSS MEMBER,4079,4079,MANGAL-SAMPATH PRIVATE LIMITED,794,450,348,0,0.57,Red,9645.87,256,159,6,6,55,Chassis,23.52,A,P2,Buyer Epsilon,Rubber,3128.31,415,55,360,1126191.6,1229931.1,0.45,Daily,low_coverage,901.49,869.12,936.99,883.98,915.8,878.32,450,0.0,0.0,0.0,0.0,0.0,0.5,0.0,0.0,0.0,0.0,0.0
Passenger-Vehicle,04C-113-838-B,TRANSMISSION COVER,4058,4058,AMBLEINC PRIVATE LIMITED,6817,3753,2407,657,0.55,Red,92811.76,1471,1159,3,1,23,Transmission,20.93,B,P3,Buyer Alpha,Electronics,10246.78,2630,23,2607,26713355.46,36553212.19,0.38,Daily,demand_spike,6989.66,9610.01,8709.92,10114.36,11272.51,8011.53,3753,0.0,0.0,0.0,0.0,0.0,0.54,0.0,0.0,0.0,0.0,0.0
EV-Program,12B-680-392-P,CLUTCH PLATE,4065,4065,SANKARLLC PRIVATE LIMITED,1176,1089,107,0,0.93,Red,16283.51,651,391,7,6,48,Transmission,23.3,D,P2,Buyer Gamma,Electronics,4598.47,1042,48,994,4570879.18,4842770.1,0.85,Monthly,low_coverage,1366.32,1091.22,1337.3,1131.21,1032.05,1004.83,1089,332.39,0.0,0.0,0.0,0.0,0.8,0.3,0.0,0.0,0.0,0.0
Commercial-Vehicle,15D-499-713-A,BRAKE BRACKET,4025,4025,MUTTIGROUP PRIVATE LIMITED,1589,242,936,411,0.15,Red,17555.59,93,85,2,7,84,Braking,22.15,B,P3,Buyer Epsilon,Machining,9751.32,178,84,94,916624.08,2305557.36,0.06,Daily,critical,1805.97,1569.38,1574.22,1486.14,1568.68,1381.62,242,0.0,0.0,0.0,0.0,0.0,0.13,0.0,0.0,0.0,0.0,0.0
India2.0,06A-436-660-P,BODY BRACKET,4040,4040,SETTYINC PRIVATE LIMITED,1752,3683,161,0,2.1,Green,18105.18,2393,1103,3,1,23,Body,16.84,C,P3,Buyer Epsilon,Plastics,7223.23,3496,23,3473,25086277.79,24882721.58,1.98,Monthly,healthy,1763.51,1795.64,1743.5,1521.84,2067.51,1714.67,3683,2302.39,613.72,0.0,0.0,0.0,2.09,1.28,0.35,0.0,0.0,0.0
Commercial-Vehicle,12B-337-721-P,COOLING FAN,4014,4014,"DASH,RADHAKRISHNANANDBRAR PRIVATE LIMITED",1296,1783,1011,0,1.38,Amber,14911.25,787,623,6,7,57,Cooling,22.83,A,N1,Buyer Beta,Fasteners,4609.64,1410,57,1353,6236842.92,7049377.49,1.04,Monthly,low_coverage,1488.05,1193.55,1160.69,1182.61,1141.15,1440.79,1783,909.43,0.0,0.0,0.0,0.0,1.2,0.76,0.0,0.0,0.0,0.0
EV-Program,15D-835-288-C,FUEL PIPE,4021,4021,"LOKE,BORAANDGARG PRIVATE LIMITED",2103,1264,153,686,0.6,Red,28958.85,598,408,8,3,89,Fuel System,7.6,A,P1,Buyer Epsilon,Casting,4985.63,1006,89,917,4571822.71,6761825.18,0.44,Monthly,demand_spike,2491.8,2434.78,2748.65,3022.43,3109.62,3253.08,1264,0.0,0.0,0.0,0.0,0.0,0.51,0.0,0.0,0.0,0.0,0.0
Commercial-Vehicle,15D-188-165-P,FUEL PIPE,4066,4066,ROY-SIBAL PRIVATE LIMITED,2321,24775,8,0,10.67,Gray,27769.44,14236,5888,0,1,28,Fuel System,0.43,D,B2,Buyer Gamma,Machining,2961.31,20124,28,20096,59510485.76,79181764.3,8.66,Daily,excess,2760.37,2129.85,2405.67,2134.71,2295.61,2222.72,24775,23055.32,21190.69,19242.44,17335.68,15418.32,8.98,10.82,8.81,9.01,7.55,6.94
India3.0,08K-881-704-A,BRAKE BRACKET,4004,4004,BALANINC PRIVATE LIMITED,650,180,398,72,0.28,Red,6693.38,73,27,7,0,81,Braking,11.55,B,N2,Buyer Epsilon,Electronics,9690.52,100,81,19,184119.88,1587809.96,0.03,Weekly,demand_spike,617.13,914.27,854.79,983.26,1134.16,931.87,180,0.0,0.0,0.0,0.0,0.0,0.29,0.0,0.0,0.0,0.0,0.0
India3.0,12B-319-148-B,SHOCK ABSORBER,4030,4030,"YOHANNAN,LALLANDSANGHA PRIVATE LIMITED",1172,5157,175,0,4.4,Green,12979.84,2333,1720,4,0,95,Suspension,3.54,A,N1,Buyer Beta,Fasteners,9085.82,4053,95,3958,35961675.56,52574137.03,3.38,Monthly,healthy,1079.16,1047.4,1050.44,1283.4,1258.76,1147.06,5157,4257.95,3520.44,2416.38,1493.68,557.82,4.78,4.07,3.35,1.88,1.19,0.49
Commercial-Vehicle,06A-226-973-A,CONTROL ARM,4056,4056,BHATTLLC PRIVATE LIMITED,385,904,48,0,2.35,Green,5276.03,465,192,4,3,45,Suspension,20.39,B,P3,Buyer Delta,Metals,11682.21,657,45,612,7149512.52,10786010.84,1.59,Daily,healthy,412.73,425.84,434.15,440.64,343.35,409.37,904,532.26,178.91,0.0,0.0,0.0,2.19,1.25,0.41,0.0,0.0,0.0
India2.0,04C-884-789-C,INTAKE MANIFOLD,4042,4042,"CHERIAN,MISRAANDTRIPATHI PRIVATE LIMITED",547,497,327,0,0.91,Red,6640.15,253,130,1,3,48,Engine,13.77,D,N1,Buyer Gamma,Forging,9848.71,383,48,335,3299317.85,4356061.42,0.61,Daily,low_coverage,592.63,471.31,541.79,633.56,594.3,587.33,497,121.69,0.0,0.0,0.0,0.0,0.84,0.26,0.0,0.0,0.0,0.0
Passenger-Vehicle,08K-551-334-P,FRAME SUPPORT,4076,4076,KALA-RATTAN PRIVATE LIMITED,1157,13764,126,0,11.9,Gray,15828.06,8699,3312,3,0,89,Chassis,2.25,A,P2,Buyer Gamma,Plastics,4393.12,12011,89,11922,52374776.64,63193395.44,10.3,Daily,excess,1323.19,1141.1,990.45,1325.23,1011.61,1344.04,13764,12811.84,11916.58,10749.65,10000.91,8934.88,10.4,11.23,12.03,8.11,9.89,6.65
Commercial-Vehicle,12B-594-538-C,CONSOLE COVER,4017,4017,BUCH-KAUL PRIVATE LIMITED,617,2243,67,0,3.64,Green,8010.7,1385,647,2,2,17,Interior,3.3,B,P1,Buyer Alpha,Fasteners,6111.13,2032,17,2015,12313926.95,14997380.5,3.27,Daily,healthy,721.21,666.81,683.09,700.09,661.18,638.49,2243,1797.31,1203.14,587.56,97.76,0.0,3.11,2.7,1.76,0.84,0.15,0.0
Passenger-Vehicle,04C-456-894-B,FUEL FILTER,4002,4002,KAPOORANDSONS PRIVATE LIMITED,2088,8941,148,0,4.28,Green,27955.83,3174,2499,2,2,29,Fuel System,19.67,C,B1,Buyer Epsilon,Rubber,11489.82,5673,29,5644,64848544.08,92470023.35,2.7,Daily,healthy,2266.17,1968.94,2345.38,1954.38,2469.25,1846.04,8941,7188.52,5422.72,3785.32,1589.29,0.0,3.95,3.65,2.31,1.94,0.64,0.0
Passenger-Vehicle,08K-747-301-A,TRANSMISSION COVER,4067,4067,"BHAGAT,CHAUDHARIANDBHAT PRIVATE LIMITED",1763,25022,14,0,14.19,Gray,23070.89,16262,5187,3,1,47,Transmission,16.17,A,B1,Buyer Gamma,Rubber,9876.63,21449,47,21402,211379635.26,262194920.7,12.14,Weekly,excess,1862.57,1971.5,1982.01,1610.47,1646.44,1678.53,25022,23428.87,21532.23,20439.34,18885.99,17414.36,13.43,11.88,10.86,12.69,11.47,10.37
Passenger-Vehicle,06A-200-893-P,BODY BRACKET,4033,4033,BATTAINC PRIVATE LIMITED,345,1349,31,0,3.91,Green,4143.86,735,473,2,3,99,Body,13.08,D,N1,Buyer Epsilon,Machining,11232.34,1208,99,1109,12456665.06,15398327.38,3.21,Monthly,healthy,334.87,378.09,363.98,407.28,359.22,332.66,1349,1074.77,815.06,523.51,269.95,135.08,4.03,2.84,2.24,1.29,0.75,0.41
Passenger-Vehicle,12B-445-967-A,SEAT BRACKET,4049,4049,"SUNDER,BISWASANDWALIA PRIVATE LIMITED",1165,3313,127,0,2.84,Green,11941.43,2054,1056,0,3,84,Interior,12.07,D,N1,Buyer Delta,Fasteners,10153.46,3110,84,3026,30724369.96,36291800.6,2.6,Daily,healthy,1383.67,1282.52,1157.99,1359.0,1079.19,1373.08,3313,2443.52,1425.35,227.39,0.0,0.0,2.39,1.91,1.23,0.17,0.0,0.0
India3.0,12B-212-128-B,WATER PUMP,4004,4004,BALANINC PRIVATE LIMITED,614,1159,86,0,1.89,Amber,7900.77,434,428,2,3,41,Cooling,10.53,B,P2,Buyer Beta,Plastics,10390.21,862,41,821,8530362.41,11979008.03,1.34,Weekly,healthy,646.11,712.55,638.98,632.08,681.34,648.38,1159,489.45,59.61,0.0,0.0,0.0,1.79,0.69,0.09,0.0,0.0,0.0
Passenger-Vehicle,04C-708-913-C,FUEL PIPE,4032,4032,UPADHYAYGROUP PRIVATE LIMITED,2030,4348,139,0,2.14,Green,21843.73,1655,797,3,0,40,Fuel System,16.3,D,N2,Buyer Delta,Metals,9448.21,2452,40,2412,22789082.52,41984708.27,1.19,Daily,healthy,2378.44,2254.58,2083.26,2201.38,2056.39,1808.13,4348,2115.12,583.95,0.0,0.0,0.0,1.83,0.94,0.28,0.0,0.0,0.0
Passenger-Vehicle,08K-743-357-A,BRAKE BRACKET,4074,4074,CHANDERANDSONS PRIVATE LIMITED,694,2707,35,0,3.9,Green,9085.44,1299,888,2,1,4,Braking,12.43,D,B1,Buyer Gamma,Machining,6720.25,2187,4,2183,14670305.75,15710986.54,3.15,Weekly,healthy,714.47,670.76,771.23,680.92,782.81,660.38,2707,2248.82,1634.83,1202.15,603.38,44.22,3.79,3.35,2.12,1.77,0.77,0.07
EV-Program,06A-915-578-A,CROSS MEMBER,4030,4030,"YOHANNAN,LALLANDSANGHA PRIVATE LIMITED",1696,18067,79,0,10.65,Gray,23536.61,9968,6397,1,1,96,Chassis,15.29,A,N2,Buyer Beta,Metals,4931.61,16365,96,16269,80232363.09,102064149.46,9.59,Weekly,excess,2032.91,1968.54,1918.24,1939.87,1625.7,1897.44,18067,16398.22,14574.4,12943.1,11510.4,10151.14,8.89,8.33,7.6,6.67,7.08,5.35
India3.0,15D-259-840-P,FUEL RAIL,4065,4065,SANKARLLC PRIVATE LIMITED,1073,4281,41,0,3.99,Green,13148.98,1514,1671,3,1,10,Fuel System,10.52,C,P3,Buyer Gamma,Machining,8468.62,3185,10,3175,26887868.5,32427894.16,2.96,Monthly,healthy,1244.57,925.42,971.32,969.2,1239.36,1006.85,4281,3549.93,2847.0,1911.8,911.98,207.74,3.44,3.84,2.93,1.97,0.74,0.21
EV-Program,12B-732-209-P,WATER PUMP,4064,4064,GUPTA-CHANDRA PRIVATE LIMITED,796,1327,6,0,1.67,Amber,8173.68,851,490,0,2,72,Cooling,18.01,A,N2,Buyer Epsilon,Fasteners,5306.97,1341,72,1269,6734544.93,7007657.22,1.59,Weekly,healthy,947.16,818.03,950.56,831.4,702.51,911.36,1327,638.4,0.0,0.0,0.0,0.0,1.4,0.78,0.0,0.0,0.0,0.0
Commercial-Vehicle,15D-447-922-P,BRAKE CALIPER,4012,4012,PARMERLLC PRIVATE LIMITED,2434,8153,219,0,3.35,Green,25693.36,4121,1339,4,3,26,Braking,4.92,D,P1,Buyer Epsilon,Machining,9469.43,5460,26,5434,51456882.62,80629148.88,2.23,Daily,healthy,2126.55,2136.23,2717.68,2774.69,2671.1,2712.07,8153,6137.59,4104.83,1968.6,64.55,0.0,3.83,2.87,1.51,0.71,0.02,0.0
Passenger-Vehicle,06A-339-497-A,DASHBOARD PANEL,4055,4055,DARA-KOTA PRIVATE LIMITED,2432,4854,235,0,2,Green,30481.63,2858,1342,1,8,112,Interior,24.64,B,P3,Buyer Beta,Metals,1024.19,4200,112,4088,4186888.72,4891069.66,1.68,Weekly,in_transit,2619.5,2268.94,2468.72,2402.38,2818.97,2916.85,4854,2811.79,380.37,0.0,0.0,0.0,1.85,1.24,0.15,0.0,0.0,0.0
Passenger-Vehicle,15D-610-646-P,BRAKE BRACKET,4064,4064,GUPTA-CHANDRA PRIVATE LIMITED,147,525,12,0,3.57,Green,2057.77,270,105,4,0,14,Braking,5.49,A,B2,Buyer Delta,Electronics,1800.9,375,14,361,650124.9,970455.96,2.46,Daily,healthy,160.33,134.83,163.03,159.61,147.93,171.32,525,452.99,339.97,282.3,272.38,162.17,3.27,3.36,2.09,1.77,1.84,0.95
EV-Program,15D-728-220-B,SENSOR ASSEMBLY,4071,4071,MALLICKGROUP PRIVATE LIMITED,941,1190,716,0,1.26,Amber,12581.32,693,440,6,2,39,Electrical,2.72,D,B2,Buyer Alpha,Fasteners,7440.52,1133,39,1094,8139928.88,8780569.55,1.16,Monthly,low_coverage,922.52,1065.24,1026.83,863.14,1103.17,1067.43,1190,468.91,0.0,0.0,0.0,0.0,1.29,0.44,0.0,0.0,0.0,0.0
India2.0,06A-262-486-B,FUEL PIPE,4066,4066,ROY-SIBAL PRIVATE LIMITED,2050,1859,1409,0,0.91,Red,23638.1,1115,721,1,5,0,Fuel System,7.32,B,N1,Buyer Epsilon,Electronics,9020.26,1836,0,1836,16561197.36,18030648.84,0.9,Daily,low_coverage,1960.49,1944.81,1907.7,1861.73,2369.53,1925.97,1859,253.12,0.0,0.0,0.0,0.0,0.95,0.13,0.0,0.0,0.0,0.0
Commercial-Vehicle,12B-723-229-B,ENGINE MOUNT,4075,4075,RAYGROUP PRIVATE LIMITED,608,2440,65,0,4.01,Green,6988.94,952,661,2,0,95,Engine,1.82,C,B1,Buyer Epsilon,Rubber,11895.37,1613,95,1518,18057171.66,24817912.58,2.5,Daily,healthy,713.17,624.81,521.5,524.27,574.15,635.27,2440,1968.85,1586.98,1292.87,906.76,465.62,3.42,3.15,3.04,2.47,1.58,0.73
India3.0,12B-252-669-P,BRAKE PAD,4003,4003,"CHAUDRY,CHAHALANDSAMI PRIVATE LIMITED",1249,4536,6,0,3.63,Green,14126.66,2041,990,2,0,100,Braking,12.12,C,P1,Buyer Epsilon,Forging,9330.5,3031,100,2931,27347695.5,36136716.64,2.35,Weekly,healthy,1394.47,1205.95,1263.31,1094.62,1087.09,1273.87,4536,3481.54,2628.69,1637.99,638.19,0.0,3.25,2.89,2.08,1.5,0.59,0.0
EV-Program,12B-198-701-C,SHOCK ABSORBER,4057,4057,KARPEPLC PRIVATE LIMITED,889,3450,30,0,3.88,Green,10179.19,1643,702,2,0,41,Suspension,15.88,B,P1,Buyer Delta,Casting,935.88,2345,41,2304,2156267.52,2980781.79,2.59,Monthly,healthy,955.09,917.31,1056.47,834.11,926.22,995.04,3450,2826.15,2139.09,1632.6,845.25,53.0,3.61,3.08,2.02,1.96,0.91,0.05
India3.0,15D-818-783-A,FRAME SUPPORT,4061,4061,"KHANNA,MALLICKANDSUNDER PRIVATE LIMITED",1686,3084,81,0,1.83,Amber,22658.11,1852,491,2,4,52,Chassis,10.14,A,P2,Buyer Delta,Forging,9926.34,2343,52,2291,22741244.94,33799225.41,1.36,Monthly,in_transit,1553.68,1445.93,1445.8,1534.59,1679.02,1854.11,3084,1938.89,743.25,0.0,0.0,0.0,1.98,1.34,0.51,0.0,0.0,0.0
Passenger-Vehicle,04C-289-350-P,CONTROL MODULE,4072,4072,BORRAGROUP PRIVATE LIMITED,325,1202,10,0,3.7,Green,3470.69,673,313,3,0,40,Electrical,5.39,A,B2,Buyer Alpha,Electronics,4183.99,986,40,946,3958054.54,4538217.72,2.91,Daily,healthy,385.12,315.49,302.88,290.75,293.14,281.78,1202,1031.48,799.87,636.55,500.71,306.55,3.12,3.27,2.64,2.19,1.71,1.09
India2.0,08K-123-780-B,GEAR HOUSING,4018,4018,RAILLC PRIVATE LIMITED,834,3463,101,0,4.15,Green,11054.98,1274,546,2,0,16,Transmission,4.22,B,B1,Buyer Gamma,Plastics,8966.72,1820,16,1804,16175962.88,33870879.85,2.16,Daily,healthy,788.52,960.99,718.95,728.41,742.98,943.44,3463,2580.98,1896.68,1353.9,832.97,0.0,4.39,2.69,2.64,1.86,1.12,0.0
Passenger-Vehicle,06A-447-710-P,GEAR HOUSING,4022,4022,"KONDA,GADEANDSHERE PRIVATE LIMITED",5468,1338,4270,0,0.24,Red,58654.25,695,397,8,1,5,Transmission,11.74,B,N1,Buyer Beta,Forging,9337.27,1092,5,1087,10149612.49,11542346.16,0.2,Weekly,demand_spike,4663.64,6868.42,6748.4,6452.01,7959.5,8023.44,1338,0.0,0.0,0.0,0.0,0.0,0.29,0.0,0.0,0.0,0.0,0.0
Commercial-Vehicle,12B-186-582-P,CONTROL ARM,4080,4080,"SUR,DUBEYANDGUPTA PRIVATE LIMITED",1469,11848,49,0,8.07,Gray,20221.11,4194,4068,2,2,60,Suspension,21.11,C,N1,Buyer Delta,Machining,2231.06,8262,60,8202,18299154.12,28921685.62,5.58,Daily,excess,1685.99,1531.77,1347.08,1682.36,1519.84,1286.21,11848,10669.83,9510.74,7928.46,6803.97,5752.96,7.03,6.97,7.06,4.71,4.48,4.47
EV-Program,06A-366-831-C,FUEL RAIL,4010,4010,KALELLC PRIVATE LIMITED,1617,2616,44,0,1.62,Amber,21202.89,1286,994,0,0,31,Fuel System,7.94,D,P3,Buyer Epsilon,Metals,1276.82,2280,31,2249,2871568.18,3574501.21,1.39,Weekly,healthy,1506.9,1455.92,1726.81,1386.42,1591.85,1716.81,2616,1423.85,0.0,0.0,0.0,0.0,1.74,0.98,0.0,0.0,0.0,0.0
Commercial-Vehicle,12B-582-794-C,DASHBOARD PANEL,4040,4040,SETTYINC PRIVATE LIMITED,2439,7164,308,0,2.94,Green,26030.41,4165,2143,3,3,22,Interior,4.84,D,P1,Buyer Delta,Plastics,3175.4,6308,22,6286,19960564.4,21682677.15,2.58,Daily,healthy,2572.64,2164.95,2824.51,2853.49,2883.52,2842.95,7164,5230.06,3018.0,331.82,0.0,0.0,2.78,2.42,1.07,0.12,0.0,0.0
India3.0,08K-126-699-B,CLUTCH PLATE,4027,4027,"MURTY,KALAANDTATA PRIVATE LIMITED",1013,5018,126,0,4.95,Green,12162.31,2747,1737,0,3,69,Transmission,17.65,D,P1,Buyer Gamma,Plastics,9871.29,4484,69,4415,43581745.35,52000017.41,4.36,Weekly,healthy,1047.0,919.78,1064.65,1198.49,1057.55,1075.94,5018,4145.82,3216.76,2356.71,1563.69,861.3,4.79,4.51,3.02,1.97,1.48,0.8
India3.0,04C-681-966-P,BRAKE PAD,4073,4073,"CHAUDHARI,BEDIANDZACHARIAH PRIVATE LIMITED",767,3139,93,0,4.09,Green,8149.92,1284,971,4,3,66,Braking,22.53,B,B2,Buyer Alpha,Metals,9781.22,2255,66,2189,21411090.58,28523260.0,2.85,Monthly,healthy,770.59,889.14,920.33,911.8,785.05,905.68,3139,2386.89,1612.49,777.63,40.82,0.0,4.07,2.68,1.75,0.85,0.05,0.0
India3.0,15D-252-546-A,SHOCK ABSORBER,4021,4021,"LOKE,BORAANDGARG PRIVATE LIMITED",2178,5418,10,0,2.49,Green,24030.96,1970,1089,2,2,94,Suspension,2.14,A,P2,Buyer Alpha,Casting,11792.75,3059,94,2965,34965503.75,59071370.15,1.36,Daily,healthy,2194.18,2439.55,2490.73,2547.22,2477.08,1859.43,5418,3478.18,1623.25,0.0,0.0,0.0,2.47,1.43,0.65,0.0,0.0,0.0
India2.0,15D-180-925-C,WATER PUMP,4023,4023,MADAN-KANDA PRIVATE LIMITED,1763,6177,252,0,3.5,Green,19837.53,3802,2139,3,3,13,Cooling,5.03,B,P3,Buyer Delta,Metals,8235.61,5941,13,5928,48820696.08,50085468.42,3.36,Monthly,healthy,1725.24,1767.72,1760.06,1775.17,1659.58,1572.25,6177,4650.13,3048.28,1547.51,66.93,0.0,3.58,2.63,1.73,0.87,0.04,0.0
EV-Program,04C-902-660-A,ENGINE MOUNT,4076,4076,KALA-RATTAN PRIVATE LIMITED,1698,104,738,856,0.06,Red,20424.22,61,37,2,4,67,Engine,23.28,C,P3,Buyer Beta,Forging,5126.49,98,67,31,158921.19,609554.5,0.02,Daily,critical,1693.47,1711.13,1646.14,1647.86,1805.48,2011.84,104,0.0,0.0,0.0,0.0,0.0,0.06,0.0,0.0,0.0,0.0,0.0
India2.0,04C-225-235-C,SENSOR ASSEMBLY,4067,4067,"BHAGAT,CHAUDHARIANDBHAT PRIVATE LIMITED",1301,823,115,363,0.63,Red,15670.39,365,213,8,8,13,Electrical,14.67,D,B1,Buyer Beta,Electronics,7139.26,578,13,565,4033681.9,6277088.03,0.43,Weekly,low_coverage,1218.32,1106.31,1137.06,1197.78,1543.74,1255.63,823,68.43,0.0,0.0,0.0,0.0,0.68,0.06,0.0,0.0,0.0,0.0
EV-Program,12B-533-961-C,CONTROL ARM,4057,4057,KARPEPLC PRIVATE LIMITED,917,3092,121,0,3.37,Green,11530.73,1287,481,3,0,5,Suspension,21.49,C,N2,Buyer Gamma,Plastics,3751.11,1768,5,1763,6613206.93,12033242.91,1.92,Weekly,healthy,1075.59,896.14,1072.79,954.36,887.16,816.98,3092,2433.12,1453.19,803.18,213.81,0.0,2.87,2.72,1.35,0.84,0.24,0.0
Passenger-Vehicle,12B-638-347-P,WIRING HARNESS,4075,4075,RAYGROUP PRIVATE LIMITED,274,835,37,0,3.05,Green,3771.73,383,228,1,2,54,Electrical,19.71,B,N2,Buyer Delta,Machining,2611.68,611,54,557,1454705.76,1901840.87,2.03,Weekly,healthy,311.87,261.61,274.39,263.73,244.52,299.6,835,716.67,468.71,273.65,91.1,0.0,2.68,2.74,1.71,1.04,0.37,0.0
EV-Program,15D-878-545-B,CONTROL MODULE,4023,4023,MADAN-KANDA PRIVATE LIMITED,2048,13840,39,0,6.76,Green,22244.22,5628,3503,2,1,3,Electrical,4.02,D,B1,Buyer Delta,Plastics,9726.34,9131,3,9128,88782031.52,144763374.06,4.46,Weekly,excess,2163.94,1947.25,1888.16,1953.24,1978.6,2391.55,13840,12454.04,10884.4,9401.9,8007.4,5737.41,6.4,6.4,5.76,4.81,4.05,2.4
India2.0,12B-910-674-A,CLUTCH PLATE,4023,4023,MADAN-KANDA PRIVATE LIMITED,664,178,394,92,0.27,Red,9247.66,72,68,5,2,34,Transmission,3.61,D,B1,Buyer Delta,Machining,5758.75,140,34,106,610427.5,929160.72,0.16,Monthly,demand_spike,652.37,829.63,878.9,1154.99,961.32,942.25,178,0.0,0.0,0.0,0.0,0.0,0.27,0.0,0.0,0.0,0.0,0.0
India2.0,12B-716-319-B,FUEL RAIL,4041,4041,"LALL,TELLAANDGOKHALE PRIVATE LIMITED",2345,5339,51,0,2.28,Green,28618.22,2449,1507,2,0,77,Fuel System,6.04,A,P1,Buyer Delta,Rubber,6815.49,3956,77,3879,26437285.71,41206136.3,1.65,Weekly,healthy,2472.38,2580.34,2335.86,2048.03,2683.53,2364.09,5339,3142.99,1247.51,0.0,0.0,0.0,2.16,1.22,0.53,0.0,0.0,0.0
Passenger-Vehicle,04C-395-195-A,ENGINE MOUNT,4057,4057,KARPEPLC PRIVATE LIMITED,2322,8042,70,0,3.46,Green,26873.0,2925,1773,3,2,31,Engine,23.56,A,P1,Buyer Gamma,Rubber,4490.33,4698,31,4667,20956370.11,33789342.68,2.01,Daily,healthy,2386.02,2776.52,2360.58,2023.46,2342.9,2454.87,8042,5973.53,3707.15,1710.0,0.0,0.0,3.37,2.15,1.57,0.85,0.0,0.0
Commercial-Vehicle,04C-844-746-A,BRAKE PAD,4064,4064,GUPTA-CHANDRA PRIVATE LIMITED,573,530,430,0,0.92,Red,7073.65,265,95,2,4,19,Braking,9.49,B,N2,Buyer Gamma,Forging,7956.1,360,19,341,2713030.1,4723961.62,0.6,Daily,low_coverage,618.59,542.8,498.15,638.22,667.96,520.58,530,45.33,0.0,0.0,0.0,0.0,0.86,0.08,0.0,0.0,0.0,0.0
India3.0,04C-738-932-P,CONSOLE COVER,4062,4062,ZACHARIAANDSONS PRIVATE LIMITED,586,1748,61,0,2.98,Green,6209.81,726,588,1,1,82,Interior,19.84,A,B1,Buyer Epsilon,Electronics,1920.56,1314,82,1232,2366129.92,3013295.87,2.1,Weekly,healthy,575.79,687.63,526.02,575.11,606.33,635.82,1748,1162.71,765.6,352.54,0.0,0.0,3.04,1.69,1.46,0.61,0.0,0.0
EV-Program,08K-850-413-A,,4036,4036,SIDHU-WADHWA PRIVATE LIMITED,718,3542,45,0,4.93,Green,9507.92,1385,1147,3,1,47,Electrical,22.6,D,P2,Buyer Delta,Electronics,7210.73,2532,47,2485,17918664.05,23455174.99,3.46,Weekly,healthy,618.13,758.23,619.37,763.85,744.39,846.38,3542,2967.68,2544.04,2005.33,1362.5,734.01,5.73,3.91,4.11,2.63,1.83,0.87
Commercial-Vehicle,08K-959-553-P,BRAKE PAD,4025,4025,MUTTIGROUP PRIVATE LIMITED,966,4157,136,0,4.3,Green,10483.8,1918,1340,3,2,86,Braking,11.99,D,P1,Buyer Gamma,Metals,2482.21,3258,86,3172,7873570.12,10745455.59,3.28,Monthly,healthy,1108.33,987.64,1148.76,857.31,932.64,906.39,4157,3391.25,2492.42,1753.71,1134.68,338.33,3.75,3.43,2.17,2.05,1.22,0.37
Commercial-Vehicle,12B-335-100-C,BRAKE CALIPER,4029,4029,DEWAN-KOSHY PRIVATE LIMITED,1982,1157,689,136,0.58,Red,19955.67,444,397,4,2,42,Braking,15.65,D,B2,Buyer Gamma,Machining,2818.36,841,42,799,2251869.64,3463338.02,0.4,Daily,demand_spike,1853.11,2181.99,2462.9,2712.86,3643.2,3124.57,1157,0.0,0.0,0.0,0.0,0.0,0.62,0.0,0.0,0.0,0.0,0.0
India3.0,06A-156-813-P,SHOCK ABSORBER,4079,4079,MANGAL-SAMPATH PRIVATE LIMITED,1875,1816,1148,0,0.97,Red,25851.11,948,708,3,6,79,Suspension,18.17,A,B2,Buyer Delta,Casting,3780.42,1656,79,1577,5961722.34,6013427.94,0.84,Daily,low_coverage,1605.57,1938.6,1938.95,2128.94,1835.97,1991.83,1816,133.05,0.0,0.0,0.0,0.0,1.13,0.07,0.0,0.0,0.0,0.0
Passenger-Vehicle,04C-103-388-C,DOOR PANEL,4022,4022,"KONDA,GADEANDSHERE PRIVATE LIMITED",1625,7932,18,0,4.88,Green,21616.2,3511,2543,4,3,48,Body,5.06,B,N1,Buyer Alpha,Plastics,10966.01,6054,48,6006,65861856.06,76827820.8,3.7,Monthly,healthy,1423.28,1807.12,1906.99,1490.38,1908.55,1467.32,7932,6508.09,4734.89,3557.35,1985.08,683.11,5.57,3.6,2.48,2.39,1.04,0.47
India2.0,04C-121-779-C,BRAKE CALIPER,4069,4069,HANDAANDSONS PRIVATE LIMITED,797,1421,88,0,1.78,Amber,11111.82,547,527,4,1,58,Braking,18.68,B,B1,Buyer Epsilon,Electronics,10955.57,1074,58,1016,11130859.12,13332886.56,1.27,Daily,healthy,779.3,825.0,705.58,764.21,722.44,743.89,1421,722.18,166.6,0.0,0.0,0.0,1.82,0.88,0.24,0.0,0.0,0.0
India3.0,06A-319-492-B,SENSOR ASSEMBLY,4013,4013,"LALLA,BASSIANDSHARAF PRIVATE LIMITED",1502,2282,106,0,1.52,Amber,20863.32,1184,728,4,2,62,Electrical,20.23,B,N1,Buyer Alpha,Forging,9094.35,1912,62,1850,16824547.5,19392976.73,1.23,Weekly,healthy,1631.07,1294.35,1714.86,1629.29,1303.22,1382.44,2282,1286.64,0.0,0.0,0.0,0.0,1.4,0.99,0.0,0.0,0.0,0.0
India3.0,04C-596-304-C,WIRING HARNESS,4045,4045,NAIKGROUP PRIVATE LIMITED,1568,3427,209,0,2.19,Green,16478.98,1797,748,3,0,47,Electrical,3.88,C,N1,Buyer Gamma,Forging,9741.85,2545,47,2498,24335141.3,31468737.24,1.59,Monthly,healthy,1817.18,1454.71,1742.76,1877.44,1551.35,1593.16,3427,2228.74,593.58,0.0,0.0,0.0,1.89,1.53,0.34,0.0,0.0,0.0
India3.0,12B-409-177-P,DOOR PANEL,4052,4052,"SAMPATH,KAKARANDZACHARIA PRIVATE LIMITED",507,818,27,0,1.61,Amber,6667.48,287,239,4,0,71,Body,6.54,C,B2,Buyer Beta,Rubber,5349.26,526,71,455,2433913.3,4800557.96,0.9,Daily,healthy,529.47,606.49,551.19,524.96,605.14,471.35,818,390.49,0.0,0.0,0.0,0.0,1.54,0.64,0.0,0.0,0.0,0.0
India2.0,06A-945-950-C,FRAME SUPPORT,4049,4049,"SUNDER,BISWASANDWALIA PRIVATE LIMITED",1402,4320,3,0,3.08,Green,18102.59,1974,782,3,3,56,Chassis,21.63,D,P3,Buyer Epsilon,Casting,9068.9,2756,56,2700,24486030.0,36334326.83,1.93,Daily,in_transit,1339.79,1457.39,1600.3,1534.25,1537.67,1319.91,4320,3278.52,1756.45,451.24,0.0,0.0,3.22,2.25,1.1,0.29,0.0,0.0
Passenger-Vehicle,06A-440-831-B,CLUTCH PLATE,4058,4058,AMBLEINC PRIVATE LIMITED,1757,8744,218,0,4.98,Green,18374.93,5476,3464,2,7,252,Transmission,11.75,B,P3,Buyer Gamma,Fasteners,7974.83,8940,252,8688,69285323.04,66091766.65,4.94,Monthly,in_transit,1918.24,1755.28,1590.37,1605.97,2011.04,1745.94,8744,7227.15,5872.21,4405.74,2744.73,1080.61,4.56,4.12,3.69,2.74,1.36,0.62
Passenger-Vehicle,06A-144-926-P,BRAKE CALIPER,4022,4022,"KONDA,GADEANDSHERE PRIVATE LIMITED",466,1780,65,0,3.82,Green,5120.71,748,324,1,0,93,Braking,18.06,A,P2,Buyer Alpha,Forging,2331.2,1072,93,979,2282244.8,3855708.8,2.1,Daily,healthy,539.17,443.03,551.83,502.99,528.18,457.75,1780,1422.91,982.85,611.6,140.46,0.0,3.3,3.21,1.78,1.22,0.27,0.0
India3.0,15D-914-800-P,BONNET ASSEMBLY,4007,4007,SENPLC PRIVATE LIMITED,5544,4066,228,1250,0.73,Red,69560.38,2498,793,3,2,11,Body,21.76,D,P3,Buyer Alpha,Machining,5585.07,3291,11,3280,18319029.6,22726729.35,0.59,Weekly,demand_spike,5311.7,7768.36,8662.84,6450.6,7317.3,8516.66,4066,0.0,0.0,0.0,0.0,0.0,0.77,0.0,0.0,0.0,0.0,0.0
India3.0,06A-627-983-P,GEAR HOUSING,4017,4017,BUCH-KAUL PRIVATE LIMITED,0,128,1,0,,Gray,0.0,51,40,3,2,4,Transmission,4.93,C,B2,Buyer Gamma,Rubber,10446.14,91,4,87,908814.18,1451822.94,,Monthly,zero_demand,0.0,0.0,0.0,0.0,0.0,0.0,128,263.0,269.0,338.0,390.0,492.0,,,,,,
Passenger-Vehicle,06A-380-374-P,BONNET ASSEMBLY,4056,4056,BHATTLLC PRIVATE LIMITED,1628,3618,105,0,2.22,Green,16645.39,1301,765,0,3,80,Body,16.31,A,P3,Buyer Epsilon,Plastics,1888.69,2066,80,1986,3750938.34,6294784.77,1.22,Daily,healthy,1609.22,1408.5,1631.89,1536.82,1396.23,1805.13,3618,2642.73,1238.7,48.37,0.0,0.0,2.25,1.88,0.76,0.03,0.0,0.0
Commercial-Vehicle,15D-323-226-A,BRAKE CALIPER,4057,4057,KARPEPLC PRIVATE LIMITED,2319,2865,1343,0,1.24,Amber,24793.41,1385,647,6,6,43,Braking,6.29,B,P3,Buyer Gamma,Electronics,10584.07,2032,43,1989,21051715.23,32856104.98,0.86,Monthly,low_coverage,2474.35,2251.01,2394.3,2323.3,2160.22,2547.04,2865,831.36,0.0,0.0,0.0,0.0,1.16,0.37,0.0,0.0,0.0,0.0
Commercial-Vehicle,04C-785-851-P,INTAKE MANIFOLD,4035,4035,BHATT-RAJAN PRIVATE LIMITED,793,131,284,378,0.17,Red,8776.52,61,38,6,2,100,Engine,8.67,A,N1,Buyer Alpha,Electronics,2167.81,99,100,0,0.0,264675.78,0.0,Monthly,critical,926.76,917.1,827.14,774.42,848.93,744.07,131,0.0,0.0,0.0,0.0,0.0,0.14,0.0,0.0,0.0,0.0,0.0
India2.0,04C-513-449-C,SHOCK ABSORBER,4068,4068,NORI-CHOPRA PRIVATE LIMITED,625,179,224,222,0.29,Red,6417.32,88,54,8,7,6,Suspension,3.63,D,N1,Buyer Beta,Casting,3215.89,142,6,136,437361.04,630186.63,0.22,Weekly,critical,538.45,535.25,571.19,694.19,597.63,673.75,179,0.0,0.0,0.0,0.0,0.0,0.33,0.0,0.0,0.0,0.0,0.0
EV-Program,12B-337-444-P,SHOCK ABSORBER,4045,4045,NAIKGROUP PRIVATE LIMITED,1542,6587,221,0,4.27,Green,16255.66,4098,2283,0,3,22,Suspension,18.65,B,B2,Buyer Delta,Electronics,834.86,6381,22,6359,5308874.74,6019540.75,4.12,Monthly,healthy,1459.0,1749.49,1580.08,1592.13,1538.58,1796.17,6587,4945.97,3733.01,2239.22,952.36,0.0,4.51,2.83,2.36,1.41,0.62,0.0
India2.0,15D-778-341-B,GEAR HOUSING,4058,4058,AMBLEINC PRIVATE LIMITED,529,995,23,0,1.88,Amber,6580.93,368,397,2,2,66,Transmission,3.43,B,P1,Buyer Alpha,Forging,1303.11,765,66,699,910873.89,1474139.65,1.32,Daily,healthy,566.89,480.83,466.46,557.99,544.47,565.16,995,611.63,312.94,0.0,0.0,0.0,1.76,1.27,0.67,0.0,0.0,0.0
Passenger-Vehicle,08K-306-178-P,BODY BRACKET,4011,4011,CHANDAGROUP PRIVATE LIMITED,1293,5974,177,0,4.62,Green,15268.36,2230,2183,0,1,32,Body,7.39,A,P3,Buyer Epsilon,Fasteners,5818.26,4413,32,4381,25489797.06,39272105.37,3.39,Weekly,healthy,1106.88,1241.21,1493.69,1508.41,1519.6,1193.65,5974,5058.72,3864.71,2647.99,1335.49,436.55,5.4,4.08,2.59,1.76,0.88,0.37
Passenger-Vehicle,04C-934-688-C,SEAT BRACKET,4023,4023,MADAN-KANDA PRIVATE LIMITED,38,134,0,0,3.53,Green,506.64,49,46,0,3,68,Interior,15.68,A,N1,Buyer Delta,Electronics,10530.22,95,68,27,284315.94,1469052.51,0.71,Daily,healthy,40.26,34.92,43.12,37.32,33.47,44.76,134,138.26,134.32,103.47,82.89,87.12,3.33,3.96,3.11,2.77,2.48,1.95
India2.0,04C-652-516-P,BRAKE PAD,4072,4072,BORRAGROUP PRIVATE LIMITED,95,91,7,0,0.96,Red,1202.29,38,35,7,6,46,Braking,19.45,B,B1,Buyer Alpha,Casting,5192.96,73,46,27,140209.92,533172.03,0.28,Monthly,low_coverage,82.42,103.45,83.03,95.55,111.65,103.33,91,105.66,157.59,224.34,186.37,199.83,1.1,1.02,1.9,2.35,1.67,1.93
Passenger-Vehicle,08K-439-594-A,SENSOR ASSEMBLY,4073,4073,"CHAUDHARI,BEDIANDZACHARIAH PRIVATE LIMITED",651,476,281,0,0.73,Red,8088.69,225,174,3,2,74,Electrical,1.17,C,P1,Buyer Beta,Machining,11220.82,399,74,325,3646766.5,5541300.27,0.5,Weekly,demand_spike,644.72,1110.43,979.0,910.91,847.26,909.11,476,0.0,0.0,0.0,0.0,0.0,0.74,0.0,0.0,0.0,0.0,0.0
Passenger-Vehicle,12B-196-323-P,GEAR HOUSING,4060,4060,NARAYANANINC PRIVATE LIMITED,2053,9613,117,0,4.68,Green,25856.9,4358,2858,1,1,62,Transmission,0.1,C,N2,Buyer Alpha,Fasteners,11721.92,7216,62,7154,83858615.68,119922540.26,3.48,Weekly,healthy,2031.26,2185.13,2299.64,2221.2,1870.55,1875.64,9613,7894.5,5787.57,4122.84,2451.07,772.23,4.73,3.61,2.52,1.86,1.31,0.41
Commercial-Vehicle,04C-630-171-B,GEAR HOUSING,4008,4008,AHUJA-DUTTA PRIVATE LIMITED,1153,489,735,0,0.42,Red,13104.73,260,147,4,3,65,Transmission,17.4,A,B1,Buyer Delta,Fasteners,2026.35,407,65,342,693011.7,1115402.51,0.3,Monthly,demand_spike,1071.16,1439.31,1442.16,2038.04,1515.19,1800.41,489,0.0,0.0,0.0,0.0,0.0,0.46,0.0,0.0,0.0,0.0,0.0
Passenger-Vehicle,04C-795-515-B,DOOR PANEL,4028,4028,SHANKER-DHAR PRIVATE LIMITED,2176,14305,155,0,6.57,Green,25211.35,6511,2940,2,3,46,Body,19.57,D,N2,Buyer Gamma,Forging,2253.51,9451,46,9405,21194261.55,27996782.57,4.32,Weekly,excess,1883.05,2162.02,2313.48,2210.9,2057.84,1983.59,14305,12595.2,10649.62,8763.77,6930.1,5290.48,7.6,5.83,4.6,3.96,3.37,2.67
EV-Program,06A-730-550-P,CONSOLE COVER,4002,4002,KAPOORANDSONS PRIVATE LIMITED,1387,4084,106,0,2.94,Green,16790.19,1974,775,2,1,73,Interior,24.83,A,P1,Buyer Alpha,Electronics,6633.75,2749,73,2676,17751915.0,25110060.04,1.93,Monthly,healthy,1590.5,1436.11,1312.15,1270.37,1617.96,1257.64,4084,2743.43,1527.55,413.77,0.0,0.0,2.57,1.91,1.16,0.33,0.0,0.0
Passenger-Vehicle,04C-175-870-C,BONNET ASSEMBLY,4074,4074,CHANDERANDSONS PRIVATE LIMITED,1284,4949,150,0,3.85,Green,13128.16,1912,1765,4,0,38,Body,21.59,B,B2,Buyer Gamma,Fasteners,7968.43,3677,38,3639,28997116.77,43289089.78,2.83,Monthly,healthy,1208.34,1135.26,1182.46,1459.1,1489.8,1105.26,4949,4177.91,3297.64,2271.53,957.14,0.0,4.1,3.68,2.79,1.56,0.64,0.0
Passenger-Vehicle,12B-353-408-B,BRAKE BRACKET,4058,4058,AMBLEINC PRIVATE LIMITED,605,785,139,0,1.3,Amber,7854.89,489,254,7,4,56,Braking,11.11,D,P2,Buyer Gamma,Fasteners,7312.31,743,56,687,5023556.97,5674395.29,1.14,Daily,low_coverage,539.22,704.03,529.77,616.69,599.88,715.34,785,152.57,0.0,0.0,0.0,0.0,1.46,0.22,0.0,0.0,0.0,0.0
Commercial-Vehicle,04C-975-629-B,CLUTCH PLATE,4012,4012,PARMERLLC PRIVATE LIMITED,901,3648,46,0,4.05,Green,10139.87,1626,1270,3,2,60,Transmission,17.1,D,P3,Buyer Alpha,Fasteners,4415.05,2896,60,2836,12521081.8,18120272.51,3.15,Daily,healthy,864.33,830.66,1041.25,790.37,835.0,962.22,3648,2864.24,2084.07,1455.31,816.88,160.97,4.22,3.45,2.0,1.84,0.98,0.17
Commercial-Vehicle,06A-758-618-P,CONSOLE COVER,4068,4068,NORI-CHOPRA PRIVATE LIMITED,344,190,247,0,0.55,Red,3580.83,97,40,8,0,77,Interior,21.07,D,N2,Buyer Epsilon,Metals,9106.08,137,77,60,546364.8,1512833.82,0.17,Daily,demand_spike,404.75,514.26,515.76,548.73,405.25,589.99,190,0.0,0.0,0.0,0.0,0.0,0.47,0.0,0.0,0.0,0.0,0.0
India3.0,12B-174-783-A,GEAR HOUSING,4028,4028,SHANKER-DHAR PRIVATE LIMITED,958,2736,103,0,2.86,Green,11333.39,1441,1067,0,3,74,Transmission,20.31,A,B2,Buyer Epsilon,Fasteners,11889.0,2508,74,2434,28937826.0,35328701.82,2.54,Monthly,healthy,1013.46,941.97,846.01,1080.87,1008.97,886.46,2736,2060.05,1478.26,713.66,59.58,0.0,2.7,2.19,1.75,0.66,0.06,0.0
Commercial-Vehicle,04C-208-376-B,OIL FILTER HOUSING,4078,4078,RAMAKRISHNANLLC PRIVATE LIMITED,649,1221,54,0,1.88,Amber,7722.72,630,262,2,3,291,Engine,16.96,D,N1,Buyer Alpha,Casting,5526.04,892,291,601,3321150.04,6608288.18,0.93,Monthly,in_transit,669.68,738.95,553.77,761.74,555.57,668.04,1221,645.38,277.49,0.0,0.0,0.0,1.82,0.87,0.5,0.0,0.0,0.0
India3.0,15D-828-254-C,CONTROL ARM,4017,4017,BUCH-KAUL PRIVATE LIMITED,2037,14020,74,0,6.88,Green,25970.93,5810,5551,4,1,64,Suspension,7.95,C,P2,Buyer Epsilon,Rubber,6675.03,11361,64,11297,75407813.91,98773013.14,5.55,Weekly,excess,1786.13,2247.72,2088.98,1844.65,2379.99,1778.9,14020,12116.33,10144.42,8635.17,6870.67,5549.44,7.85,5.39,4.86,4.68,2.89,3.12
Commercial-Vehicle,08K-592-641-B,WATER PUMP,4060,4060,NARAYANANINC PRIVATE LIMITED,662,2953,39,0,4.46,Green,9255.77,1716,769,1,3,55,Cooling,10.91,C,N1,Buyer Gamma,Metals,5081.8,2485,55,2430,12348774.0,12880399.8,3.67,Daily,healthy,623.43,609.54,719.12,628.19,579.48,595.55,2953,2519.49,1919.99,1409.15,970.08,517.34,4.74,4.13,2.67,2.24,1.67,0.87
India3.0,06A-540-275-A,CLUTCH PLATE,4003,4003,"CHAUDRY,CHAHALANDSAMI PRIVATE LIMITED",1631,2699,39,0,1.65,Amber,20308.7,1214,541,3,2,18,Transmission,8.13,C,B1,Buyer Gamma,Rubber,10942.5,1755,18,1737,19007122.5,31549069.44,1.06,Daily,healthy,1883.49,1724.31,1840.63,1427.3,1880.41,1778.3,2699,1438.94,192.95,0.0,0.0,0.0,1.43,0.83,0.1,0.0,0.0,0.0
India2.0,12B-560-412-P,CONTROL MODULE,4054,4054,"PRAKASH,SARMAANDVARUGHESE PRIVATE LIMITED",668,1642,49,0,2.46,Green,9202.76,759,528,1,0,36,Electrical,13.17,D,N2,Buyer Gamma,Electronics,5801.58,1287,36,1251,7257776.58,8682108.87,1.87,Weekly,healthy,673.46,742.95,690.62,754.22,677.93,743.08,1642,1127.71,476.37,0.0,0.0,0.0,2.44,1.52,0.69,0.0,0.0,0.0
EV-Program,04C-704-176-C,INTAKE MANIFOLD,4069,4069,HANDAANDSONS PRIVATE LIMITED,1139,1216,773,0,1.07,Amber,15277.78,546,477,6,8,2,Engine,1.36,B,B1,Buyer Beta,Electronics,10042.75,1023,2,1021,10253647.75,11327966.56,0.9,Weekly,low_coverage,1198.57,1313.18,1089.41,1125.32,1253.53,1273.66,1216,67.24,0.0,0.0,0.0,0.0,1.01,0.05,0.0,0.0,0.0,0.0
Commercial-Vehicle,15D-575-868-B,CROSS MEMBER,4055,4055,DARA-KOTA PRIVATE LIMITED,2462,2951,768,0,1.2,Amber,25943.74,1820,1023,4,2,35,Chassis,6.95,A,P2,Buyer Beta,Fasteners,7439.13,2843,35,2808,20889077.04,25182188.41,1.14,Weekly,low_coverage,2148.75,2676.35,2403.41,2421.84,2658.8,2689.0,2951,1014.32,0.0,0.0,0.0,0.0,1.37,0.38,0.0,0.0,0.0,0.0
India3.0,04C-254-443-B,FUEL PIPE,4002,4002,KAPOORANDSONS PRIVATE LIMITED,1113,36,551,526,0.03,Red,12853.12,15,10,5,2,84,Fuel System,23.75,B,B1,Buyer Beta,Forging,3727.38,25,84,0,0.0,124280.8,0.0,Daily,critical,1156.35,1104.92,1242.04,1229.63,985.39,1174.59,36,0.0,0.0,0.0,0.0,0.0,0.03,0.0,0.0,0.0,0.0,0.0
Commercial-Vehicle,12B-786-193-B,WIRING HARNESS,4055,4055,DARA-KOTA PRIVATE LIMITED,748,1240,71,0,1.66,Amber,10152.18,747,419,3,0,52,Electrical,22.34,C,P3,Buyer Beta,Fasteners,11473.73,1166,52,1114,12781735.22,12108377.98,1.49,Weekly,healthy,675.66,844.02,823.02,659.33,865.55,732.52,1240,611.5,0.0,0.0,0.0,0.0,1.84,0.72,0.0,0.0,0.0,0.0
Commercial-Vehicle,06A-525-533-P,DASHBOARD PANEL,4056,4056,BHATTLLC PRIVATE LIMITED,2112,1159,1449,0,0.55,Red,26885.56,415,377,6,7,19,Interior,15.25,C,P3,Buyer Epsilon,Casting,295.84,792,19,773,228684.32,302687.61,0.37,Monthly,low_coverage,2341.91,2067.98,1999.62,2154.64,1874.56,1852.63,1159,0.0,0.0,0.0,0.0,0.0,0.49,0.0,0.0,0.0,0.0,0.0
India2.0,06A-491-195-B,SHOCK ABSORBER,4058,4058,AMBLEINC PRIVATE LIMITED,774,2100,103,0,2.71,Green,10102.13,993,589,0,2,7,Suspension,0.31,A,P2,Buyer Delta,Forging,10284.75,1582,7,1575,16198481.25,20235268.17,2.03,Monthly,healthy,891.46,869.65,850.4,849.21,706.12,854.03,2100,1424.02,617.07,0.0,0.0,0.0,2.36,1.64,0.73,0.0,0.0,0.0
Passenger-Vehicle,08K-734-949-P,SUSPENSION BRACKET,4019,4019,PATLA-GABA PRIVATE LIMITED,635,2329,78,0,3.67,Green,8700.21,1299,638,3,0,4,Suspension,8.47,A,N2,Buyer Gamma,Plastics,11941.09,1937,4,1933,23082126.97,30681168.5,3.04,Weekly,healthy,612.63,620.16,625.48,667.59,608.35,703.48,2329,1825.99,1249.34,807.26,304.86,0.0,3.8,2.94,2.0,1.21,0.5,0.0
India2.0,04C-620-154-P,RADIATOR PIPE,4003,4003,"CHAUDRY,CHAHALANDSAMI PRIVATE LIMITED",544,2464,51,0,4.53,Green,7102.9,902,429,1,2,175,Cooling,11.8,B,N2,Buyer Epsilon,Machining,4701.42,1331,175,1156,5434841.52,12810197.85,2.12,Weekly,in_transit,467.2,468.77,515.02,542.16,567.82,601.74,2464,2126.83,1800.24,1416.0,1025.36,585.13,5.27,4.54,3.5,2.61,1.81,0.97
Commercial-Vehicle,08K-602-483-P,CONTROL MODULE,4023,4023,MADAN-KANDA PRIVATE LIMITED,2179,4148,323,0,1.9,Amber,25694.87,2681,1444,1,1,33,Electrical,5.28,C,P2,Buyer Epsilon,Electronics,4091.36,4125,33,4092,16741845.12,14897616.9,1.88,Monthly,healthy,2467.65,1890.32,2475.0,2107.3,2587.26,2490.92,4148,2707.03,263.89,0.0,0.0,0.0,1.68,1.43,0.11,0.0,0.0,0.0
India3.0,12B-244-447-C,RADIATOR PIPE,4027,4027,"MURTY,KALAANDTATA PRIVATE LIMITED",2405,11314,119,0,4.7,Green,26472.14,4424,2880,0,2,8,Cooling,22.93,B,P1,Buyer Alpha,Electronics,7840.96,7304,8,7296,57207644.16,96453414.71,3.03,Monthly,healthy,2591.27,2085.69,2222.27,2334.88,2524.02,2474.61,11314,9329.72,7542.66,5858.9,3802.57,1850.32,4.37,4.47,3.39,2.51,1.51,0.75
EV-Program,04C-338-195-P,WIRING HARNESS,4036,4036,SIDHU-WADHWA PRIVATE LIMITED,317,1001,23,0,3.16,Green,3616.29,423,327,1,8,220,Electrical,15.79,D,B2,Buyer Epsilon,Machining,1132.6,750,220,530,600278.0,1233584.5,1.67,Daily,in_transit,374.39,281.01,371.73,352.19,270.24,321.6,1001,928.95,745.38,510.28,277.9,61.12,2.67,3.31,2.01,1.45,1.03,0.19
Passenger-Vehicle,04C-419-439-B,CHASSIS BRACKET,4077,4077,GALAGROUP PRIVATE LIMITED,596,2294,60,0,3.85,Green,8029.3,1010,487,3,3,97,Chassis,6.2,D,B1,Buyer Gamma,Metals,2733.79,1497,97,1400,3827306.0,7114952.74,2.35,Weekly,healthy,608.7,559.5,592.87,520.77,529.44,569.16,2294,1945.61,1518.62,1174.33,788.83,392.13,3.77,3.48,2.56,2.25,1.49,0.69
Commercial-Vehicle,04C-978-375-P,CONSOLE COVER,4056,4056,BHATTLLC PRIVATE LIMITED,655,2284,17,0,3.49,Green,7858.35,1121,499,4,0,23,Interior,21.72,A,B1,Buyer Epsilon,Rubber,4392.95,1620,23,1597,7015541.15,10547619.1,2.44,Monthly,healthy,624.06,594.26,673.27,702.92,600.87,731.9,2284,1839.78,1335.99,734.98,308.99,0.0,3.66,3.1,1.98,1.05,0.51,0.0
EV-Program,04C-327-615-A,COOLING FAN,4070,4070,"SEN,DEYANDSAMI PRIVATE LIMITED",191,1394,11,0,7.3,Green,2440.26,890,307,4,3,33,Cooling,12.09,C,N2,Buyer Epsilon,Casting,832.54,1197,33,1164,969076.56,1263425.87,6.09,Daily,excess,166.5,208.29,227.49,173.27,201.33,191.91,1394,1247.77,1071.0,981.26,859.91,779.72,8.37,5.99,4.71,5.66,4.27,4.06
Passenger-Vehicle,04C-325-374-C,BODY BRACKET,4020,4020,PANT-KADAKIA PRIVATE LIMITED,836,2644,37,0,3.16,Green,10953.64,975,586,1,8,211,Body,17.13,C,P3,Buyer Epsilon,Casting,8747.47,1561,211,1350,11809084.5,21432034.67,1.61,Monthly,in_transit,932.92,815.75,749.91,777.54,812.95,883.11,2644,2076.75,1593.82,915.97,350.6,0.0,2.83,2.55,2.13,1.18,0.43,0.0
India3.0,06A-196-246-C,CROSS MEMBER,4028,4028,SHANKER-DHAR PRIVATE LIMITED,449,17,114,318,0.04,Red,6064.32,10,2,4,2,18,Chassis,23.31,B,B1,Buyer Epsilon,Metals,1519.14,12,18,0,0.0,28420.86,0.0,Daily,critical,448.72,524.06,447.59,501.04,513.64,404.91,17,0.0,0.0,0.0,0.0,0.0,0.04,0.0,0.0,0.0,0.0,0.0
Passenger-Vehicle,06A-494-382-C,OIL FILTER HOUSING,4057,4057,KARPEPLC PRIVATE LIMITED,2258,8551,245,0,3.79,Green,23262.14,4334,1361,0,2,45,Engine,8.8,C,N1,Buyer Gamma,Electronics,6601.24,5695,45,5650,37297006.0,61244522.59,2.5,Daily,healthy,2608.81,2614.1,2242.61,2167.9,2671.38,2611.65,8551,6650.0,4801.61,3125.49,906.49,0.0,3.28,2.54,2.14,1.44,0.34,0.0
India2.0,06A-891-138-P,FRAME SUPPORT,4039,4039,MEMONGROUP PRIVATE LIMITED,2166,2997,434,0,1.38,Amber,22961.98,1416,944,8,2,76,Chassis,7.18,D,P3,Buyer Epsilon,Electronics,4371.88,2360,76,2284,9985373.92,13571693.25,1.05,Daily,low_coverage,1884.27,2202.44,2117.39,1871.27,2157.9,2098.89,2997,1148.51,0.0,0.0,0.0,0.0,1.59,0.52,0.0,0.0,0.0,0.0
India3.0,15D-950-140-A,CONTROL MODULE,4062,4062,ZACHARIAANDSONS PRIVATE LIMITED,1299,4643,57,0,3.57,Green,17573.6,2328,1282,3,2,65,Electrical,11.14,A,B1,Buyer Epsilon,Forging,6170.7,3610,65,3545,21875131.5,30038955.1,2.73,Monthly,healthy,1323.95,1558.03,1518.07,1303.84,1501.96,1305.23,4643,3484.78,2073.46,847.5,0.0,0.0,3.51,2.24,1.37,0.65,0.0,0.0
Passenger-Vehicle,15D-382-224-A,COOLING FAN,4048,4048,BRARINC PRIVATE LIMITED,381,1893,30,0,4.97,Green,4612.07,1215,573,1,5,101,Cooling,12.93,A,N2,Buyer Epsilon,Plastics,2268.16,1788,101,1687,3826385.92,4243349.68,4.43,Monthly,in_transit,328.73,364.67,342.62,376.72,395.7,382.55,1893,1675.87,1446.33,1203.69,985.06,723.54,5.76,4.6,4.22,3.2,2.49,1.89
Commercial-Vehicle,12B-151-778-A,BODY BRACKET,4022,4022,"KONDA,GADEANDSHERE PRIVATE LIMITED",2471,6235,269,0,2.52,Green,32276.42,3960,1488,0,2,60,Body,24.08,D,P1,Buyer Beta,Rubber,4704.46,5448,60,5388,25347630.48,26072727.51,2.18,Daily,healthy,2390.63,2619.89,2761.17,2220.21,2756.9,2598.33,6235,4272.64,1633.12,0.0,0.0,0.0,2.61,1.63,0.59,0.0,0.0,0.0
Passenger-Vehicle,08K-831-575-P,TRANSMISSION COVER,4044,4044,ZACHARIAPLC PRIVATE LIMITED,2071,7668,106,0,3.7,Green,21039.02,3890,2808,4,6,65,Transmission,20.1,A,B1,Buyer Delta,Casting,9286.4,6698,65,6633,61596691.2,70469533.21,3.2,Daily,in_transit,1957.05,2039.12,2137.74,2293.67,2436.29,1765.0,7668,6124.81,4427.53,2342.9,329.43,0.0,3.92,3.0,2.07,1.02,0.14,0.0
EV-Program,15D-725-665-A,DOOR PANEL,4011,4011,CHANDAGROUP PRIVATE LIMITED,1148,1406,458,0,1.22,Amber,16060.58,657,494,1,5,57,Body,22.3,A,N1,Buyer Beta,Fasteners,1993.81,1151,57,1094,2181228.14,2994631.37,0.95,Daily,low_coverage,1273.11,1127.48,1000.23,1196.19,1157.2,1224.8,1406,469.79,0.0,0.0,0.0,0.0,1.1,0.42,0.0,0.0,0.0,0.0
EV-Program,08K-475-250-P,CONSOLE COVER,4080,4080,"SUR,DUBEYANDGUPTA PRIVATE LIMITED",507,2111,46,0,4.16,Green,5913.95,1310,597,1,1,30,Interior,0.3,C,N2,Buyer Beta,Plastics,6280.48,1907,30,1877,11788460.96,14845638.28,3.7,Weekly,healthy,472.94,462.82,511.21,544.83,548.6,603.7,2111,1818.46,1395.35,1017.5,680.72,323.42,4.46,3.93,2.73,1.87,1.24,0.54
India3.0,06A-900-946-P,FUEL FILTER,4005,4005,KAULPLC PRIVATE LIMITED,824,1615,84,0,1.96,Amber,8751.72,591,446,1,4,2,Fuel System,10.6,A,B2,Buyer Beta,Plastics,6993.84,1037,2,1035,7238624.4,12153698.49,1.26,Monthly,in_transit,881.1,885.56,910.18,729.53,886.77,891.78,1615,813.64,171.33,0.0,0.0,0.0,1.83,0.92,0.19,0.0,0.0,0.0
India3.0,06A-785-775-P,SUSPENSION BRACKET,4077,4077,GALAGROUP PRIVATE LIMITED,1542,7133,20,0,4.63,Green,21495.63,4052,1693,2,1,2,Suspension,11.99,D,N2,Buyer Alpha,Machining,4856.1,5745,2,5743,27888582.3,39764316.59,3.72,Daily,healthy,1846.8,1746.9,1765.73,1605.29,1628.79,1459.46,7133,5915.67,4684.54,3570.9,2305.39,1109.67,3.86,3.39,2.65,2.22,1.42,0.76
India3.0,04C-125-799-B,GEAR HOUSING,4036,4036,SIDHU-WADHWA PRIVATE LIMITED,0,221,1,0,,Gray,0.0,87,71,0,3,61,Transmission,17.34,C,P3,Buyer Gamma,Metals,5005.23,158,61,97,485507.31,1232962.63,,Weekly,zero_demand,0.0,0.0,0.0,0.0,0.0,0.0,221,293.0,389.0,456.0,555.0,683.0,,,,,,
Commercial-Vehicle,04C-224-296-B,TRANSMISSION COVER,4077,4077,GALAGROUP PRIVATE LIMITED,1689,7161,0,0,4.24,Green,21109.87,3812,2001,1,3,95,Transmission,13.38,A,B1,Buyer Beta,Metals,4018.15,5813,95,5718,22975781.7,26482116.62,3.39,Weekly,healthy,1996.37,1535.86,1856.43,1931.94,1920.27,2018.5,7161,5788.69,4055.96,2463.4,1001.41,0.0,3.59,3.77,2.18,1.28,0.52,0.0
Passenger-Vehicle,12B-582-373-C,FRAME SUPPORT,4045,4045,NAIKGROUP PRIVATE LIMITED,0,127,0,0,,Gray,0.0,52,43,4,0,60,Chassis,14.9,D,N2,Buyer Alpha,Rubber,6727.96,95,60,35,235478.6,829906.73,,Weekly,zero_demand,0.0,0.0,0.0,0.0,0.0,0.0,127,144.0,160.0,172.0,173.0,208.0,,,,,,
India2.0,08K-645-709-C,SHOCK ABSORBER,4025,4025,MUTTIGROUP PRIVATE LIMITED,973,4786,77,0,4.92,Green,11846.47,2123,753,2,3,46,Suspension,14.7,B,B1,Buyer Beta,Machining,8672.65,2876,46,2830,24543599.5,39535163.62,2.91,Daily,healthy,929.13,855.44,940.92,1062.22,878.49,1027.03,4786,4130.78,3503.45,2678.67,2062.31,1368.29,5.15,4.83,3.72,2.52,2.35,1.33
Commercial-Vehicle,06A-729-161-A,DASHBOARD PANEL,4026,4026,BHATTI-KAKAR PRIVATE LIMITED,633,992,36,0,1.57,Amber,7627.41,586,234,2,0,2,Interior,18.9,D,B2,Buyer Beta,Metals,5190.91,820,2,818,4246164.38,4485549.89,1.29,Monthly,healthy,708.01,549.29,590.88,601.13,684.28,674.46,992,602.58,175.03,0.0,0.0,0.0,1.4,1.1,0.3,0.0,0.0,0.0
Commercial-Vehicle,04C-735-839-B,BRAKE PAD,4048,4048,BRARINC PRIVATE LIMITED,2207,296,468,1443,0.13,Red,22802.1,159,96,1,6,100,Braking,11.94,B,P1,Buyer Alpha,Casting,3034.57,255,100,155,470358.35,837911.93,0.07,Monthly,critical,2353.85,2599.27,2422.47,2506.16,2636.01,2589.6,296,0.0,0.0,0.0,0.0,0.0,0.13,0.0,0.0,0.0,0.0,0.0
India3.0,12B-842-157-C,DOOR PANEL,4054,4054,"PRAKASH,SARMAANDVARUGHESE PRIVATE LIMITED",2169,24645,283,0,11.36,Gray,26689.61,15376,8330,2,2,28,Body,22.39,D,P2,Buyer Alpha,Machining,8657.72,23706,28,23678,204997494.16,197114079.65,10.92,Monthly,excess,2257.21,2253.16,2372.06,2047.76,2397.49,2011.21,24645,22794.64,21064.51,19258.88,17020.45,15537.99,10.92,10.12,8.88,9.4,7.1,7.73
India2.0,08K-529-959-B,SENSOR ASSEMBLY,4064,4064,GUPTA-CHANDRA PRIVATE LIMITED,1160,1787,145,0,1.54,Amber,14298.08,820,470,3,2,60,Electrical,7.98,B,P1,Buyer Gamma,Plastics,5472.82,1290,60,1230,6731568.6,9579698.95,1.06,Weekly,healthy,1080.55,1347.99,1259.75,1369.94,1347.48,1052.05,1787,819.16,0.0,0.0,0.0,0.0,1.65,0.61,0.0,0.0,0.0,0.0
India2.0,04C-658-541-A,CONSOLE COVER,4026,4026,BHATTI-KAKAR PRIVATE LIMITED,2459,3107,323,0,1.26,Amber,33308.22,1696,746,8,8,1,Interior,5.35,C,B2,Buyer Gamma,Rubber,2479.38,2442,1,2441,6052166.58,8206581.0,0.99,Weekly,low_coverage,2285.72,2790.07,2570.88,2302.65,2100.98,2121.72,3107,863.95,0.0,0.0,0.0,0.0,1.36,0.31,0.0,0.0,0.0,0.0
India3.0,06A-961-352-B,CROSS MEMBER,4064,4064,GUPTA-CHANDRA PRIVATE LIMITED,338,7,111,220,0.02,Red,4404.7,4,2,5,1,96,Chassis,0.74,C,B2,Buyer Epsilon,Rubber,1638.35,6,96,0,0.0,11571.07,0.0,Monthly,critical,379.94,359.86,354.42,364.41,374.82,395.72,7,0.0,0.0,0.0,0.0,0.0,0.02,0.0,0.0,0.0,0.0,0.0
EV-Program,06A-965-999-A,CONTROL ARM,4070,4070,"SEN,DEYANDSAMI PRIVATE LIMITED",825,3199,62,0,3.88,Green,8924.78,1432,1202,1,0,41,Suspension,5.05,A,N1,Buyer Beta,Machining,2552.07,2634,41,2593,6617517.51,7335250.0,3.14,Weekly,healthy,882.88,970.97,865.4,976.76,974.05,800.06,3199,2410.57,1724.53,943.01,220.07,0.0,3.62,2.48,1.99,0.97,0.23,0.0
EV-Program,15D-211-700-P,FUEL FILTER,4005,4005,KAULPLC PRIVATE LIMITED,2166,5475,71,0,#DIV/0!,Green,26255.67,2907,1670,0,0,34,Fuel System,12.38,D,P1,Buyer Gamma,Fasteners,5767.18,4577,34,4543,26200298.74,35398235.64,2.1,Monthly,healthy,2045.87,1989.39,2426.43,2227.97,2435.7,1992.13,5475,3780.39,1674.42,0.0,0.0,0.0,2.68,1.9,0.69,0.0,0.0,0.0
India2.0,15D-429-607-A,FUEL RAIL,4028,4028,SHANKER-DHAR PRIVATE LIMITED,2085,4392,35,0,2.11,Green,29006.43,2731,1062,3,1,21,Fuel System,2.31,D,N2,Buyer Gamma,Forging,664.3,3793,21,3772,2505739.6,2935397.28,1.81,Weekly,healthy,1824.68,1954.11,1857.54,2143.08,2177.18,2414.9,4392,2881.71,1234.58,0.0,0.0,0.0,2.41,1.47,0.66,0.0,0.0,0.0
Commercial-Vehicle,06A-497-565-B,BONNET ASSEMBLY,4050,4050,DAVELTD PRIVATE LIMITED,2103,1354,1281,0,0.64,Red,21356.18,477,278,6,5,25,Body,20.99,B,B1,Buyer Beta,Machining,11732.55,755,25,730,8564761.5,15871082.36,0.35,Daily,low_coverage,1997.99,2393.75,1818.17,2134.32,1986.49,2427.1,1354,0.0,0.0,0.0,0.0,0.0,0.68,0.0,0.0,0.0,0.0,0.0
EV-Program,15D-206-905-C,FRAME SUPPORT,4074,4074,CHANDERANDSONS PRIVATE LIMITED,340,451,15,0,1.33,Amber,4288.53,200,165,3,2,61,Chassis,2.46,C,P2,Buyer Gamma,Casting,5310.99,365,61,304,1614540.96,2361174.56,0.89,Daily,low_coverage,346.33,308.2,312.75,402.17,302.12,379.05,451,314.11,154.97,0.0,0.0,0.0,1.3,1.02,0.5,0.0,0.0,0.0
India2.0,04C-794-577-B,BODY BRACKET,4041,4041,"LALL,TELLAANDGOKHALE PRIVATE LIMITED",2212,2378,364,0,1.08,Amber,22752.46,1460,744,2,4,90,Body,8.84,A,N1,Buyer Gamma,Rubber,2570.89,2204,90,2114,5434861.46,6352388.99,0.96,Daily,low_coverage,2246.74,1951.16,1898.1,2320.71,2050.98,2006.16,2378,520.47,0.0,0.0,0.0,0.0,1.06,0.27,0.0,0.0,0.0,0.0
India3.0,04C-966-122-B,SENSOR ASSEMBLY,4001,4001,"CHOUDHURY,BAKSHIANDMAHARAJ PRIVATE LIMITED",2220,9473,333,0,4.27,Green,23644.8,3701,1473,1,2,6,Electrical,17.26,D,P3,Buyer Beta,Metals,8997.76,5174,6,5168,46500423.68,79841585.51,2.33,Monthly,healthy,2002.08,2586.85,2292.55,2276.33,2043.31,2148.23,9473,7566.65,5359.84,3491.64,1787.65,0.0,4.73,2.93,2.34,1.53,0.87,0.0
EV-Program,15D-318-278-B,BONNET ASSEMBLY,4021,4021,"LOKE,BORAANDGARG PRIVATE LIMITED",1239,3484,56,0,2.81,Green,12880.74,1991,1329,1,0,75,Body,0.51,C,P2,Buyer Delta,Plastics,3349.73,3320,75,3245,10869873.85,10014293.74,2.62,Daily,healthy,1265.37,1451.44,1266.91,1439.02,1058.73,1251.36,3484,2408.75,1374.62,54.83,0.0,0.0,2.75,1.66,1.09,0.04,0.0,0.0
Commercial-Vehicle,08K-737-440-B,FUEL RAIL,4046,4046,CHOUDHURYLLC PRIVATE LIMITED,1929,4768,178,0,2.47,Green,19539.85,2180,943,0,0,53,Fuel System,22.4,C,P1,Buyer Beta,Fasteners,5754.97,3123,53,3070,17667757.9,26850289.24,1.59,Daily,healthy,2130.12,2050.85,1717.79,2021.93,2079.09,2132.02,4768,3016.91,1770.43,0.0,0.0,0.0,2.24,1.47,1.03,0.0,0.0,0.0
Commercial-Vehicle,15D-246-743-B,GEAR HOUSING,4074,4074,CHANDERANDSONS PRIVATE LIMITED,1277,4397,4,0,3.44,Green,15426.09,2312,1107,2,1,71,Transmission,20.58,A,P3,Buyer Gamma,Fasteners,10360.65,3419,71,3348,34687456.2,48468796.35,2.62,Weekly,healthy,1212.83,1448.4,1466.36,1160.52,1188.53,1524.41,4397,3170.4,1993.87,1117.22,0.0,0.0,3.63,2.19,1.36,0.96,0.0,0.0
India2.0,06A-340-794-C,BONNET ASSEMBLY,4022,4022,"KONDA,GADEANDSHERE PRIVATE LIMITED",2475,22098,229,0,8.93,Gray,28252.78,10136,5721,1,1,100,Body,0.31,B,P2,Buyer Beta,Fasteners,4301.32,15857,100,15757,67775899.24,90615474.17,6.37,Daily,excess,2909.31,2790.15,2658.14,2318.89,2218.23,2878.06,22098,19557.11,17445.33,15520.08,13475.29,10665.01,7.6,7.01,6.56,6.69,6.07,3.71
Commercial-Vehicle,06A-979-273-P,SENSOR ASSEMBLY,4056,4056,BHATTLLC PRIVATE LIMITED,1462,4359,194,0,2.98,Green,15290.41,2674,1536,4,0,36,Electrical,6.75,B,N1,Buyer Epsilon,Metals,1701.77,4210,36,4174,7103187.98,7163950.58,2.85,Weekly,healthy,1541.2,1496.34,1415.27,1523.79,1483.47,1317.1,4359,3097.75,1782.07,689.2,0.0,0.0,2.83,2.07,1.26,0.45,0.0,0.0
India3.0,15D-487-393-P,DASHBOARD PANEL,4024,4024,"NAIR,BHALLAANDKARNIK PRIVATE LIMITED",2290,29370,332,0,12.83,Gray,27802.34,14883,8615,4,0,11,Interior,9.86,B,N1,Buyer Delta,Plastics,10904.33,23498,11,23487,256109998.71,323998327.36,10.26,Daily,excess,2675.37,2210.29,2565.33,2636.02,2691.35,2535.48,29370,27754.93,25547.71,23048.77,20457.37,18514.81,10.98,12.56,9.96,8.74,7.6,7.3
EV-Program,15D-597-991-P,BRAKE CALIPER,4077,4077,GALAGROUP PRIVATE LIMITED,310,1496,42,0,4.83,Green,4225.62,784,525,3,2,83,Braking,22.41,A,B1,Buyer Delta,Metals,8055.33,1309,83,1226,9875834.58,11804292.18,3.95,Weekly,healthy,299.02,320.75,327.5,271.68,301.33,304.17,1496,1244.55,987.79,859.97,609.41,410.41,5.0,3.88,3.02,3.17,2.02,1.35
India2.0,15D-545-245-B,DASHBOARD PANEL,4062,4062,ZACHARIAANDSONS PRIVATE LIMITED,111,465,5,0,4.19,Green,1218.21,195,125,4,1,47,Interior,15.08,D,P2,Buyer Epsilon,Forging,9561.67,320,47,273,2610335.91,4308247.32,2.46,Monthly,healthy,102.07,123.86,121.66,129.89,99.1,125.41,465,371.68,364.38,302.39,307.86,233.54,4.56,3.0,3.0,2.33,3.11,1.86
Commercial-Vehicle,12B-903-997-A,BRAKE BRACKET,4063,4063,"SOLANKI,KIBEANDSOLANKI PRIVATE LIMITED",567,2296,74,0,4.05,Green,5800.1,1069,784,1,1,32,Braking,9.8,D,P3,Buyer Delta,Machining,3081.39,1853,32,1821,5611211.19,7658734.87,3.21,Monthly,healthy,563.17,542.89,483.22,650.03,612.07,603.22,2296,1901.18,1529.3,965.88,495.67,98.61,4.08,3.5,3.16,1.49,0.81,0.16
Commercial-Vehicle,12B-457-634-P,BRAKE BRACKET,4004,4004,BALANINC PRIVATE LIMITED,817,10024,95,0,12.27,Gray,11144.13,3822,2788,0,3,2,Braking,5.25,B,B2,Buyer Gamma,Forging,3742.74,6610,2,6608,24732025.92,36484598.46,8.09,Weekly,excess,795.0,743.63,732.63,889.15,737.82,796.91,10024,9443.88,8985.34,8153.87,7532.58,6947.8,12.61,12.7,12.26,9.17,10.21,8.72
India2.0,08K-776-482-C,FUEL RAIL,4049,4049,"SUNDER,BISWASANDWALIA PRIVATE LIMITED",969,11899,98,0,12.28,Gray,11270.96,4591,4654,1,3,57,Fuel System,24.27,B,N2,Buyer Beta,Fasteners,4784.95,9245,57,9188,43964120.6,48484995.25,9.48,Monthly,excess,912.15,1034.64,987.09,842.99,957.92,942.0,11899,11098.45,10244.09,9488.28,8585.93,7890.39,13.05,10.73,10.38,11.26,8.96,8.38
Passenger-Vehicle,08K-183-406-P,BRAKE CALIPER,4016,4016,"BOASE,BATHANDKARI PRIVATE LIMITED",1679,11,545,1123,0.01,Red,19701.13,6,3,8,4,77,Braking,0.49,A,P1,Buyer Epsilon,Plastics,1759.56,9,77,0,0.0,19837.59,0.0,Weekly,critical,1890.01,1794.6,1991.86,1545.71,1582.42,1864.02,11,0.0,0.0,0.0,0.0,0.0,0.01,0.0,0.0,0.0,0.0,0.0
Commercial-Vehicle,12B-635-487-P,FUEL FILTER,4063,4063,"SOLANKI,KIBEANDSOLANKI PRIVATE LIMITED",1731,3656,120,0,2.11,Green,20458.87,1413,853,2,3,59,Fuel System,13.34,D,P3,Buyer Gamma,Rubber,6552.42,2266,59,2207,14461190.94,24181645.34,1.27,Daily,healthy,1642.82,1932.4,2000.81,1538.69,1984.93,1483.98,3656,1964.57,591.1,0.0,0.0,0.0,2.23,1.02,0.3,0.0,0.0,0.0
India2.0,15D-723-967-A,BRAKE PAD,4026,4026,BHATTI-KAKAR PRIVATE LIMITED,855,1251,449,0,1.46,Amber,11363.71,447,248,5,7,56,Braking,4.18,C,P1,Buyer Beta,Plastics,1508.83,695,56,639,964142.37,1627064.76,0.75,Monthly,low_coverage,859.49,836.72,805.68,753.83,870.35,892.0,1251,678.13,98.47,0.0,0.0,0.0,1.46,0.81,0.12,0.0,0.0,0.0
India2.0,04C-480-298-B,BRAKE BRACKET,4059,4059,"BHARGAVA,KARNIKANDBIR PRIVATE LIMITED",0,204,1,0,,Gray,0.0,100,65,0,2,1,Braking,15.9,D,N2,Buyer Alpha,Plastics,4113.9,165,1,164,674679.6,829055.0,,Monthly,zero_demand,0.0,0.0,0.0,0.0,0.0,0.0,204,208.0,257.0,287.0,305.0,356.0,,,,,,
Commercial-Vehicle,15D-511-340-P,FRAME SUPPORT,4053,4053,"IYER,MUNIANDRASTOGI PRIVATE LIMITED",3764,1933,350,1481,0.51,Red,46690.58,1146,681,7,2,17,Chassis,16.29,B,N1,Buyer Epsilon,Machining,6412.03,1827,17,1810,11605774.3,11507873.61,0.48,Monthly,demand_spike,3777.16,4247.28,5060.34,5400.05,4920.01,4275.13,1933,0.0,0.0,0.0,0.0,0.0,0.51,0.0,0.0,0.0,0.0,0.0
India2.0,04C-152-437-P,BRAKE BRACKET,4047,4047,KHATRI-BHARDWAJ PRIVATE LIMITED,1940,6772,232,0,#DIV/0!,Green,24846.76,3148,1897,3,2,88,Braking,2.41,C,B2,Buyer Beta,Machining,8682.74,5045,88,4957,43040342.18,50554409.47,2.56,Weekly,healthy,2289.19,2116.19,1945.36,2228.99,2005.95,2157.46,6772,4940.38,3508.79,1792.39,106.86,0.0,2.96,2.33,1.8,0.8,0.05,0.0
Passenger-Vehicle,06A-992-513-P,GEAR HOUSING,4001,4001,"CHOUDHURY,BAKSHIANDMAHARAJ PRIVATE LIMITED",226,528,20,0,2.34,Green,2834.84,294,108,4,0,66,Transmission,15.49,A,N2,Buyer Gamma,Machining,4413.95,402,66,336,1483087.2,2074717.21,1.49,Monthly,healthy,259.86,227.5,206.36,226.61,223.58,265.66,528,440.15,268.93,68.63,0.0,0.0,2.03,1.93,1.3,0.3,0.0,0.0
Passenger-Vehicle,15D-971-328-A,OIL FILTER HOUSING,4049,4049,"SUNDER,BISWASANDWALIA PRIVATE LIMITED",992,49,441,502,0.05,Red,11865.37,27,16,4,6,51,Engine,11.31,B,P3,Buyer Alpha,Casting,8708.06,43,51,0,0.0,485972.42,0.0,Monthly,critical,871.65,1097.46,874.37,1145.71,980.12,945.75,49,0.0,0.0,0.0,0.0,0.0,0.06,0.0,0.0,0.0,0.0,0.0
India2.0,06A-943-327-C,RADIATOR PIPE,4032,4032,UPADHYAYGROUP PRIVATE LIMITED,1808,4291,71,0,2.37,Green,20852.37,1697,1424,3,2,17,Cooling,15.85,D,P1,Buyer Epsilon,Rubber,7042.0,3121,17,3104,21858368.0,34662449.09,1.72,Daily,healthy,2006.61,2151.69,2086.37,1955.69,1854.33,1647.16,4291,2240.42,474.75,0.0,0.0,0.0,2.14,1.04,0.23,0.0,0.0,0.0
Commercial-Vehicle,04C-330-245-A,CONSOLE COVER,4009,4009,"SAMI,OAKANDMALL PRIVATE LIMITED",1024,1021,398,0,1,Amber,10701.02,419,176,4,4,75,Interior,19.02,D,B2,Buyer Alpha,Plastics,8296.76,595,75,520,4314315.2,8702335.47,0.51,Daily,low_coverage,993.44,1109.71,996.3,926.94,1071.4,877.95,1021,52.29,0.0,0.0,0.0,0.0,1.03,0.05,0.0,0.0,0.0,0.0
EV-Program,15D-989-927-P,GEAR HOUSING,4031,4031,"RASTOGI,PATHAKANDKANDA PRIVATE LIMITED",1623,7628,154,0,4.7,Green,16294.83,3176,2847,0,1,42,Transmission,21.85,A,B2,Buyer Alpha,Machining,3775.2,6023,42,5981,22579471.2,29319934.29,3.69,Weekly,healthy,1856.33,1772.75,1584.51,1446.65,1666.58,1727.5,7628,6046.04,4534.41,3105.89,1720.25,225.76,4.11,3.41,2.86,2.15,1.03,0.13
Commercial-Vehicle,12B-662-709-C,SUSPENSION BRACKET,4076,4076,KALA-RATTAN PRIVATE LIMITED,851,2941,10,0,3.46,Green,9809.18,1378,547,0,2,49,Suspension,1.48,D,P2,Buyer Gamma,Electronics,3436.8,1925,49,1876,6447436.8,10631181.56,2.2,Daily,healthy,870.18,764.66,786.44,884.02,871.13,997.79,2941,2334.63,1688.87,934.85,262.66,0.0,3.38,3.05,2.15,1.06,0.3,0.0
Passenger-Vehicle,15D-107-483-A,BRAKE BRACKET,4003,4003,"CHAUDRY,CHAHALANDSAMI PRIVATE LIMITED",2110,111,813,1186,0.05,Red,28876.09,62,32,3,4,100,Braking,24.43,A,B2,Buyer Beta,Machining,7377.46,94,100,0,0.0,885817.33,0.0,Daily,critical,2341.99,2321.31,2036.81,2504.14,2393.06,2027.73,111,0.0,0.0,0.0,0.0,0.0,0.05,0.0,0.0,0.0,0.0,0.0
EV-Program,06A-765-433-P,OIL FILTER HOUSING,4003,4003,"CHAUDRY,CHAHALANDSAMI PRIVATE LIMITED",5218,4046,2722,0,0.78,Red,54455.23,1420,1238,1,2,12,Engine,21.46,C,N2,Buyer Delta,Forging,11272.99,2658,12,2646,29828331.54,49668474.11,0.51,Weekly,demand_spike,5797.74,6599.29,7958.15,6420.25,7067.1,6679.62,4046,0.0,0.0,0.0,0.0,0.0,0.7,0.0,0.0,0.0,0.0,0.0
India2.0,15D-264-981-A,CHASSIS BRACKET,4012,4012,PARMERLLC PRIVATE LIMITED,1234,1383,387,0,1.12,Amber,13382.74,496,277,2,7,100,Chassis,7.87,A,B1,Buyer Beta,Casting,5103.51,773,100,673,3434662.23,7360844.21,0.55,Daily,low_coverage,1334.66,1438.07,1257.72,1094.3,1103.49,1106.59,1383,209.2,0.0,0.0,0.0,0.0,1.04,0.15,0.0,0.0,0.0,0.0
Passenger-Vehicle,15D-835-632-P,ENGINE MOUNT,4002,4002,KAPOORANDSONS PRIVATE LIMITED,2375,62,593,1720,0.03,Red,25286.19,31,17,7,1,73,Engine,16.18,D,N1,Buyer Delta,Fasteners,9058.65,48,73,0,0.0,626535.49,0.0,Weekly,critical,2215.34,2564.78,2751.17,2559.28,2337.22,2799.71,62,0.0,0.0,0.0,0.0,0.0,0.03,0.0,0.0,0.0,0.0,0.0
EV-Program,08K-975-173-A,WIRING HARNESS,4021,4021,"LOKE,BORAANDGARG PRIVATE LIMITED",952,3194,73,0,3.36,Green,10679.65,1205,932,2,2,205,Electrical,22.87,B,P2,Buyer Alpha,Metals,11042.52,2137,205,1932,21334148.64,38002233.71,2.03,Monthly,in_transit,914.8,931.82,1035.93,1069.02,1023.66,930.29,3194,2338.66,1460.5,645.02,0.0,0.0,3.49,2.51,1.41,0.6,0.0,0.0
EV-Program,08K-205-840-A,WATER PUMP,4061,4061,"KHANNA,MALLICKANDSUNDER PRIVATE LIMITED",1255,8703,92,0,6.93,Green,14523.74,5459,1583,0,0,1,Cooling,21.93,D,B2,Buyer Beta,Forging,9916.79,7042,1,7041,69824118.39,74962749.92,5.61,Daily,excess,1479.62,1451.84,1504.17,1348.22,1505.13,1402.6,8703,7662.42,6215.1,5068.74,4061.52,2821.7,5.88,5.28,4.13,3.76,2.7,2.01
Passenger-Vehicle,15D-190-614-C,BRAKE CALIPER,4080,4080,"SUR,DUBEYANDGUPTA PRIVATE LIMITED",471,705,221,0,#DIV/0!,Amber,6231.4,281,153,5,8,76,Braking,9.99,C,N1,Buyer Delta,Casting,10142.22,434,76,358,3630914.76,7680241.86,0.76,Weekly,low_coverage,531.45,499.43,460.65,434.33,495.73,460.87,705,409.59,107.6,0.0,0.0,0.0,1.33,0.82,0.23,0.0,0.0,0.0
Commercial-Vehicle,06A-906-610-A,BRAKE PAD,4079,4079,MANGAL-SAMPATH PRIVATE LIMITED,576,46,158,372,0.08,Red,7249.83,22,10,8,1,52,Braking,8.93,D,N1,Buyer Epsilon,Fasteners,9014.58,32,52,0,0.0,434890.45,0.0,Weekly,critical,578.81,504.27,573.92,682.18,654.22,655.13,46,0.0,0.0,0.0,0.0,0.0,0.08,0.0,0.0,0.0,0.0,0.0
India2.0,08K-139-997-C,CLUTCH PLATE,4014,4014,"DASH,RADHAKRISHNANANDBRAR PRIVATE LIMITED",2184,2114,1381,0,0.97,Red,23607.1,1131,748,4,4,50,Transmission,20.46,A,N2,Buyer Gamma,Metals,7121.79,1879,50,1829,13025753.91,14746585.22,0.84,Daily,low_coverage,1879.44,2576.29,2585.05,2381.28,2296.22,2107.36,2114,0.0,0.0,0.0,0.0,0.0,1.12,0.0,0.0,0.0,0.0,0.0
Passenger-Vehicle,15D-327-754-B,COOLING FAN,4033,4033,BATTAINC PRIVATE LIMITED,1353,3199,92,0,2.36,Green,14261.81,1249,849,4,3,114,Cooling,16.1,B,N1,Buyer Epsilon,Metals,10200.78,2098,114,1984,20238347.52,33483931.7,1.47,Monthly,in_transit,1380.05,1177.99,1206.5,1536.07,1211.33,1442.71,3199,2130.18,1181.38,0.0,0.0,0.0,2.32,1.81,0.98,0.0,0.0,0.0
India2.0,06A-864-912-A,ENGINE MOUNT,4046,4046,CHOUDHURYLLC PRIVATE LIMITED,1101,1847,106,0,1.68,Amber,15089.73,1179,647,4,3,67,Engine,6.19,A,B1,Buyer Epsilon,Machining,10304.81,1826,67,1759,18126160.79,16203887.49,1.6,Monthly,healthy,990.0,1187.42,1219.61,1290.3,1233.17,1225.79,1847,1037.04,0.0,0.0,0.0,0.0,1.87,0.87,0.0,0.0,0.0,0.0
India3.0,12B-657-797-C,FUEL PIPE,4023,4023,MADAN-KANDA PRIVATE LIMITED,1247,4021,64,0,3.22,Green,15158.49,2566,1499,4,0,92,Fuel System,6.82,D,P3,Buyer Epsilon,Metals,596.44,4065,92,3973,2369656.12,2337463.94,3.19,Weekly,healthy,1281.54,1181.67,1099.96,1155.06,1189.15,1355.77,4021,3218.5,2242.76,1276.08,166.63,0.0,3.14,2.72,2.04,1.1,0.14,0.0
India3.0,06A-241-962-P,OIL FILTER HOUSING,4049,4049,"SUNDER,BISWASANDWALIA PRIVATE LIMITED",254,866,36,0,3.41,Green,3188.48,532,225,1,3,13,Engine,22.73,A,B2,Buyer Alpha,Electronics,8700.14,757,13,744,6472904.16,7249082.07,2.93,Daily,healthy,295.67,286.29,245.98,258.83,231.91,249.33,866,708.63,489.99,309.99,187.2,112.36,2.93,2.48,1.99,1.2,0.81,0.45
Commercial-Vehicle,12B-787-387-C,BRAKE PAD,4016,4016,"BOASE,BATHANDKARI PRIVATE LIMITED",249,189,145,0,0.76,Red,3185.49,78,49,8,4,45,Braking,16.69,B,P2,Buyer Gamma,Machining,2606.23,127,45,82,213710.86,498875.4,0.33,Weekly,low_coverage,242.78,236.23,270.27,219.87,277.07,287.23,189,3.65,0.0,0.0,0.0,0.0,0.78,0.02,0.0,0.0,0.0,0.0
India3.0,04C-189-452-B,BODY BRACKET,4067,4067,"BHAGAT,CHAUDHARIANDBHAT PRIVATE LIMITED",701,519,185,0,0.74,Red,8262.13,259,140,7,8,86,Body,1.87,A,P3,Buyer Epsilon,Metals,10866.83,399,86,313,3401317.79,4850036.37,0.45,Monthly,low_coverage,795.55,737.91,706.37,647.93,772.53,788.28,519,0.0,0.0,0.0,0.0,0.0,0.65,0.0,0.0,0.0,0.0,0.0
India2.0,15D-113-683-C,WIRING HARNESS,4024,4024,"NAIR,BHALLAANDKARNIK PRIVATE LIMITED",1718,1246,212,260,0.73,Red,21740.3,748,390,5,2,93,Electrical,3.99,B,P1,Buyer Alpha,Forging,8134.21,1138,93,1045,8500249.45,11269538.59,0.61,Monthly,low_coverage,1950.11,1847.88,1868.73,1880.92,1965.69,1515.71,1246,0.0,0.0,0.0,0.0,0.0,0.64,0.0,0.0,0.0,0.0,0.0
EV-Program,04C-950-715-B,BONNET ASSEMBLY,4042,4042,"CHERIAN,MISRAANDTRIPATHI PRIVATE LIMITED",2455,19692,317,0,8.02,Gray,29663.57,7753,7291,3,3,40,Body,4.03,D,B1,Buyer Delta,Electronics,5716.06,15044,40,15004,85763764.24,113225649.68,6.11,Monthly,excess,2175.6,2561.62,2253.68,2334.37,2281.16,2449.4,19692,17332.79,15345.69,13682.89,12054.59,10238.15,9.05,6.77,6.81,5.86,5.28,4.18
Commercial-Vehicle,12B-699-712-B,SHOCK ABSORBER,4056,4056,BHATTLLC PRIVATE LIMITED,630,1445,86,0,2.29,Green,7013.56,739,315,3,0,61,Suspension,8.68,D,P1,Buyer Delta,Metals,6956.67,1054,61,993,6907973.31,8768443.98,1.58,Daily,healthy,632.55,601.13,622.46,633.87,742.85,694.23,1445,1103.35,630.1,52.1,0.0,0.0,2.28,1.84,1.01,0.08,0.0,0.0
Passenger-Vehicle,12B-862-136-P,CONSOLE COVER,4007,4007,SENPLC PRIVATE LIMITED,1049,1307,367,0,1.25,Amber,13429.9,607,256,1,6,98,Interior,11.43,A,N1,Buyer Epsilon,Fasteners,8066.45,863,98,765,6170834.25,9903451.98,0.73,Weekly,low_coverage,1058.37,960.49,1085.45,1123.6,913.74,1127.67,1307,565.61,0.0,0.0,0.0,0.0,1.23,0.59,0.0,0.0,0.0,0.0
EV-Program,08K-710-872-C,CONTROL MODULE,4021,4021,"LOKE,BORAANDGARG PRIVATE LIMITED",1886,5553,252,0,2.94,Green,22208.71,2795,2192,2,2,257,Electrical,11.49,D,P2,Buyer Epsilon,Fasteners,6096.87,4987,257,4730,28838195.1,28892477.64,2.51,Monthly,in_transit,2016.54,2058.36,1934.67,2177.43,2215.16,2168.4,5553,3609.95,1730.23,0.0,0.0,0.0,2.75,1.75,0.89,0.0,0.0,0.0
Passenger-Vehicle,04C-254-700-A,CLUTCH PLATE,4065,4065,SANKARLLC PRIVATE LIMITED,1067,13352,118,0,12.51,Gray,12292.01,5305,4718,1,0,65,Transmission,22.39,B,P2,Buyer Epsilon,Plastics,8101.93,10023,65,9958,80679018.94,107797220.2,9.33,Monthly,excess,1199.44,1059.01,1160.25,1235.97,953.14,1002.4,13352,12528.23,11736.61,10855.59,9934.53,9163.84,11.13,11.83,10.12,8.78,10.42,9.14
EV-Program,06A-657-342-C,SENSOR ASSEMBLY,4078,4078,RAMAKRISHNANLLC PRIVATE LIMITED,2111,10126,37,0,4.8,Green,22904.23,5814,1626,2,1,62,Electrical,8.05,A,P3,Buyer Beta,Plastics,94.53,7440,62,7378,697442.34,975815.55,3.5,Monthly,healthy,2156.41,2330.99,2049.15,1949.37,2527.81,2149.72,10126,8254.86,6493.49,4750.33,2745.33,820.39,4.7,3.54,3.17,2.44,1.09,0.38
Commercial-Vehicle,06A-683-980-B,DOOR PANEL,4028,4028,SHANKER-DHAR PRIVATE LIMITED,171,431,15,0,2.52,Green,2338.19,274,122,2,2,39,Body,13.45,B,N1,Buyer Gamma,Forging,10862.87,396,39,357,3878044.59,4767519.98,2.09,Monthly,in_transit,178.65,197.86,189.72,181.98,163.65,165.96,431,320.01,298.67,160.42,97.69,55.59,2.41,1.62,1.57,0.88,0.6,0.33
Commercial-Vehicle,04C-308-921-C,BRAKE PAD,4021,4021,"LOKE,BORAANDGARG PRIVATE LIMITED",1530,1690,380,0,1.1,Amber,20499.44,633,503,8,1,85,Braking,1.8,C,P2,Buyer Gamma,Electronics,7130.58,1136,85,1051,7494239.58,11164683.83,0.69,Monthly,low_coverage,1501.52,1469.0,1410.57,1622.15,1316.94,1523.43,1690,379.63,0.0,0.0,0.0,0.0,1.13,0.26,0.0,0.0,0.0,0.0
EV-Program,15D-848-996-C,TRANSMISSION COVER,4055,4055,DARA-KOTA PRIVATE LIMITED,1147,1686,265,0,1.47,Amber,12913.63,657,367,5,8,20,Transmission,10.32,C,P1,Buyer Delta,Machining,3980.87,1024,20,1004,3996793.48,7448282.87,0.88,Daily,low_coverage,1113.77,1223.79,1227.87,1240.25,1034.43,1054.79,1686,690.05,0.0,0.0,0.0,0.0,1.51,0.56,0.0,0.0,0.0,0.0
Passenger-Vehicle,08K-850-837-A,TRANSMISSION COVER,4011,4011,CHANDAGROUP PRIVATE LIMITED,1399,6706,90,0,4.79,Green,14519.62,2998,1626,2,1,3,Transmission,0.96,A,B1,Buyer Delta,Rubber,6332.05,4624,3,4621,29260403.05,37404379.36,3.3,Monthly,healthy,1605.59,1519.05,1392.84,1396.47,1424.21,1281.11,6706,5319.41,4137.92,2974.79,1648.75,558.18,4.18,3.5,2.97,2.13,1.16,0.44
India3.0,04C-153-776-B,CONTROL ARM,4078,4078,RAMAKRISHNANLLC PRIVATE LIMITED,5450,2088,3456,0,0.38,Red,67254.19,1145,549,2,3,1,Suspension,23.53,C,P1,Buyer Alpha,Fasteners,6374.21,1694,1,1693,10791537.53,14620920.43,0.31,Monthly,demand_spike,4756.17,7785.21,6499.38,7034.41,8159.24,7117.57,2088,0.0,0.0,0.0,0.0,0.0,0.44,0.0,0.0,0.0,0.0,0.0
Passenger-Vehicle,04C-361-941-C,SUSPENSION BRACKET,4002,4002,KAPOORANDSONS PRIVATE LIMITED,732,447,269,16,0.61,Red,7743.18,245,165,3,2,45,Suspension,6.66,D,B1,Buyer Beta,Plastics,7843.46,410,45,365,2862862.9,3192575.2,0.5,Monthly,demand_spike,672.63,993.39,1248.99,909.76,793.17,828.86,447,0.0,0.0,0.0,0.0,0.0,0.66,0.0,0.0,0.0,0.0,0.0
India3.0,12B-988-185-A,BRAKE PAD,4014,4014,,145,443,20,0,3.06,Green,1868.27,210,108,0,3,93,Braking,5.39,C,P1,Buyer Delta,Plastics,10083.18,318,93,225,2268715.5,4503914.12,1.55,Weekly,healthy,140.48,133.3,160.25,149.25,162.89,161.81,443,369.77,352.53,242.42,221.61,122.61,3.15,2.77,2.2,1.62,1.36,0.76
India3.0,12B-731-723-A,ENGINE MOUNT,4029,4029,DEWAN-KOSHY PRIVATE LIMITED,1552,7446,203,0,4.8,Green,16219.36,3848,2789,1,3,93,Engine,3.46,D,P1,Buyer Beta,Electronics,1206.31,6637,93,6544,7894092.64,8409956.21,4.22,Monthly,healthy,1790.33,1564.18,1760.47,1326.17,1757.54,1410.9,7446,6004.42,4671.14,3619.86,1957.06,651.14,4.16,3.84,2.65,2.73,1.11,0.46
India2.0,06A-997-138-A,DASHBOARD PANEL,4002,4002,KAPOORANDSONS PRIVATE LIMITED,2023,9030,35,0,4.46,Green,20259.85,4800,3270,1,1,72,Interior,22.33,B,B2,Buyer Epsilon,Forging,3990.32,8070,72,7998,31914579.36,33486810.95,3.95,Weekly,healthy,1727.55,2126.91,2324.11,2166.78,2148.89,2186.39,9030,7366.66,5390.6,3706.75,1866.82,0.0,5.23,3.46,2.32,1.71,0.87,0.0
EV-Program,08K-502-708-A,WIRING HARNESS,4022,4022,"KONDA,GADEANDSHERE PRIVATE LIMITED",2251,4982,65,0,2.21,Green,23350.5,3064,1552,1,0,29,Electrical,12.83,D,P1,Buyer Delta,Electronics,3537.04,4616,29,4587,16224402.48,16507780.07,2.04,Daily,healthy,2637.37,2209.09,2383.09,2179.75,1934.14,2193.47,4982,3253.31,1207.37,0.0,0.0,0.0,1.89,1.47,0.51,0.0,0.0,0.0
India2.0,08K-249-993-P,GEAR HOUSING,4035,4035,BHATT-RAJAN PRIVATE LIMITED,1985,4582,125,0,2.31,Green,19905.54,1785,1246,1,3,45,Transmission,24.3,C,B2,Buyer Delta,Forging,3406.64,3031,45,2986,10172227.04,14374096.93,1.5,Daily,healthy,1711.55,2353.72,2333.56,1782.55,2315.28,2068.9,4582,2649.96,612.58,0.0,0.0,0.0,2.68,1.13,0.26,0.0,0.0,0.0
India2.0,06A-774-658-B,DASHBOARD PANEL,4032,4032,UPADHYAYGROUP PRIVATE LIMITED,1237,2871,135,0,2.32,Green,15145.43,1837,694,4,1,39,Interior,1.82,A,P1,Buyer Gamma,Metals,387.08,2531,39,2492,964603.36,1181425.67,2.01,Weekly,healthy,1138.96,1096.18,1435.78,1435.14,1353.64,1210.27,2871,1859.72,649.64,0.0,0.0,0.0,2.52,1.7,0.45,0.0,0.0,0.0
India3.0,08K-742-498-A,CONSOLE COVER,4071,4071,MALLICKGROUP PRIVATE LIMITED,4167,2339,1441,387,0.56,Red,51127.9,1399,460,7,3,33,Interior,17.83,D,B2,Buyer Beta,Electronics,8520.85,1859,33,1826,15559072.1,21937329.58,0.44,Weekly,demand_spike,4900.25,5082.21,6544.48,6807.66,5261.67,5068.13,2339,0.0,0.0,0.0,0.0,0.0,0.48,0.0,0.0,0.0,0.0,0.0
Commercial-Vehicle,04C-529-823-B,SEAT BRACKET,4056,4056,BHATTLLC PRIVATE LIMITED,1776,17234,186,0,9.7,Gray,22487.79,7779,4068,3,1,16,Interior,12.51,A,N1,Buyer Delta,Forging,4029.37,11847,16,11831,47671476.47,60776017.52,6.66,Daily,excess,1807.83,2100.81,2086.55,1536.26,2084.1,1570.91,17234,15485.81,13684.08,12463.2,10516.89,9307.85,9.53,7.37,6.56,8.11,5.05,5.93
EV-Program,15D-407-654-B,CONTROL ARM,4009,4009,"SAMI,OAKANDMALL PRIVATE LIMITED",1599,466,111,1022,0.29,Red,16139.52,178,119,8,2,96,Suspension,17.2,C,P3,Buyer Alpha,Metals,397.62,297,96,201,79921.62,173966.5,0.13,Daily,critical,1388.81,1793.72,1735.92,1706.88,1883.55,1658.85,466,0.0,0.0,0.0,0.0,0.0,0.34,0.0,0.0,0.0,0.0,0.0
Passenger-Vehicle,12B-329-560-C,CONSOLE COVER,4023,4023,MADAN-KANDA PRIVATE LIMITED,0,30,1,0,,Gray,0.0,17,5,0,1,31,Interior,16.54,C,P3,Buyer Epsilon,Fasteners,4957.6,22,31,0,0.0,158182.86,,Daily,zero_demand,0.0,0.0,0.0,0.0,0.0,0.0,30,172.0,208.0,356.0,472.0,546.0,,,,,,
Commercial-Vehicle,08K-148-594-C,GEAR HOUSING,4067,4067,"BHAGAT,CHAUDHARIANDBHAT PRIVATE LIMITED",1991,1573,1466,0,0.79,Red,24040.91,559,406,2,8,67,Transmission,1.24,B,B1,Buyer Epsilon,Electronics,8355.81,965,67,898,7503517.38,12030364.4,0.45,Monthly,low_coverage,2131.04,1874.73,2227.22,1806.7,1768.62,2358.46,1573,63.48,0.0,0.0,0.0,0.0,0.74,0.03,0.0,0.0,0.0,0.0
EV-Program,06A-413-323-A,ENGINE MOUNT,4062,4062,ZACHARIAANDSONS PRIVATE LIMITED,2425,6369,315,0,2.63,Green,28214.03,3989,1183,2,1,11,Engine,1.62,D,B1,Buyer Epsilon,Electronics,11855.62,5172,11,5161,61186854.82,71964558.12,2.13,Daily,healthy,2842.74,2170.74,2303.62,2205.01,2187.03,2873.97,6369,4391.31,2339.18,371.04,0.0,0.0,2.24,2.02,1.02,0.17,0.0,0.0
Commercial-Vehicle,04C-340-899-A,CROSS MEMBER,4009,4009,"SAMI,OAKANDMALL PRIVATE LIMITED",1048,1846,151,0,1.76,Amber,11751.83,1043,527,4,1,99,Chassis,4.41,B,P3,Buyer Alpha,Fasteners,8330.76,1570,99,1471,12254547.96,14375950.63,1.4,Monthly,healthy,994.74,1020.12,1053.12,1067.74,991.68,997.71,1846,895.14,108.9,0.0,0.0,0.0,1.86,0.88,0.1,0.0,0.0,0.0
India3.0,04C-194-875-C,FUEL PIPE,4076,4076,KALA-RATTAN PRIVATE LIMITED,0,40,0,0,,Gray,0.0,17,14,0,1,46,Fuel System,11.86,D,B1,Buyer Beta,Casting,9164.52,31,46,0,0.0,354860.62,,Monthly,zero_demand,0.0,0.0,0.0,0.0,0.0,0.0,40,163.0,300.0,413.0,560.0,649.0,,,,,,
India3.0,12B-339-459-B,RADIATOR PIPE,4012,4012,PARMERLLC PRIVATE LIMITED,1006,3420,102,0,3.4,Green,11157.26,1861,756,3,2,81,Cooling,24.3,B,P2,Buyer Alpha,Metals,5096.1,2617,81,2536,12923709.6,16508463.84,2.52,Monthly,healthy,1057.51,1118.31,1037.42,1143.86,1076.68,1194.7,3420,2361.1,1647.96,760.14,54.56,0.0,3.23,2.11,1.59,0.66,0.05,0.0
India2.0,15D-314-877-P,SENSOR ASSEMBLY,4063,4063,"SOLANKI,KIBEANDSOLANKI PRIVATE LIMITED",1809,15508,158,0,8.57,Gray,21564.11,6726,4569,4,0,26,Electrical,18.88,D,N1,Buyer Delta,Metals,8659.93,11295,26,11269,97588751.17,138612505.63,6.23,Weekly,excess,1594.28,2000.73,1909.87,2153.58,1639.48,1570.8,15508,14015.56,12545.95,10750.46,9443.15,8168.7,9.73,7.01,6.57,4.99,5.76,5.2
Commercial-Vehicle,06A-570-310-A,OIL FILTER HOUSING,4050,4050,DAVELTD PRIVATE LIMITED,648,368,352,0,0.57,Red,7216.67,237,81,7,6,27,Engine,19.17,D,B2,Buyer Alpha,Fasteners,4725.86,318,27,291,1375225.26,1904383.92,0.45,Weekly,low_coverage,665.01,575.04,616.59,761.86,673.49,726.75,368,0.0,0.0,0.0,0.0,0.0,0.55,0.0,0.0,0.0,0.0,0.0
Passenger-Vehicle,06A-919-209-P,SUSPENSION BRACKET,4077,4077,GALAGROUP PRIVATE LIMITED,203,295,53,0,1.45,Amber,2463.85,138,52,2,1,6,Suspension,4.63,A,N2,Buyer Alpha,Metals,3417.93,190,6,184,628899.12,952359.02,0.91,Weekly,low_coverage,214.91,227.02,181.39,209.12,233.77,206.74,295,226.15,156.89,1.59,0.0,0.0,1.37,1.0,0.86,0.01,0.0,0.0
India3.0,06A-482-316-C,CONTROL ARM,4068,4068,NORI-CHOPRA PRIVATE LIMITED,499,533,178,0,1.07,Amber,6747.2,284,191,5,4,59,Suspension,8.21,D,P2,Buyer Delta,Plastics,8247.64,475,59,416,3431018.24,4026408.48,0.83,Weekly,low_coverage,491.38,582.05,534.94,430.35,551.1,543.52,533,115.87,0.0,0.0,0.0,0.0,1.08,0.2,0.0,0.0,0.0,0.0
India2.0,12B-820-535-A,SHOCK ABSORBER,4017,4017,BUCH-KAUL PRIVATE LIMITED,1318,8674,139,0,6.58,Green,17679.16,3156,2638,4,1,56,Suspension,15.47,D,N2,Buyer Epsilon,Machining,376.49,5794,56,5738,2160299.62,3128466.03,4.35,Weekly,excess,1475.82,1349.24,1372.53,1176.96,1409.29,1217.59,8674,7616.83,6439.26,5436.37,4219.49,3155.18,5.88,5.65,4.69,4.62,2.99,2.59
India3.0,08K-786-294-B,FUEL FILTER,4040,4040,SETTYINC PRIVATE LIMITED,2420,2202,820,0,0.91,Red,28704.53,1145,797,1,2,55,Fuel System,13.59,C,B2,Buyer Beta,Casting,9148.5,1942,55,1887,17263219.5,20110343.1,0.78,Weekly,low_coverage,2360.25,2500.82,2605.95,2515.12,2116.39,2065.81,2202,0.0,0.0,0.0,0.0,0.0,0.93,0.0,0.0,0.0,0.0,0.0
India2.0,08K-878-833-A,COOLING FAN,4009,4009,"SAMI,OAKANDMALL PRIVATE LIMITED",279,849,33,0,3.04,Green,3126.6,322,238,3,0,49,Cooling,14.36,A,P3,Buyer Alpha,Metals,11974.95,560,49,511,6119199.45,11617183.14,1.83,Monthly,healthy,255.4,303.48,331.43,305.14,251.74,311.41,849,612.58,422.16,228.75,101.51,0.0,3.32,2.02,1.27,0.75,0.4,0.0
India3.0,04C-150-545-A,BONNET ASSEMBLY,4074,4074,CHANDERANDSONS PRIVATE LIMITED,2314,15543,260,0,6.72,Green,29876.05,6743,6151,1,1,91,Body,9.61,C,P2,Buyer Alpha,Plastics,6911.09,12894,91,12803,88482685.27,119979146.8,5.53,Daily,excess,2260.13,2636.52,2221.97,2094.61,2581.35,2585.68,15543,13405.98,11561.35,10011.71,8009.28,6054.43,6.88,5.08,5.2,4.78,3.1,2.34
India2.0,15D-467-463-P,FUEL PIPE,4029,4029,DEWAN-KOSHY PRIVATE LIMITED,152,325,20,0,2.14,Green,1734.13,141,118,3,2,2,Fuel System,24.58,D,P2,Buyer Gamma,Metals,953.63,259,2,257,245082.91,337354.9,1.69,Weekly,healthy,156.32,169.4,138.95,156.03,177.13,161.42,325,168.27,135.27,79.48,0.0,0.0,2.08,0.99,0.97,0.51,0.0,0.0
India2.0,15D-408-381-C,BONNET ASSEMBLY,4041,4041,"LALL,TELLAANDGOKHALE PRIVATE LIMITED",2361,11367,163,0,4.81,Green,27456.05,7211,3044,0,1,59,Body,14.54,A,P3,Buyer Beta,Metals,9828.78,10255,59,10196,100214240.88,103253390.32,4.32,Monthly,healthy,2587.17,2685.67,2398.72,2086.34,2396.66,2393.69,11367,9066.62,7046.39,5061.16,3025.07,823.38,4.39,3.38,2.94,2.43,1.26,0.34
Commercial-Vehicle,08K-914-957-C,CONSOLE COVER,4038,4038,"YADAV,LOKEANDOAK PRIVATE LIMITED",112,545,10,0,4.87,Green,1480.52,243,144,4,1,58,Interior,18.38,A,B2,Buyer Delta,Plastics,770.01,387,58,329,253333.29,479611.58,2.94,Monthly,healthy,133.81,101.34,112.95,107.02,120.29,125.69,545,507.47,487.37,477.17,444.91,374.64,4.07,5.01,4.31,4.46,3.7,2.98
Commercial-Vehicle,15D-622-829-C,BONNET ASSEMBLY,4026,4026,BHATTI-KAKAR PRIVATE LIMITED,2216,3179,654,0,1.43,Amber,22788.89,1888,706,3,2,90,Body,7.91,C,N1,Buyer Alpha,Plastics,4590.9,2594,90,2504,11495613.6,13817725.37,1.13,Weekly,low_coverage,2300.61,2510.68,2633.35,2496.71,2157.36,1945.33,3179,921.06,0.0,0.0,0.0,0.0,1.38,0.37,0.0,0.0,0.0,0.0
Commercial-Vehicle,15D-489-428-A,CONTROL MODULE,4018,4018,RAILLC PRIVATE LIMITED,200,616,15,0,3.08,Green,2266.44,364,191,0,2,59,Electrical,5.22,B,P1,Buyer Alpha,Electronics,948.7,555,59,496,470555.2,503270.02,2.48,Monthly,healthy,212.01,229.3,198.61,214.89,238.08,199.36,616,454.99,383.18,313.97,94.62,33.55,2.91,1.98,1.93,1.46,0.4,0.17
Commercial-Vehicle,08K-347-676-A,FRAME SUPPORT,4076,4076,KALA-RATTAN PRIVATE LIMITED,670,422,527,0,0.63,Red,8592.94,202,79,8,2,1,Chassis,17.88,A,B2,Buyer Epsilon,Metals,1705.17,281,1,280,477447.6,674493.64,0.42,Monthly,low_coverage,629.23,662.31,619.96,576.44,711.53,598.07,422,0.0,0.0,0.0,0.0,0.0,0.67,0.0,0.0,0.0,0.0,0.0
India3.0,04C-428-319-B,COOLING FAN,4046,4046,CHOUDHURYLLC PRIVATE LIMITED,2443,8281,210,0,3.39,Green,25745.24,4882,2768,4,2,85,Cooling,19.76,A,P2,Buyer Gamma,Fasteners,3401.26,7650,85,7565,25730531.9,28120762.34,3.1,Monthly,healthy,2362.44,2776.85,2379.07,2239.1,2750.59,2770.24,8281,6197.09,3960.68,1780.42,0.0,0.0,3.51,2.23,1.66,0.8,0.0,0.0
EV-Program,12B-278-173-B,CROSS MEMBER,4058,4058,AMBLEINC PRIVATE LIMITED,1810,658,772,380,0.36,Red,20826.18,252,184,1,1,26,Chassis,8.33,D,P3,Buyer Beta,Metals,10088.09,436,26,410,4136116.9,5987029.82,0.23,Weekly,demand_spike,2022.72,1890.97,1850.58,2935.21,2948.91,2340.67,658,0.0,0.0,0.0,0.0,0.0,0.33,0.0,0.0,0.0,0.0,0.0
India2.0,04C-548-375-P,SHOCK ABSORBER,4014,4014,"DASH,RADHAKRISHNANANDBRAR PRIVATE LIMITED",1481,1467,1161,0,0.99,Red,19461.82,623,316,5,1,14,Suspension,10.45,A,P2,Buyer Alpha,Rubber,9114.78,939,14,925,8431171.5,13670027.25,0.62,Daily,low_coverage,1484.21,1706.68,1574.49,1529.94,1297.11,1707.87,1467,0.0,0.0,0.0,0.0,0.0,0.99,0.0,0.0,0.0,0.0,0.0
Commercial-Vehicle,12B-471-797-P,CROSS MEMBER,4048,4048,BRARINC PRIVATE LIMITED,1923,8267,95,0,4.3,Green,20116.01,4429,3150,3,2,25,Chassis,3.42,A,N1,Buyer Gamma,Electronics,5563.98,7579,25,7554,42030304.92,47733833.81,3.93,Daily,healthy,2128.72,2160.07,1937.82,1941.79,2023.18,2054.2,8267,6166.27,4314.54,2505.69,679.96,0.0,3.88,2.85,2.23,1.29,0.34,0.0
EV-Program,12B-541-111-P,GEAR HOUSING,4021,4021,"LOKE,BORAANDGARG PRIVATE LIMITED",806,3410,95,0,4.23,Green,8748.33,1302,786,3,0,1,Transmission,17.92,A,B1,Buyer Gamma,Plastics,11873.71,2088,1,2087,24780432.77,45738590.32,2.59,Monthly,healthy,735.0,860.94,864.98,822.62,777.64,689.31,3410,2635.02,2003.97,1489.37,855.79,385.5,4.64,3.06,2.32,1.81,1.1,0.56
Passenger-Vehicle,12B-930-694-B,DOOR PANEL,4028,4028,SHANKER-DHAR PRIVATE LIMITED,747,344,36,367,0.46,Red,10181.24,135,116,6,3,89,Body,10.01,C,P1,Buyer Gamma,Forging,2995.57,251,89,162,485282.34,1086021.9,0.22,Weekly,demand_spike,687.63,1274.8,1277.47,881.59,1234.92,757.28,344,0.0,0.0,0.0,0.0,0.0,0.5,0.0,0.0,0.0,0.0,0.0
Passenger-Vehicle,08K-748-674-C,CROSS MEMBER,4048,4048,BRARINC PRIVATE LIMITED,1666,3810,239,0,2.29,Green,17703.68,2136,1092,4,0,74,Chassis,10.98,B,P1,Buyer Delta,Fasteners,7477.43,3228,74,3154,23583814.22,24787927.7,1.89,Monthly,healthy,1711.67,1770.95,1998.87,1462.82,1525.09,1682.32,3810,2595.63,869.43,0.0,0.0,0.0,2.23,1.47,0.43,0.0,0.0,0.0
India2.0,08K-971-742-P,DASHBOARD PANEL,4034,4034,DUTTALTD PRIVATE LIMITED,1435,3960,73,0,2.76,Green,15580.29,1734,1121,3,1,42,Interior,2.78,C,N1,Buyer Gamma,Electronics,10064.29,2855,42,2813,28310847.77,36454930.91,1.96,Weekly,healthy,1684.5,1278.24,1702.19,1396.42,1378.89,1303.13,3960,2717.44,1271.69,199.16,0.0,0.0,2.35,2.13,0.75,0.14,0.0,0.0
India3.0,06A-259-550-C,DASHBOARD PANEL,4008,4008,AHUJA-DUTTA PRIVATE LIMITED,0,128,1,0,,Gray,0.0,66,26,1,1,8,Interior,8.84,C,B2,Buyer Beta,Casting,4295.69,92,8,84,360837.96,601588.59,,Monthly,zero_demand,0.0,0.0,0.0,0.0,0.0,0.0,128,175.0,232.0,240.0,295.0,316.0,,,,,,
India3.0,04C-590-842-B,GEAR HOUSING,4012,4012,PARMERLLC PRIVATE LIMITED,4945,2201,3808,0,0.45,Red,53034.82,1105,867,4,2,15,Transmission,14.85,D,P3,Buyer Beta,Forging,9024.3,1972,15,1957,17660555.1,22517658.14,0.4,Monthly,demand_spike,5512.56,6907.28,8103.93,6643.57,7104.89,8065.2,2201,0.0,0.0,0.0,0.0,0.0,0.4,0.0,0.0,0.0,0.0,0.0
Passenger-Vehicle,12B-335-587-B,WATER PUMP,4071,4071,MALLICKGROUP PRIVATE LIMITED,2439,4219,353,0,1.73,Amber,33451.55,2530,789,2,3,87,Cooling,1.33,B,P1,Buyer Delta,Plastics,1870.68,3319,87,3232,6046037.76,8370290.29,1.33,Daily,healthy,2315.01,2115.83,2602.37,2108.58,2841.61,2101.8,4219,2348.61,350.03,0.0,0.0,0.0,1.82,1.11,0.13,0.0,0.0,0.0
EV-Program,06A-393-449-P,ENGINE MOUNT,4064,4064,GUPTA-CHANDRA PRIVATE LIMITED,6189,1467,654,4068,0.24,Red,72194.42,570,335,4,3,15,Engine,18.36,D,P3,Buyer Gamma,Rubber,10202.65,905,15,890,9080358.5,16966818.1,0.14,Monthly,demand_spike,7251.03,7488.45,9555.74,8926.96,7602.26,8228.01,1467,0.0,0.0,0.0,0.0,0.0,0.2,0.0,0.0,0.0,0.0,0.0
EV-Program,04C-967-500-A,COOLING FAN,4072,4072,BORRAGROUP PRIVATE LIMITED,0,88,1,0,,Gray,0.0,41,34,1,3,63,Cooling,8.21,C,N1,Buyer Epsilon,Fasteners,3821.45,75,63,12,45857.4,380748.89,,Weekly,zero_demand,0.0,0.0,0.0,0.0,0.0,0.0,88,157.0,295.0,317.0,454.0,586.0,,,,,,
India2.0,15D-288-200-P,TRANSMISSION COVER,4001,4001,"CHOUDHURY,BAKSHIANDMAHARAJ PRIVATE LIMITED",1562,6919,225,0,4.43,Green,19085.0,3050,2450,3,1,89,Transmission,6.5,C,B1,Buyer Epsilon,Fasteners,6078.15,5500,89,5411,32888869.65,38052520.91,3.46,Weekly,healthy,1524.27,1805.94,1825.78,1372.58,1587.98,1506.74,6919,5278.2,3846.37,2790.97,1262.78,0.0,4.54,2.92,2.11,2.03,0.8,0.0
India3.0,08K-263-345-B,SENSOR ASSEMBLY,4053,4053,"IYER,MUNIANDRASTOGI PRIVATE LIMITED",1296,5580,17,0,4.31,Green,16940.75,2579,1716,3,3,16,Electrical,15.79,C,N2,Buyer Delta,Rubber,5633.26,4295,16,4279,24104719.54,28992251.42,3.3,Monthly,healthy,1423.25,1112.73,1298.79,1379.93,1454.49,1106.05,5580,4775.98,3642.91,2497.61,1188.07,168.39,3.92,4.29,2.8,1.81,0.82,0.15
India3.0,06A-350-911-B,BODY BRACKET,4067,4067,"BHAGAT,CHAUDHARIANDBHAT PRIVATE LIMITED",275,973,4,0,3.54,Green,3182.41,433,224,4,0,66,Body,2.4,D,N2,Buyer Gamma,Rubber,5426.62,657,66,591,3207132.42,4649540.2,2.15,Monthly,healthy,309.96,300.94,279.23,315.96,259.62,258.75,973,766.55,563.56,373.06,311.45,241.18,3.14,2.55,2.02,1.18,1.2,0.93
EV-Program,12B-865-451-A,SEAT BRACKET,4076,4076,KALA-RATTAN PRIVATE LIMITED,1127,1116,758,0,0.99,Red,13308.62,442,174,3,8,60,Interior,22.16,B,P1,Buyer Delta,Forging,302.87,616,60,556,168395.72,375748.76,0.49,Daily,low_coverage,1154.2,1339.95,1332.01,1322.03,1195.22,1051.02,1116,17.55,0.0,0.0,0.0,0.0,0.97,0.01,0.0,0.0,0.0,0.0
India2.0,12B-578-126-C,OIL FILTER HOUSING,4012,4012,PARMERLLC PRIVATE LIMITED,2138,4470,309,0,2.09,Green,24167.95,1743,1488,4,2,83,Engine,16.12,C,P2,Buyer Beta,Fasteners,642.67,3231,83,3148,2023125.16,3230771.54,1.47,Daily,healthy,2304.15,2420.64,2405.92,2237.88,2541.87,1927.68,4470,2512.83,623.37,0.0,0.0,0.0,1.94,1.04,0.26,0.0,0.0,0.0
India2.0,15D-773-353-P,CLUTCH PLATE,4077,4077,GALAGROUP PRIVATE LIMITED,1573,535,832,206,0.34,Red,20352.1,252,137,2,4,33,Transmission,6.25,C,N1,Buyer Alpha,Plastics,2758.69,389,33,356,982093.64,1506192.64,0.23,Monthly,critical,1729.62,1526.9,1378.14,1428.63,1867.9,1343.26,535,0.0,0.0,0.0,0.0,0.0,0.31,0.0,0.0,0.0,0.0,0.0
Commercial-Vehicle,08K-306-170-C,FUEL FILTER,4075,4075,RAYGROUP PRIVATE LIMITED,1061,1495,807,0,1.41,Amber,14076.34,644,536,6,7,97,Fuel System,9.41,C,N2,Buyer Delta,Electronics,750.43,1180,97,1083,812715.69,1153621.24,1.02,Monthly,low_coverage,958.29,1261.31,1099.56,1020.38,903.71,1148.92,1495,540.23,0.0,0.0,0.0,0.0,1.56,0.43,0.0,0.0,0.0,0.0
Commercial-Vehicle,12B-506-936-P,FUEL RAIL,4034,4034,DUTTALTD PRIVATE LIMITED,905,4340,31,0,4.8,Green,12286.72,1893,1650,1,1,69,Fuel System,23.99,C,N2,Buyer Alpha,Metals,2811.64,3543,69,3474,9767637.36,12703296.07,3.84,Weekly,healthy,918.32,877.15,931.64,1066.9,829.05,1016.99,4340,3702.08,2950.12,2158.65,1623.38,833.99,4.73,4.22,3.17,2.02,1.96,0.82
Passenger-Vehicle,08K-690-885-A,CONTROL MODULE<br>,4020,4020,PANT-KADAKIA PRIVATE LIMITED,734,2336,66,0,3.18,Green,7687.18,943,603,2,1,100,Electrical,19.24,A,N1,Buyer Alpha,Fasteners,9611.89,1546,100,1446,13898792.94,19434670.6,1.97,Weekly,healthy,720.74,755.87,759.17,632.92,780.67,637.57,2336,1651.82,1059.84,586.2,0.0,0.0,3.24,2.19,1.4,0.93,0.0,0.0
Commercial-Vehicle,15D-203-988-B,WIRING HARNESS,4027,4027,"MURTY,KALAANDTATA PRIVATE LIMITED",1151,345,245,561,0.3,Red,12890.95,181,112,7,3,43,Electrical,3.01,C,N2,Buyer Delta,Rubber,419.01,293,43,250,104752.5,147026.26,0.22,Weekly,demand_spike,983.18,1309.25,1754.64,1654.31,1444.42,1696.53,345,0.0,0.0,0.0,0.0,0.0,0.35,0.0,0.0,0.0,0.0,0.0
EV-Program,15D-195-394-B,INTAKE MANIFOLD,4053,4053,"IYER,MUNIANDRASTOGI PRIVATE LIMITED",970,206,81,683,0.21,Red,13147.98,100,42,1,6,5,Engine,16.28,B,P2,Buyer Gamma,Electronics,3201.77,142,5,137,438642.49,634562.29,0.14,Monthly,critical,888.04,863.23,1102.62,966.61,965.45,846.73,206,0.0,0.0,0.0,0.0,0.0,0.23,0.0,0.0,0.0,0.0,0.0
Passenger-Vehicle,12B-618-749-B,GEAR HOUSING,4041,4041,"LALL,TELLAANDGOKHALE PRIVATE LIMITED",596,2216,21,0,3.72,Green,6677.44,1406,624,3,3,39,Transmission,11.5,D,N1,Buyer Epsilon,Rubber,2637.24,2030,39,1991,5250744.84,6628912.62,3.34,Monthly,healthy,709.04,609.61,660.28,550.12,600.84,687.49,2216,1764.84,1244.68,931.75,470.92,0.0,3.13,2.9,1.89,1.69,0.78,0.0
Passenger-Vehicle,06A-320-911-B,BONNET ASSEMBLY,4056,4056,BHATTLLC PRIVATE LIMITED,2359,2527,1659,0,1.07,Amber,28229.99,1040,578,1,1,16,Body,16.87,B,B1,Buyer Gamma,Rubber,3639.24,1618,16,1602,5830062.48,8151658.98,0.68,Weekly,low_coverage,2254.77,2084.58,2774.57,2205.29,2604.99,2179.9,2527,596.48,0.0,0.0,0.0,0.0,1.12,0.29,0.0,0.0,0.0,0.0
India2.0,06A-100-484-A,CLUTCH PLATE,4006,4006,"BALA,ISSACANDSAINI PRIVATE LIMITED",759,435,340,0,0.57,Red,10133.25,237,167,2,1,0,Transmission,23.3,A,N2,Buyer Gamma,Plastics,5599.33,404,0,404,2262129.32,2712721.23,0.53,Daily,demand_spike,663.92,833.66,1222.24,1099.77,1098.94,970.95,435,0.0,0.0,0.0,0.0,0.0,0.66,0.0,0.0,0.0,0.0,0.0
India3.0,08K-828-589-A,COOLING FAN,4054,4054,"PRAKASH,SARMAANDVARUGHESE PRIVATE LIMITED",343,5064,38,0,14.76,Gray,4270.35,2358,1805,3,2,94,Cooling,4.24,C,B2,Buyer Delta,Metals,4105.72,4163,94,4069,16706174.68,18134122.27,11.86,Monthly,excess,319.0,332.15,392.81,364.12,369.12,335.61,5064,4801.69,4540.63,4318.1,4022.38,3821.52,15.87,14.46,11.56,11.86,10.9,11.39
India2.0,12B-249-595-C,BONNET ASSEMBLY,4074,4074,CHANDERANDSONS PRIVATE LIMITED,1321,2750,172,0,2.08,Green,17937.38,967,739,3,1,95,Body,7.9,B,P2,Buyer Epsilon,Metals,10707.37,1706,95,1611,17249573.07,26222932.61,1.22,Daily,healthy,1239.35,1305.94,1128.58,1503.49,1322.35,1432.29,2750,1609.13,658.52,0.0,0.0,0.0,2.22,1.23,0.58,0.0,0.0,0.0
Commercial-Vehicle,12B-684-420-P,BONNET ASSEMBLY,4050,4050,DAVELTD PRIVATE LIMITED,1380,3318,66,0,2.4,Green,17038.07,1894,803,0,0,3,Body,7.24,C,P1,Buyer Delta,Machining,5247.48,2697,3,2694,14136711.12,14805506.48,1.95,Weekly,healthy,1621.18,1631.44,1252.29,1281.15,1304.3,1378.1,3318,2146.34,1035.34,73.4,0.0,0.0,2.05,1.32,0.83,0.06,0.0,0.0
Passenger-Vehicle,08K-374-130-P,DASHBOARD PANEL,4053,4053,"IYER,MUNIANDRASTOGI PRIVATE LIMITED",292,534,42,0,1.83,Amber,3594.67,344,150,1,1,26,Interior,1.71,C,N1,Buyer Epsilon,Fasteners,4003.85,494,26,468,1873801.8,1947336.75,1.6,Weekly,in_transit,329.0,315.46,330.58,296.78,331.78,337.31,534,293.49,28.14,0.0,0.0,0.0,1.62,0.93,0.09,0.0,0.0,0.0
Commercial-Vehicle,06A-231-924-A,SUSPENSION BRACKET,4007,4007,SENPLC PRIVATE LIMITED,1790,8348,192,0,4.66,Green,20075.56,5013,1492,1,1,85,Suspension,2.22,B,B2,Buyer Delta,Plastics,9978.88,6505,85,6420,64064409.6,80874285.16,3.59,Weekly,healthy,1776.26,1901.73,1792.44,2123.0,1834.76,2127.69,8348,6968.95,5522.55,3697.07,2001.21,397.59,4.7,3.66,3.08,1.74,1.09,0.19
Passenger-Vehicle,15D-978-493-P,FUEL RAIL,4076,4076,KALA-RATTAN PRIVATE LIMITED,301,787,7,0,2.61,Green,4208.13,347,208,0,2,9,Fuel System,13.21,B,B2,Buyer Beta,Electronics,3783.38,555,9,546,2065725.48,2587607.02,1.81,Weekly,healthy,283.36,280.62,284.11,271.3,273.56,345.57,787,666.93,409.65,262.9,117.01,0.0,2.78,2.38,1.44,0.97,0.43,0.0
Passenger-Vehicle,04C-836-528-P,OIL FILTER HOUSING,4077,4077,GALAGROUP PRIVATE LIMITED,1528,117,325,1086,0.08,Red,16366.33,65,29,3,4,23,Engine,12.97,C,N1,Buyer Delta,Electronics,8653.4,94,23,71,614391.4,871808.9,0.05,Weekly,critical,1541.31,1375.77,1577.22,1331.08,1740.18,1378.54,117,0.0,0.0,0.0,0.0,0.0,0.08,0.0,0.0,0.0,0.0,0.0
Commercial-Vehicle,08K-347-366-P,BRAKE BRACKET,4045,4045,NAIKGROUP PRIVATE LIMITED,114,148,26,0,1.3,Amber,1441.5,73,38,5,5,71,Braking,13.32,C,B2,Buyer Delta,Machining,1640.24,111,71,40,65609.6,225907.79,0.35,Monthly,low_coverage,115.68,120.4,101.77,101.39,116.28,135.81,148,74.9,0.0,0.0,0.0,0.0,1.28,0.62,0.0,0.0,0.0,0.0
India3.0,15D-559-285-P,FRAME SUPPORT,4011,4011,CHANDAGROUP PRIVATE LIMITED,269,885,16,0,3.29,Green,3684.5,332,199,4,1,71,Chassis,18.79,C,B2,Buyer Delta,Plastics,1741.27,531,71,460,800984.2,1478587.23,1.71,Daily,healthy,273.4,251.82,290.24,257.0,312.1,249.54,885,811.42,680.77,544.52,386.25,270.97,3.24,3.22,2.35,2.12,1.24,1.09
India3.0,12B-838-365-B,RADIATOR PIPE,4038,4038,"YADAV,LOKEANDOAK PRIVATE LIMITED",29,130,2,0,4.48,Green,355.87,76,33,1,8,213,Cooling,20.48,C,N1,Buyer Alpha,Electronics,7290.9,109,213,0,0.0,1059883.86,0.0,Weekly,in_transit,33.87,31.82,32.19,31.06,26.3,27.19,130,130.96,165.13,175.8,189.56,221.34,3.84,4.12,5.13,5.66,7.21,8.14
Passenger-Vehicle,04C-522-875-B,FUEL PIPE,4040,4040,SETTYINC PRIVATE LIMITED,1517,823,338,356,0.54,Red,16692.46,523,170,7,1,23,Fuel System,17.31,C,N2,Buyer Epsilon,Casting,1006.26,693,23,670,674194.2,858211.25,0.44,Monthly,demand_spike,1548.44,2719.72,2452.17,1751.21,1894.36,1719.03,823,0.0,0.0,0.0,0.0,0.0,0.53,0.0,0.0,0.0,0.0,0.0
Passenger-Vehicle,15D-316-974-A,CLUTCH PLATE,4047,4047,KHATRI-BHARDWAJ PRIVATE LIMITED,843,91,631,121,0.11,Red,9005.43,38,17,4,6,83,Transmission,10.13,D,B1,Buyer Gamma,Electronics,7519.43,55,83,0,0.0,638103.87,0.0,Monthly,critical,894.65,740.17,927.98,732.14,963.38,997.26,91,0.0,0.0,0.0,0.0,0.0,0.1,0.0,0.0,0.0,0.0,0.0
Commercial-Vehicle,12B-909-849-P,CONTROL ARM,4056,4056,BHATTLLC PRIVATE LIMITED,2183,7572,210,0,3.47,Green,26274.14,3507,2502,0,3,23,Suspension,16.24,B,B2,Buyer Delta,Electronics,7430.34,6009,23,5986,44478015.24,51074943.88,2.74,Monthly,healthy,1896.94,2196.37,2420.51,1963.99,1924.6,1973.66,7572,5814.17,3702.75,2091.63,449.63,0.0,3.99,2.65,1.53,1.06,0.23,0.0
Commercial-Vehicle,08K-122-368-C,FUEL PIPE,4024,4024,"NAIR,BHALLAANDKARNIK PRIVATE LIMITED",1796,2833,201,0,1.58,Amber,21035.15,1186,715,1,3,16,Fuel System,6.87,B,P1,Buyer Epsilon,Machining,7404.01,1901,16,1885,13956558.85,23146771.05,1.05,Weekly,healthy,1600.26,2047.5,1997.77,2084.54,1598.36,1828.54,2833,1147.94,0.0,0.0,0.0,0.0,1.77,0.56,0.0,0.0,0.0,0.0
India3.0,06A-381-108-B,CONSOLE COVER,4064,4064,GUPTA-CHANDRA PRIVATE LIMITED,1734,21309,137,0,12.29,Gray,19068.9,9936,4799,0,1,19,Interior,0.51,D,P3,Buyer Epsilon,Rubber,2295.26,14735,19,14716,33777046.16,46333070.53,8.49,Monthly,excess,1873.26,1594.2,1866.12,1850.73,1513.52,1912.91,21309,19915.31,18223.54,16493.75,15239.73,13426.31,11.38,12.49,9.77,8.91,10.07,7.02
India3.0,15D-695-619-C,BODY BRACKET,4034,4034,DUTTALTD PRIVATE LIMITED,3143,2179,596,368,0.69,Red,35457.57,943,838,3,3,65,Body,17.59,A,N2,Buyer Alpha,Casting,1715.11,1781,65,1716,2943128.76,3205460.9,0.55,Monthly,demand_spike,3297.94,3537.27,5116.88,5245.46,3760.3,5063.45,2179,0.0,0.0,0.0,0.0,0.0,0.66,0.0,0.0,0.0,0.0,0.0
India3.0,06A-760-372-A,DOOR PANEL,4002,4002,KAPOORANDSONS PRIVATE LIMITED,1620,2418,606,0,1.49,Amber,22280.91,1207,503,4,1,40,Body,21.3,C,B2,Buyer Alpha,Machining,7031.24,1710,40,1670,11742170.8,18273949.82,1.03,Monthly,low_coverage,1687.46,1880.7,1637.49,1714.4,1700.22,1941.65,2418,1015.55,0.0,0.0,0.0,0.0,1.43,0.54,0.0,0.0,0.0,0.0
Commercial-Vehicle,04C-857-197-P,BRAKE BRACKET,4038,4038,"YADAV,LOKEANDOAK PRIVATE LIMITED",1016,3364,5,0,3.31,Green,10812.83,1847,652,2,2,256,Braking,17.92,D,P1,Buyer Delta,Rubber,2648.28,2499,256,2243,5940092.04,10178440.51,2.21,Monthly,in_transit,865.3,997.9,993.37,1151.84,1046.8,990.44,3364,2568.51,1768.0,772.08,70.32,0.0,3.89,2.57,1.78,0.67,0.07,0.0
Passenger-Vehicle,04C-452-135-B,FUEL FILTER,4002,4002,KAPOORANDSONS PRIVATE LIMITED,1332,12274,181,0,9.21,Gray,15114.47,7377,2380,2,0,34,Fuel System,7.77,B,B1,Buyer Epsilon,Metals,4068.26,9757,34,9723,39555691.98,45748958.24,7.3,Weekly,excess,1582.67,1585.64,1190.45,1211.51,1162.17,1428.66,12274,11037.88,10097.18,9077.04,8019.81,6631.15,7.76,6.96,8.48,7.49,6.9,4.64
India3.0,06A-149-479-P,DASHBOARD PANEL,4041,4041,"LALL,TELLAANDGOKHALE PRIVATE LIMITED",163,216,27,0,1.33,Amber,1652.38,134,51,7,4,89,Interior,17.21,D,P1,Buyer Alpha,Electronics,7799.63,185,89,96,748764.48,1724631.89,0.59,Weekly,low_coverage,183.17,155.19,162.3,155.11,177.93,187.42,216,170.03,54.25,0.0,0.0,0.0,1.18,1.1,0.33,0.0,0.0,0.0
India3.0,15D-940-332-C,BRAKE CALIPER,4039,4039,MEMONGROUP PRIVATE LIMITED,1807,443,248,1116,0.25,Red,22291.81,208,115,1,8,16,Braking,21.57,A,N2,Buyer Delta,Rubber,5729.67,323,16,307,1759008.69,2417487.21,0.17,Monthly,critical,2062.74,1816.01,1601.53,2074.49,2092.37,2047.45,443,0.0,0.0,0.0,0.0,0.0,0.21,0.0,0.0,0.0,0.0,0.0
India3.0,15D-317-380-P,FUEL PIPE,4044,4044,ZACHARIAPLC PRIVATE LIMITED,1042,1450,649,0,1.39,Amber,10966.48,541,531,6,4,12,Fuel System,4.7,B,N1,Buyer Gamma,Machining,11830.41,1072,12,1060,12540234.6,16264282.58,1.02,Monthly,low_coverage,1155.88,894.17,1197.11,1059.29,1008.26,1047.62,1450,815.19,0.0,0.0,0.0,0.0,1.25,0.91,0.0,0.0,0.0,0.0
Passenger-Vehicle,12B-824-342-B,CONTROL MODULE,4070,4070,"SEN,DEYANDSAMI PRIVATE LIMITED",1557,4821,39,0,3.1,Green,20054.24,2353,729,0,2,50,Electrical,10.07,C,N1,Buyer Gamma,Electronics,6897.59,3082,50,3032,20913492.88,31662215.71,1.95,Monthly,healthy,1709.32,1495.45,1323.49,1474.74,1687.54,1449.97,4821,3757.03,2654.84,1485.66,0.0,0.0,2.82,2.51,2.01,1.01,0.0,0.0
India3.0,08K-837-879-P,RADIATOR PIPE,4045,4045,NAIKGROUP PRIVATE LIMITED,2394,4105,160,0,1.71,Amber,26658.68,2423,1517,0,3,63,Cooling,1.28,D,P1,Buyer Delta,Machining,7871.04,3940,63,3877,30516022.08,28396728.03,1.62,Daily,healthy,2475.77,2612.08,2134.6,2744.0,2046.8,2273.01,4105,1902.79,0.0,0.0,0.0,0.0,1.66,0.73,0.0,0.0,0.0,0.0
India3.0,12B-404-209-A,BONNET ASSEMBLY,4034,4034,DUTTALTD PRIVATE LIMITED,1520,9551,207,0,6.28,Green,19445.45,4373,2578,1,0,35,Body,10.5,A,P2,Buyer Delta,Fasteners,2696.32,6951,35,6916,18647749.12,27737515.5,4.55,Weekly,excess,1373.84,1367.24,1801.1,1420.22,1355.72,1579.37,9551,8535.06,6984.98,5600.73,4411.99,3123.39,6.95,6.24,3.88,3.94,3.25,1.98
India2.0,06A-461-204-B,CROSS MEMBER,4066,4066,ROY-SIBAL PRIVATE LIMITED,2158,8221,131,0,3.81,Green,22708.32,5007,1838,0,1,49,Chassis,19.44,D,B2,Buyer Alpha,Casting,6854.8,6845,49,6796,46585220.8,56940446.59,3.15,Monthly,healthy,2213.51,2534.48,1942.45,2096.94,1850.74,2051.15,8221,5931.32,4109.68,2409.29,1070.59,0.0,3.71,2.34,2.12,1.15,0.58,0.0
Commercial-Vehicle,12B-282-101-C,CONSOLE COVER,4053,4053,"IYER,MUNIANDRASTOGI PRIVATE LIMITED",796,1177,295,0,1.48,Amber,11007.71,654,307,2,6,69,Interior,20.66,C,B2,Buyer Epsilon,Machining,7186.07,961,69,892,6409974.44,9292385.31,1.12,Weekly,low_coverage,698.18,732.25,695.2,757.56,825.89,894.39,1177,596.13,90.93,0.0,0.0,0.0,1.69,0.81,0.13,0.0,0.0,0.0
India2.0,06A-487-351-P,DOOR PANEL,4059,4059,"BHARGAVA,KARNIKANDBIR PRIVATE LIMITED",777,2788,50,0,3.59,Green,10241.18,1091,711,3,1,33,Body,16.72,A,N2,Buyer Epsilon,Plastics,1338.7,1802,33,1769,2368160.3,3979099.17,2.28,Weekly,healthy,683.22,843.28,740.07,749.7,819.62,826.76,2788,2109.63,1582.17,1042.61,314.05,0.0,4.08,2.5,2.14,1.39,0.38,0.0
Passenger-Vehicle,12B-397-284-A,BODY BRACKET,4073,4073,"CHAUDHARI,BEDIANDZACHARIAH PRIVATE LIMITED",4334,867,870,2597,0.2,Red,53754.78,421,232,7,0,86,Body,12.31,B,P1,Buyer Gamma,Electronics,9089.28,653,86,567,5153621.76,8757245.55,0.13,Daily,demand_spike,3783.46,6051.34,4758.84,6900.35,5759.01,6652.53,867,0.0,0.0,0.0,0.0,0.0,0.23,0.0,0.0,0.0,0.0,0.0
EV-Program,08K-314-172-B,SEAT BRACKET,4042,4042,"CHERIAN,MISRAANDTRIPATHI PRIVATE LIMITED",676,1479,21,0,2.19,Green,7004.94,761,363,0,1,8,Interior,21.86,D,N2,Buyer Alpha,Forging,11142.95,1124,8,1116,12435532.2,18820407.19,1.65,Monthly,healthy,696.19,668.59,655.87,620.03,767.11,680.5,1479,879.2,443.83,88.59,0.0,0.0,2.12,1.32,0.68,0.14,0.0,0.0
EV-Program,06A-183-827-P,BRAKE PAD,4026,4026,BHATTI-KAKAR PRIVATE LIMITED,836,2683,104,0,3.21,Green,11453.07,1024,958,4,0,82,Braking,7.76,C,B1,Buyer Alpha,Rubber,11383.49,1982,82,1900,21628631.0,30154050.64,2.27,Weekly,healthy,727.56,837.0,786.77,725.74,922.41,933.79,2683,2023.93,1362.04,884.93,89.11,0.0,3.69,2.42,1.73,1.22,0.1,0.0
Commercial-Vehicle,15D-963-539-P,GEAR HOUSING,4065,4065,SANKARLLC PRIVATE LIMITED,1088,4801,161,0,4.41,Green,13016.78,2814,1453,4,1,73,Transmission,24.26,B,P3,Buyer Delta,Machining,10699.86,4267,73,4194,44875212.84,44567787.3,3.85,Daily,healthy,1263.31,1092.83,1263.68,1156.94,1183.15,1181.96,4801,3928.34,2902.35,1777.71,988.8,176.31,3.8,3.59,2.3,1.54,0.84,0.15
India2.0,04C-618-234-C,RADIATOR PIPE,4036,4036,SIDHU-WADHWA PRIVATE LIMITED,363,695,41,0,1.91,Amber,4570.09,247,106,0,3,68,Cooling,12.13,C,B1,Buyer Delta,Forging,8666.93,353,68,285,2470075.05,5710905.81,0.79,Weekly,healthy,312.9,401.42,376.42,397.2,395.6,337.95,695,458.36,161.84,0.0,0.0,0.0,2.22,1.14,0.43,0.0,0.0,0.0
Commercial-Vehicle,08K-967-747-C,CONTROL MODULE,4018,4018,RAILLC PRIVATE LIMITED,1443,234,891,318,0.16,Red,15398.82,134,53,4,4,94,Electrical,5.12,A,B1,Buyer Alpha,Plastics,557.2,187,94,93,51819.6,119804.94,0.06,Daily,critical,1264.41,1355.21,1259.91,1470.68,1265.68,1667.65,234,0.0,0.0,0.0,0.0,0.0,0.19,0.0,0.0,0.0,0.0,0.0
India3.0,04C-543-470-P,FUEL PIPE,4050,4050,DAVELTD PRIVATE LIMITED,766,1394,16,0,1.82,Amber,10714.33,503,425,0,2,44,Fuel System,9.09,D,B2,Buyer Epsilon,Metals,5303.27,928,44,884,4688090.68,8315043.07,1.15,Daily,healthy,827.48,884.39,731.07,716.08,707.43,821.37,1394,780.6,225.02,0.0,0.0,0.0,1.68,0.88,0.31,0.0,0.0,0.0
India2.0,04C-263-197-A,WATER PUMP,4057,4057,KARPEPLC PRIVATE LIMITED,2159,423,906,830,0.2,Red,26830.81,226,103,1,4,49,Cooling,13.17,B,N2,Buyer Alpha,Forging,7857.88,329,49,280,2200206.4,3369069.01,0.13,Weekly,critical,2032.43,2448.14,2298.47,1904.95,2449.73,2055.48,423,0.0,0.0,0.0,0.0,0.0,0.21,0.0,0.0,0.0,0.0,0.0
India2.0,15D-804-857-P,SEAT BRACKET,4060,4060,NARAYANANINC PRIVATE LIMITED,1331,3311,63,0,2.49,Green,14424.29,1744,793,0,2,19,Interior,15.74,D,P2,Buyer Beta,Rubber,11058.71,2537,19,2518,27845831.78,40034729.1,1.89,Weekly,healthy,1268.04,1455.64,1475.94,1592.22,1511.97,1521.99,3311,2168.01,1008.35,0.0,0.0,0.0,2.61,1.49,0.68,0.0,0.0,0.0
India2.0,06A-930-991-P,SHOCK ABSORBER,4032,4032,UPADHYAYGROUP PRIVATE LIMITED,199,655,2,0,3.29,Green,2242.6,300,176,1,1,36,Suspension,9.96,C,P1,Buyer Epsilon,Machining,5590.11,476,36,440,2459648.4,3976045.62,2.21,Daily,healthy,189.03,231.36,198.33,191.38,207.85,202.89,655,558.13,481.35,453.47,428.58,354.48,3.47,2.41,2.43,2.37,2.06,1.75
Passenger-Vehicle,04C-945-151-P,WIRING HARNESS,4076,4076,KALA-RATTAN PRIVATE LIMITED,1194,471,782,0,0.39,Red,16431.44,216,140,2,0,69,Electrical,17.66,C,N2,Buyer Beta,Forging,4548.4,356,69,287,1305390.8,2105558.2,0.24,Daily,demand_spike,1408.71,1526.39,1690.06,1577.79,2046.61,1482.46,471,0.0,0.0,0.0,0.0,0.0,0.33,0.0,0.0,0.0,0.0,0.0
Commercial-Vehicle,08K-368-603-P,CROSS MEMBER,4065,4065,SANKARLLC PRIVATE LIMITED,1785,528,759,498,0.3,Red,18392.87,295,150,1,0,70,Chassis,6.36,C,P2,Buyer Beta,Forging,1703.15,445,70,375,638681.25,857057.55,0.21,Monthly,demand_spike,1548.05,2632.95,2103.7,2261.57,2299.47,2345.92,528,0.0,0.0,0.0,0.0,0.0,0.34,0.0,0.0,0.0,0.0,0.0
India3.0,04C-383-411-B,CONTROL ARM,4034,4034,DUTTALTD PRIVATE LIMITED,2256,234,1165,857,0.1,Red,23650.57,109,52,1,8,6,Suspension,11.69,C,B1,Buyer Epsilon,Metals,6971.26,161,6,155,1080545.3,1725719.46,0.07,Monthly,critical,2174.93,1938.51,2017.11,2515.45,2152.02,2267.84,234,0.0,0.0,0.0,0.0,0.0,0.11,0.0,0.0,0.0,0.0,0.0
India3.0,04C-690-573-B,COOLING FAN,4032,4032,UPADHYAYGROUP PRIVATE LIMITED,1250,2790,50,0,2.23,Green,14093.29,1704,507,4,2,181,Cooling,9.43,D,P2,Buyer Epsilon,Electronics,9095.37,2211,181,2030,18463601.1,25107370.18,1.62,Weekly,in_transit,1458.77,1373.85,1388.5,1138.42,1249.58,1366.12,2790,1734.9,570.76,0.0,0.0,0.0,1.91,1.26,0.41,0.0,0.0,0.0
Commercial-Vehicle,15D-978-669-A,COOLING FAN,4077,4077,GALAGROUP PRIVATE LIMITED,2174,6255,318,0,2.88,Green,25557.53,2604,1819,3,0,68,Cooling,13.14,B,P2,Buyer Alpha,Machining,5348.33,4423,68,4355,23291977.15,37111780.3,2.0,Weekly,healthy,2448.84,2340.22,1872.66,2290.79,2338.35,1896.85,6255,4260.1,2560.11,447.24,0.0,0.0,2.55,1.82,1.37,0.2,0.0,0.0
Passenger-Vehicle,08K-268-868-A,SENSOR ASSEMBLY,4007,4007,SENPLC PRIVATE LIMITED,1219,1406,49,0,1.15,Amber,13066.5,841,545,7,8,29,Electrical,10.48,B,N1,Buyer Beta,Machining,10030.43,1386,29,1357,13611293.51,12367405.89,1.11,Daily,low_coverage,1330.79,1461.65,1099.67,1316.06,1358.21,1149.95,1406,402.36,0.0,0.0,0.0,0.0,1.06,0.28,0.0,0.0,0.0,0.0
Passenger-Vehicle,08K-395-226-B,COOLING FAN,4044,4044,ZACHARIAPLC PRIVATE LIMITED,2105,2839,963,0,1.35,Amber,22286.42,1690,1099,3,2,39,Cooling,1.83,D,P2,Buyer Delta,Machining,1944.1,2789,39,2750,5346275.0,5848052.92,1.31,Weekly,low_coverage,2524.7,2326.21,1983.13,2165.83,2381.75,2298.44,2839,871.23,0.0,0.0,0.0,0.0,1.12,0.37,0.0,0.0,0.0,0.0
EV-Program,08K-656-313-A,SENSOR ASSEMBLY,4069,4069,HANDAANDSONS PRIVATE LIMITED,0,219,1,0,,Gray,0.0,104,52,2,2,8,Electrical,12.63,A,N1,Buyer Delta,Metals,4341.12,156,8,148,642485.76,975713.63,,Monthly,zero_demand,0.0,0.0,0.0,0.0,0.0,0.0,219,307.0,454.0,546.0,629.0,726.0,,,,,,
India3.0,08K-581-366-B,GEAR HOUSING,4064,4064,GUPTA-CHANDRA PRIVATE LIMITED,1509,4974,168,0,3.3,Green,17662.36,2735,1216,3,2,95,Transmission,24.71,C,P3,Buyer Alpha,Casting,11341.52,3951,95,3856,43732901.12,63427272.02,2.56,Monthly,healthy,1533.13,1692.97,1441.21,1606.57,1481.42,1628.4,4974,3458.67,2094.83,740.95,0.0,0.0,3.24,2.04,1.45,0.46,0.0,0.0
Commercial-Vehicle,04C-553-634-C,INTAKE MANIFOLD,4002,4002,KAPOORANDSONS PRIVATE LIMITED,1777,10788,255,0,6.07,Green,24476.04,4547,2633,4,2,66,Engine,5.8,B,B2,Buyer Alpha,Metals,474.24,7180,66,7114,3373743.36,5637886.23,4.0,Weekly,excess,1837.73,1958.43,2109.18,1692.07,1855.05,1848.02,10788,9292.55,7442.12,6224.96,4616.24,3158.97,5.87,4.74,3.53,3.68,2.49,1.71
India2.0,12B-289-163-P,GEAR HOUSING,4015,4015,"MEMON,PATHAKANDHANDA PRIVATE LIMITED",1607,1686,88,0,1.05,Amber,21071.35,829,438,3,2,91,Transmission,15.41,A,B2,Buyer Delta,Fasteners,7593.2,1267,91,1176,8929603.2,12493284.22,0.73,Daily,low_coverage,1834.97,1647.07,1859.81,1366.04,1665.78,1401.19,1686,219.05,0.0,0.0,0.0,0.0,0.92,0.13,0.0,0.0,0.0,0.0
India3.0,08K-681-321-A,CONTROL ARM,4006,4006,"BALA,ISSACANDSAINI PRIVATE LIMITED",1281,946,837,0,0.74,Red,16580.19,430,214,7,5,28,Suspension,10.56,A,B1,Buyer Epsilon,Rubber,1992.29,644,28,616,1227250.64,1622214.0,0.48,Monthly,low_coverage,1369.2,1404.23,1449.44,1145.24,1369.0,1100.49,946,0.0,0.0,0.0,0.0,0.0,0.69,0.0,0.0,0.0,0.0,0.0
Passenger-Vehicle,04C-999-886-B,FUEL FILTER,4006,4006,"BALA,ISSACANDSAINI PRIVATE LIMITED",1423,6180,78,0,4.34,Green,15999.47,2379,2008,3,1,54,Fuel System,3.01,C,P3,Buyer Alpha,Metals,5471.01,4387,54,4333,23705886.33,36110263.47,3.04,Monthly,healthy,1465.84,1467.14,1448.54,1554.36,1455.49,1700.83,6180,4891.23,3922.12,2617.65,1549.88,90.56,4.22,3.33,2.71,1.68,1.06,0.05
EV-Program,06A-432-869-A,SEAT BRACKET,4043,4043,"ISSAC,DUAANDPRAKASH PRIVATE LIMITED",76,293,1,0,3.86,Green,907.49,131,113,1,8,117,Interior,6.0,A,N2,Buyer Gamma,Electronics,183.94,244,117,127,23360.38,47478.97,1.67,Daily,in_transit,69.13,83.21,78.32,76.5,67.19,86.48,293,358.84,372.14,320.04,362.2,333.92,4.24,4.31,4.75,4.18,5.39,3.86
India3.0,08K-216-654-A,RADIATOR PIPE,4046,4046,CHOUDHURYLLC PRIVATE LIMITED,2417,2535,1334,0,1.05,Amber,30546.39,1443,749,5,1,0,Cooling,14.06,C,P2,Buyer Gamma,Metals,7055.39,2192,0,2192,15465414.88,18206353.47,0.91,Daily,low_coverage,2186.13,2172.98,2728.76,2708.44,2214.39,2569.11,2535,927.63,0.0,0.0,0.0,0.0,1.16,0.43,0.0,0.0,0.0,0.0
Commercial-Vehicle,12B-641-253-A,CONTROL MODULE,4050,4050,DAVELTD PRIVATE LIMITED,2254,5651,112,0,2.51,Green,25859.29,1998,1326,2,3,75,Electrical,8.88,D,N1,Buyer Epsilon,Plastics,8862.91,3324,75,3249,28795594.59,47365293.48,1.44,Weekly,healthy,2201.01,2595.98,1939.72,2527.12,2168.87,2627.3,5651,3671.9,2166.56,0.0,0.0,0.0,2.57,1.41,1.12,0.0,0.0,0.0
EV-Program,12B-469-640-C,SHOCK ABSORBER,4071,4071,MALLICKGROUP PRIVATE LIMITED,205,1454,7,0,7.09,Green,2139.36,762,445,3,1,74,Suspension,22.39,D,N2,Buyer Epsilon,Plastics,10056.42,1207,74,1133,11393923.86,13320759.97,5.53,Weekly,excess,219.23,222.61,209.08,221.16,228.01,213.34,1454,1401.29,1295.76,1205.6,1155.94,1056.29,6.63,6.29,6.2,5.45,5.07,4.95
Commercial-Vehicle,15D-345-534-P,OIL FILTER HOUSING,4059,4059,"BHARGAVA,KARNIKANDBIR PRIVATE LIMITED",414,878,29,0,2.12,Green,5490.84,504,309,4,3,94,Engine,16.86,B,N2,Buyer Epsilon,Forging,1514.31,813,94,719,1088788.89,1137543.12,1.74,Monthly,healthy,357.49,352.07,447.49,398.93,428.69,442.38,878,696.35,385.8,120.83,0.0,0.0,2.46,1.98,0.86,0.3,0.0,0.0
Passenger-Vehicle,12B-699-394-A,CHASSIS BRACKET,4046,4046,CHOUDHURYLLC PRIVATE LIMITED,772,5123,96,0,6.64,Green,8966.77,3083,1369,0,1,59,Chassis,11.35,B,P2,Buyer Beta,Plastics,9681.75,4452,59,4393,42531927.75,43401877.84,5.69,Weekly,excess,810.16,806.88,686.82,722.49,770.32,859.22,5123,4392.44,3899.51,3454.27,2901.76,2262.63,6.32,5.44,5.68,4.78,3.77,2.63
India3.0,08K-456-158-A,CONTROL MODULE,4036,4036,SIDHU-WADHWA PRIVATE LIMITED,0,82,1,0,,Gray,0.0,38,16,2,2,65,Electrical,20.29,C,P1,Buyer Epsilon,Electronics,408.57,54,65,0,0.0,36470.37,,Monthly,zero_demand,0.0,0.0,0.0,0.0,0.0,0.0,82,144.0,179.0,263.0,412.0,555.0,,,,,,
EV-Program,04C-979-264-A,COOLING FAN,4073,4073,"CHAUDHARI,BEDIANDZACHARIAH PRIVATE LIMITED",683,2152,10,0,3.15,Green,7831.29,1324,418,2,1,11,Cooling,10.57,A,B2,Buyer Delta,Machining,5133.6,1742,11,1731,8886261.6,11668074.35,2.53,Weekly,healthy,688.49,596.76,632.2,630.36,743.36,814.88,2152,1693.95,1171.36,701.84,82.58,0.0,3.13,2.84,1.85,1.11,0.11,0.0
EV-Program,15D-710-387-C,ENGINE MOUNT,4058,4058,AMBLEINC PRIVATE LIMITED,4134,1346,3120,0,0.33,Red,41397.71,668,279,8,3,4,Engine,17.67,C,N1,Buyer Gamma,Casting,3516.15,947,4,943,3315729.45,4939646.82,0.23,Daily,demand_spike,4490.21,7101.43,6066.93,6787.73,4848.94,5887.62,1346,0.0,0.0,0.0,0.0,0.0,0.3,0.0,0.0,0.0,0.0,0.0
EV-Program,06A-254-878-P,FRAME SUPPORT,4058,4058,AMBLEINC PRIVATE LIMITED,278,642,8,0,2.31,Green,3153.9,352,248,4,2,18,Chassis,5.78,B,N1,Buyer Alpha,Electronics,6842.99,600,18,582,3982620.18,4214574.6,2.09,Monthly,healthy,309.36,271.36,280.12,320.06,277.47,257.28,642,451.65,278.43,41.65,0.0,0.0,2.08,1.66,0.99,0.13,0.0,0.0
India3.0,08K-819-774-P,FUEL FILTER,4038,4038,"YADAV,LOKEANDOAK PRIVATE LIMITED",119,1202,13,0,10.1,Gray,1519.23,755,408,4,1,57,Fuel System,20.82,C,B2,Buyer Delta,Metals,9778.13,1163,57,1106,10814611.78,10565196.76,9.29,Monthly,excess,105.31,120.07,103.31,135.98,107.96,118.84,1202,1107.0,1120.72,994.66,1007.7,977.31,11.41,9.22,10.85,7.31,9.33,8.22
India2.0,04C-182-872-P,FUEL PIPE,4021,4021,"LOKE,BORAANDGARG PRIVATE LIMITED",2151,7260,120,0,3.38,Green,26298.64,3999,1273,2,0,44,Fuel System,9.2,D,P2,Buyer Alpha,Metals,4826.61,5272,44,5228,25233517.08,37952987.86,2.43,Daily,healthy,2488.61,2018.35,1865.14,2024.04,1897.56,2467.03,7260,5592.79,3815.68,2096.64,358.78,0.0,2.92,2.77,2.05,1.04,0.19,0.0
India2.0,08K-292-789-P,BRAKE CALIPER,4035,4035,BHATT-RAJAN PRIVATE LIMITED,1416,1951,393,0,1.38,Amber,19038.32,1198,414,4,2,66,Braking,4.83,D,P3,Buyer Alpha,Rubber,5497.71,1612,66,1546,8499459.66,9451872.1,1.09,Daily,low_coverage,1345.37,1492.33,1334.6,1508.36,1362.22,1528.79,1951,823.16,0.0,0.0,0.0,0.0,1.45,0.55,0.0,0.0,0.0,0.0
Passenger-Vehicle,15D-874-299-C,INTAKE MANIFOLD,4053,4053,"IYER,MUNIANDRASTOGI PRIVATE LIMITED",449,44,340,65,0.1,Red,6128.88,21,8,8,8,15,Engine,8.09,C,B2,Buyer Delta,Metals,11883.27,29,15,14,166365.78,462243.0,0.03,Weekly,critical,441.71,521.95,534.39,412.43,453.13,465.58,44,0.0,0.0,0.0,0.0,0.0,0.1,0.0,0.0,0.0,0.0,0.0
India2.0,08K-276-541-P,BRAKE PAD,4077,4077,GALAGROUP PRIVATE LIMITED,5211,2335,142,2734,0.45,Red,54316.97,1457,448,2,0,96,Braking,7.49,D,N2,Buyer Epsilon,Rubber,2443.91,1905,96,1809,4421033.19,4897733.01,0.35,Weekly,demand_spike,5673.54,6574.19,7648.86,9419.24,7631.34,6817.46,2335,0.0,0.0,0.0,0.0,0.0,0.41,0.0,0.0,0.0,0.0,0.0
EV-Program,08K-438-795-A,BRAKE PAD,4067,4067,"BHAGAT,CHAUDHARIANDBHAT PRIVATE LIMITED",2005,8309,229,0,4.14,Green,24854.77,4331,1414,3,2,51,Braking,23.6,D,B1,Buyer Beta,Plastics,8640.28,5745,51,5694,49197754.32,67513241.24,2.84,Weekly,healthy,1951.72,1863.15,1808.88,2394.81,2047.09,2058.91,8309,6611.64,5112.06,2899.29,1382.34,0.0,4.26,3.55,2.83,1.21,0.68,0.0
EV-Program,06A-671-715-A,CLUTCH PLATE,4056,4056,BHATTLLC PRIVATE LIMITED,2423,2303,343,0,0.95,Red,26809.28,1168,844,6,5,2,Transmission,12.4,B,B1,Buyer Delta,Fasteners,2435.76,2012,2,2010,4895877.6,4787357.74,0.83,Daily,low_coverage,2076.4,2785.85,2890.02,2906.69,2596.11,2214.49,2303,0.0,0.0,0.0,0.0,0.0,1.11,0.0,0.0,0.0,0.0,0.0
Commercial-Vehicle,15D-175-700-B,CLUTCH PLATE,4070,4070,"SEN,DEYANDSAMI PRIVATE LIMITED",2024,3569,184,0,1.76,Amber,23903.38,2270,828,1,0,92,Transmission,2.79,B,P1,Buyer Alpha,Rubber,10857.09,3098,92,3006,32636412.54,42161477.9,1.49,Daily,healthy,1881.1,2266.12,1876.68,2339.77,2099.9,2085.36,3569,1508.08,179.93,0.0,0.0,0.0,1.9,0.67,0.1,0.0,0.0,0.0
India2.0,15D-314-818-C,CHASSIS BRACKET,4049,4049,,353,1263,35,0,3.58,Green,4348.43,690,361,3,1,39,Chassis,21.38,D,B1,Buyer Beta,Electronics,3886.49,1051,39,1012,3933127.88,4639611.85,2.87,Monthly,healthy,379.61,413.15,423.38,382.95,412.05,329.65,1263,906.56,557.16,301.21,108.24,0.0,3.33,2.19,1.32,0.79,0.26,0.0
India2.0,06A-786-955-C,FUEL RAIL,4076,4076,KALA-RATTAN PRIVATE LIMITED,974,4776,3,0,4.9,Green,12052.05,2417,849,1,2,7,Fuel System,15.4,A,B2,Buyer Beta,Electronics,11726.98,3266,7,3259,38218227.82,49209309.33,3.35,Monthly,healthy,892.36,886.73,991.02,954.91,988.95,882.28,4776,4083.18,3206.95,2415.93,1622.48,926.3,5.35,4.6,3.24,2.53,1.64,1.05
Commercial-Vehicle,06A-122-197-A,FUEL RAIL,4027,4027,"MURTY,KALAANDTATA PRIVATE LIMITED",2334,2946,787,0,1.26,Amber,25000.92,1210,1132,1,2,73,Fuel System,14.44,A,B2,Buyer Delta,Forging,9111.55,2342,73,2269,20674106.95,23357797.26,0.97,Monthly,low_coverage,2113.7,2571.99,2520.39,2380.55,2021.65,2550.62,2946,440.52,0.0,0.0,0.0,0.0,1.39,0.17,0.0,0.0,0.0,0.0
India2.0,12B-961-390-C,BRAKE CALIPER,4023,4023,MADAN-KANDA PRIVATE LIMITED,2261,8462,110,0,3.74,Green,25798.41,4164,3095,3,0,18,Braking,3.27,D,N2,Buyer Delta,Fasteners,11746.31,7259,18,7241,85055030.71,86368411.04,3.2,Daily,healthy,2432.54,2135.99,2508.74,2661.47,2373.21,2408.48,8462,6671.67,4746.48,2767.17,770.58,0.0,3.48,3.12,1.89,1.04,0.32,0.0
Commercial-Vehicle,12B-389-548-B,WATER PUMP,4036,4036,SIDHU-WADHWA PRIVATE LIMITED,2208,3804,190,0,1.72,Amber,23521.66,2452,1493,2,1,75,Cooling,10.84,C,B2,Buyer Alpha,Rubber,7173.29,3945,75,3870,27760632.3,23699268.29,1.75,Daily,healthy,1981.22,2365.85,2429.75,2157.19,2217.63,2064.46,3804,2088.15,49.55,0.0,0.0,0.0,1.92,0.88,0.02,0.0,0.0,0.0
Passenger-Vehicle,08K-839-749-B,FRAME SUPPORT,4003,4003,"CHAUDRY,CHAHALANDSAMI PRIVATE LIMITED",2089,3476,52,0,1.66,Amber,23570.18,1580,1063,1,3,57,Chassis,12.18,D,P2,Buyer Gamma,Rubber,9339.35,2643,57,2586,24151559.1,31421225.52,1.24,Daily,healthy,1955.81,2385.83,2026.46,2381.99,2433.95,2372.98,3476,1291.69,0.0,0.0,0.0,0.0,1.78,0.54,0.0,0.0,0.0,0.0
India2.0,04C-437-972-B,CONTROL ARM,4075,4075,RAYGROUP PRIVATE LIMITED,304,2956,2,0,9.72,Gray,3570.49,1668,936,4,3,28,Suspension,12.24,B,P3,Buyer Beta,Fasteners,2119.48,2604,28,2576,5459780.48,6203183.68,8.47,Weekly,excess,364.22,323.7,335.82,316.81,302.18,362.89,2956,2781.05,2470.55,2185.37,2078.68,1787.2,8.12,8.59,7.36,6.9,6.88,4.92
India2.0,06A-477-210-A,SENSOR ASSEMBLY,4005,4005,KAULPLC PRIVATE LIMITED,5289,3156,2421,0,0.6,Red,56662.31,1986,523,8,3,15,Electrical,2.86,D,P1,Buyer Beta,Casting,10538.45,2509,15,2494,26282894.3,32652135.43,0.47,Daily,demand_spike,5130.2,8401.27,7056.02,6958.06,6312.27,8464.26,3156,0.0,0.0,0.0,0.0,0.0,0.62,0.0,0.0,0.0,0.0,0.0
India3.0,06A-274-655-B,DOOR PANEL,4034,4034,DUTTALTD PRIVATE LIMITED,488,1025,4,0,2.1,Green,5023.49,485,315,4,0,17,Body,3.09,C,P1,Buyer Alpha,Machining,11508.64,800,17,783,9011265.12,12056545.59,1.6,Daily,healthy,438.65,564.22,493.13,573.08,455.96,528.38,1025,563.58,226.32,0.0,0.0,0.0,2.34,1.0,0.46,0.0,0.0,0.0
Commercial-Vehicle,15D-235-568-A,SENSOR ASSEMBLY,4035,4035,BHATT-RAJAN PRIVATE LIMITED,1262,3682,5,0,2.92,Green,14644.24,1565,1188,4,1,87,Electrical,15.5,B,B2,Buyer Gamma,Rubber,8918.84,2753,87,2666,23777627.44,33914307.05,2.11,Monthly,healthy,1353.68,1334.15,1277.47,1082.3,1469.13,1155.06,3682,2437.07,1439.86,482.58,0.0,0.0,2.72,1.83,1.13,0.45,0.0,0.0
EV-Program,08K-445-562-A,BRAKE PAD,4025,4025,MUTTIGROUP PRIVATE LIMITED,2026,136,107,1783,0.07,Red,20868.69,78,21,3,5,49,Braking,16.82,C,P3,Buyer Alpha,Rubber,3503.38,99,49,50,175169.0,537779.36,0.02,Daily,critical,2367.05,1929.51,2013.79,1805.54,1891.46,2410.97,136,0.0,0.0,0.0,0.0,0.0,0.06,0.0,0.0,0.0,0.0,0.0
Commercial-Vehicle,12B-841-216-A,DOOR PANEL,4056,4056,BHATTLLC PRIVATE LIMITED,314,1389,11,0,4.42,Green,3420.51,576,468,4,3,8,Body,15.85,D,B1,Buyer Delta,Rubber,5025.42,1044,8,1036,5206335.12,7972018.82,3.3,Monthly,healthy,336.81,303.51,305.98,339.0,312.35,338.16,1389,1166.76,962.97,745.69,605.03,311.25,4.12,3.84,3.15,2.2,1.94,0.92
India2.0,04C-786-138-A,SUSPENSION BRACKET,4044,4044,ZACHARIAPLC PRIVATE LIMITED,191,944,5,0,4.94,Green,2533.94,578,346,0,1,90,Suspension,0.4,A,P1,Buyer Alpha,Plastics,329.41,924,90,834,274727.94,336150.22,4.37,Daily,healthy,199.72,190.33,194.26,218.77,194.63,197.07,944,824.13,632.0,481.18,363.41,221.57,4.73,4.33,3.25,2.2,1.87,1.12
India2.0,15D-589-695-P,CONTROL ARM,4023,4023,MADAN-KANDA PRIVATE LIMITED,709,3442,0,0,4.85,Green,7649.54,1733,803,4,8,272,Suspension,16.61,B,P2,Buyer Alpha,Casting,1383.8,2536,272,2264,3132923.2,5321358.89,3.19,Monthly,in_transit,628.73,811.75,844.88,646.37,750.2,694.04,3442,2819.85,2117.47,1622.23,979.58,543.52,5.47,3.47,2.51,2.51,1.31,0.78
India2.0,12B-756-162-C,BONNET ASSEMBLY,4018,4018,RAILLC PRIVATE LIMITED,948,271,493,184,0.29,Red,10728.95,112,58,5,7,78,Body,0.74,D,N1,Buyer Alpha,Forging,5655.35,170,78,92,520292.2,1371926.23,0.1,Monthly,critical,902.44,940.17,1004.56,866.77,810.63,1065.3,271,0.0,0.0,0.0,0.0,0.0,0.3,0.0,0.0,0.0,0.0,0.0
Commercial-Vehicle,06A-680-852-P,BODY BRACKET,4002,4002,KAPOORANDSONS PRIVATE LIMITED,467,2180,27,0,4.67,Green,6399.18,1005,785,0,0,64,Body,5.67,A,B1,Buyer Gamma,Casting,11387.77,1790,64,1726,19655291.02,22627166.32,3.7,Weekly,healthy,523.55,409.18,520.94,519.56,552.81,415.32,2180,2000.74,1514.07,1066.65,688.36,439.16,4.16,4.89,2.91,2.05,1.25,1.06
EV-Program,08K-374-897-C,WIRING HARNESS,4071,4071,MALLICKGROUP PRIVATE LIMITED,1604,101,1068,435,0.06,Red,20895.2,47,35,7,3,16,Electrical,17.18,A,N2,Buyer Beta,Fasteners,6619.53,82,16,66,436888.98,608156.36,0.04,Daily,critical,1584.54,1718.69,1410.92,1757.73,1491.97,1512.93,101,0.0,0.0,0.0,0.0,0.0,0.06,0.0,0.0,0.0,0.0,0.0
EV-Program,06A-427-876-P,ENGINE MOUNT,4051,4051,GANDHI-LANKA PRIVATE LIMITED,589,7978,12,0,13.54,Gray,7866.91,3503,2137,4,2,99,Engine,14.31,D,B1,Buyer Beta,Casting,5174.15,5640,99,5541,28669965.15,47047236.46,9.41,Daily,excess,632.5,624.6,616.68,607.98,545.63,653.72,7978,7512.68,6984.67,6526.94,6231.71,5727.42,12.61,12.03,11.33,10.74,11.42,8.76
EV-Program,06A-431-626-C,FRAME SUPPORT,4042,4042,"CHERIAN,MISRAANDTRIPATHI PRIVATE LIMITED",357,271,167,0,0.76,Red,3885.35,174,53,6,0,27,Chassis,9.88,A,N2,Buyer Gamma,Machining,10483.74,227,27,200,2096748.0,2595705.48,0.56,Monthly,demand_spike,409.29,512.08,397.54,467.75,497.51,415.74,271,0.0,0.0,0.0,0.0,0.0,0.66,0.0,0.0,0.0,0.0,0.0
EV-Program,12B-195-162-B,CLUTCH PLATE,4016,4016,"BOASE,BATHANDKARI PRIVATE LIMITED",2225,3480,152,0,1.56,Amber,28184.98,1885,996,1,2,45,Transmission,13.48,A,P2,Buyer Delta,Metals,1410.45,2881,45,2836,4000036.2,5543685.53,1.27,Daily,healthy,1982.94,2483.08,1923.59,1977.72,2606.99,1902.87,3480,1111.88,0.0,0.0,0.0,0.0,1.75,0.45,0.0,0.0,0.0,0.0
India3.0,12B-808-421-P,TRANSMISSION COVER,4012,4012,PARMERLLC PRIVATE LIMITED,4113,2689,315,1109,0.65,Red,41864.61,1731,1020,4,3,53,Transmission,0.86,D,B2,Buyer Alpha,Casting,3734.67,2751,53,2698,10076139.66,8563517.83,0.66,Daily,demand_spike,3798.06,6534.35,6377.24,7253.2,7021.18,6056.78,2689,0.0,0.0,0.0,0.0,0.0,0.71,0.0,0.0,0.0,0.0,0.0
India3.0,15D-521-607-C,WATER PUMP,4033,4033,BATTAINC PRIVATE LIMITED,926,2624,56,0,2.83,Green,9315.37,941,835,0,0,31,Cooling,6.46,C,P3,Buyer Alpha,Electronics,9174.38,1776,31,1745,16009293.1,26067054.26,1.88,Daily,healthy,842.36,957.82,788.18,953.32,1009.38,808.72,2624,1947.6,1288.79,477.21,0.0,0.0,3.12,2.03,1.64,0.5,0.0,0.0
India2.0,04C-443-704-C,SHOCK ABSORBER,4009,4009,"SAMI,OAKANDMALL PRIVATE LIMITED",229,336,36,0,1.47,Amber,2863.06,130,114,8,5,69,Suspension,22.52,A,P2,Buyer Gamma,Forging,4609.72,244,69,175,806701.0,1657493.94,0.76,Daily,low_coverage,210.4,255.15,196.38,221.46,250.77,250.62,336,233.78,84.86,0.0,0.0,0.0,1.6,0.92,0.43,0.0,0.0,0.0
India3.0,04C-501-913-C,BODY BRACKET,4051,4051,GANDHI-LANKA PRIVATE LIMITED,602,1935,22,0,3.21,Green,7699.36,737,410,4,3,15,Body,21.51,D,B1,Buyer Epsilon,Rubber,3855.83,1147,15,1132,4364799.56,6759776.93,1.88,Daily,healthy,697.01,663.33,698.07,570.62,646.65,632.4,1935,1467.89,993.02,566.67,100.35,0.0,2.78,2.21,1.42,0.99,0.16,0.0
EV-Program,15D-993-213-C,INTAKE MANIFOLD,4078,4078,RAMAKRISHNANLLC PRIVATE LIMITED,2101,5503,169,0,2.62,Green,24499.2,2312,1075,3,0,49,Engine,16.13,A,P1,Buyer Beta,Forging,8100.46,3387,49,3338,27039335.48,39636922.17,1.59,Daily,healthy,1927.77,2493.12,2296.49,1912.39,2040.88,2229.57,5503,3491.47,1574.57,78.61,0.0,0.0,2.85,1.4,0.69,0.04,0.0,0.0
Commercial-Vehicle,08K-709-614-A,CHASSIS BRACKET,4053,4053,"IYER,MUNIANDRASTOGI PRIVATE LIMITED",2466,123,1569,774,0.05,Red,25987.36,48,21,7,7,95,Chassis,15.18,D,B2,Buyer Delta,Metals,4761.94,69,95,0,0.0,531724.74,0.0,Daily,critical,2507.7,2952.85,2408.11,2339.36,2109.03,2449.84,123,0.0,0.0,0.0,0.0,0.0,0.05,0.0,0.0,0.0,0.0,0.0
Passenger-Vehicle,04C-766-892-P,FUEL PIPE,4066,4066,ROY-SIBAL PRIVATE LIMITED,21,12,5,4,0.57,Red,222.35,7,3,6,1,11,Fuel System,4.99,D,B2,Buyer Alpha,Forging,10718.51,10,11,0,0.0,132726.39,0.0,Monthly,low_coverage,20.09,20.57,18.12,24.39,21.96,19.46,12,42.96,150.04,168.12,202.7,257.87,0.6,2.09,8.28,6.89,9.23,13.25
Passenger-Vehicle,15D-811-706-B,CONSOLE COVER,4064,4064,GUPTA-CHANDRA PRIVATE LIMITED,550,1164,33,0,2.12,Green,7126.15,442,402,4,3,23,Interior,1.5,B,P1,Buyer Gamma,Forging,1476.28,844,23,821,1212025.88,1747562.22,1.49,Daily,healthy,524.15,543.35,549.51,602.21,647.5,599.46,1164,876.15,558.07,182.68,0.0,0.0,2.22,1.61,1.02,0.3,0.0,0.0
India3.0,15D-636-801-B,TRANSMISSION COVER,4079,4079,MANGAL-SAMPATH PRIVATE LIMITED,250,365,165,0,1.46,Amber,3343.67,180,54,6,1,79,Transmission,1.74,C,B1,Buyer Delta,Rubber,4741.75,234,79,155,734971.25,1492880.76,0.62,Weekly,low_coverage,251.39,253.4,295.44,280.51,291.42,298.99,365,304.46,95.82,0.0,0.0,0.0,1.45,1.2,0.32,0.0,0.0,0.0
EV-Program,08K-892-903-P,COOLING FAN,4050,4050,DAVELTD PRIVATE LIMITED,294,1032,2,0,3.51,Green,3625.07,636,215,4,0,89,Cooling,15.97,C,B1,Buyer Delta,Machining,8145.22,851,89,762,6206657.64,7549309.45,2.59,Monthly,healthy,259.64,329.43,316.03,321.08,290.29,296.69,1032,824.68,707.6,578.5,349.99,153.0,3.97,2.5,2.24,1.8,1.21,0.52
Commercial-Vehicle,15D-941-567-A,OIL FILTER HOUSING,4038,4038,"YADAV,LOKEANDOAK PRIVATE LIMITED",2052,30432,293,0,14.83,Gray,20957.76,15764,9850,0,1,11,Engine,14.56,D,N2,Buyer Gamma,Metals,11207.68,25614,11,25603,286950231.04,327042286.24,12.48,Daily,excess,2063.48,2413.71,1923.72,2442.58,2161.42,2167.72,30432,28295.61,26792.79,25010.25,23326.53,21708.97,14.75,11.72,13.93,10.24,10.79,10.01
Commercial-Vehicle,15D-599-950-A,DOOR PANEL,4048,4048,BRARINC PRIVATE LIMITED,0,142,0,0,,Gray,0.0,63,22,0,2,44,Body,4.75,B,P1,Buyer Alpha,Plastics,8018.12,85,44,41,328742.92,1013591.48,,Daily,zero_demand,0.0,0.0,0.0,0.0,0.0,0.0,142,249.0,391.0,456.0,522.0,545.0,,,,,,
India2.0,12B-258-595-B,BRAKE BRACKET,4044,4044,ZACHARIAPLC PRIVATE LIMITED,1111,800,857,0,0.72,Red,12584.73,305,225,2,3,41,Braking,17.32,C,B2,Buyer Alpha,Metals,5729.47,530,41,489,2801710.83,4164402.86,0.44,Monthly,low_coverage,1216.04,1217.84,999.31,1111.57,1328.35,1073.74,800,0.0,0.0,0.0,0.0,0.0,0.66,0.0,0.0,0.0,0.0,0.0
Passenger-Vehicle,15D-603-502-C,BRAKE BRACKET,4080,4080,"SUR,DUBEYANDGUPTA PRIVATE LIMITED",2385,6791,92,0,2.85,Green,32357.91,3293,1114,4,7,117,Braking,15.27,D,B1,Buyer Epsilon,Metals,10235.71,4407,117,4290,43911195.9,72734691.44,1.8,Monthly,in_transit,2334.25,2059.59,2513.59,2048.02,2316.6,2125.34,6791,4882.28,2647.33,1007.47,0.0,0.0,2.91,2.37,1.05,0.49,0.0,0.0
Commercial-Vehicle,08K-613-158-P,CROSS MEMBER,4024,4024,"NAIR,BHALLAANDKARNIK PRIVATE LIMITED",2188,8631,125,0,3.94,Green,30075.84,3687,2043,3,3,56,Chassis,9.06,D,P2,Buyer Alpha,Casting,3726.26,5730,56,5674,21142799.24,30227743.45,2.59,Weekly,healthy,2468.7,2338.85,2574.53,1927.07,2303.66,2057.75,8631,6825.45,4824.4,3157.42,1401.79,0.0,3.5,2.92,1.87,1.64,0.61,0.0
Commercial-Vehicle,06A-301-446-A,FRAME SUPPORT,4018,4018,RAILLC PRIVATE LIMITED,342,1409,40,0,4.12,Green,4170.85,769,412,3,0,47,Chassis,18.6,A,P3,Buyer Alpha,Rubber,7271.51,1181,47,1134,8245892.34,9898133.98,3.32,Weekly,healthy,291.21,315.38,291.81,401.83,354.08,351.56,1409,1265.41,1122.49,793.31,563.04,265.19,4.84,4.01,3.85,1.97,1.59,0.75
India2.0,04C-177-874-P,SUSPENSION BRACKET,4078,4078,RAMAKRISHNANLLC PRIVATE LIMITED,2063,8183,12,0,3.97,Green,22111.11,4965,2934,4,3,100,Suspension,14.01,D,N1,Buyer Alpha,Metals,1212.68,7899,100,7799,9457691.32,9235794.29,3.78,Monthly,healthy,1801.86,2320.17,2047.85,2298.35,2243.69,2020.96,8183,6055.76,4377.55,2664.29,586.15,0.0,4.54,2.61,2.14,1.16,0.26,0.0
Commercial-Vehicle,04C-665-529-C,TRANSMISSION COVER,4020,4020,PANT-KADAKIA PRIVATE LIMITED,1247,824,272,151,0.66,Red,13655.39,482,142,5,2,4,Transmission,21.98,A,P1,Buyer Delta,Fasteners,11572.7,624,4,620,7175074.0,10439121.96,0.5,Weekly,low_coverage,1183.67,1459.56,1145.87,1426.48,1077.06,1330.66,824,0.0,0.0,0.0,0.0,0.0,0.7,0.0,0.0,0.0,0.0,0.0
India2.0,06A-329-449-P,WIRING HARNESS,4052,4052,"SAMPATH,KAKARANDZACHARIA PRIVATE LIMITED",1059,2128,122,0,2.01,Green,13462.1,1127,720,2,3,31,Electrical,23.92,D,N1,Buyer Delta,Plastics,8812.42,1847,31,1816,16003354.72,18198316.83,1.71,Daily,healthy,1206.79,1046.98,1162.86,1204.67,1066.82,1098.95,2128,1114.52,209.85,0.0,0.0,0.0,1.76,1.06,0.18,0.0,0.0,0.0
India2.0,06A-131-211-A,WIRING HARNESS,4067,4067,"BHAGAT,CHAUDHARIANDBHAT PRIVATE LIMITED",1362,4691,71,0,3.44,Green,17316.44,2368,1674,0,7,4,Electrical,21.07,B,P1,Buyer Epsilon,Metals,762.28,4042,4,4038,3078086.64,3705443.1,2.96,Weekly,in_transit,1393.02,1606.21,1555.27,1276.43,1497.17,1555.89,4691,3500.91,2040.39,1087.92,0.0,0.0,3.37,2.18,1.31,0.85,0.0,0.0
India3.0,08K-299-405-A,DOOR PANEL,4037,4037,APTE-CONTRACTOR PRIVATE LIMITED,359,352,10,0,0.98,Red,3783.17,223,123,8,3,97,Body,13.17,A,B2,Buyer Epsilon,Casting,291.21,346,97,249,72511.29,97292.53,0.69,Weekly,low_coverage,360.23,426.29,412.76,403.07,393.15,418.55,352,34.9,0.0,0.0,0.0,0.0,0.98,0.08,0.0,0.0,0.0,0.0
India3.0,15D-615-941-A,RADIATOR PIPE,4022,4022,"KONDA,GADEANDSHERE PRIVATE LIMITED",884,21,419,444,0.02,Red,11371.84,12,3,4,6,95,Cooling,19.88,C,P1,Buyer Beta,Fasteners,4643.26,15,95,0,0.0,98483.04,0.0,Monthly,critical,956.42,1001.95,993.41,910.47,913.95,859.67,21,0.0,0.0,0.0,0.0,0.0,0.02,0.0,0.0,0.0,0.0,0.0
Commercial-Vehicle,06A-342-636-C,CONTROL MODULE,4070,4070,"SEN,DEYANDSAMI PRIVATE LIMITED",415,743,59,0,1.79,Amber,4620.89,398,283,0,3,80,Electrical,12.92,C,N2,Buyer Epsilon,Rubber,2154.94,681,80,601,1295118.94,1669814.6,1.45,Monthly,healthy,487.42,412.38,469.67,444.14,377.28,404.35,743,425.39,64.96,0.0,0.0,0.0,1.52,1.03,0.14,0.0,0.0,0.0
Commercial-Vehicle,12B-785-817-P,WATER PUMP,4074,4074,CHANDERANDSONS PRIVATE LIMITED,145,34,72,39,0.23,Red,1511.09,19,9,6,3,84,Cooling,20.35,C,P2,Buyer Gamma,Plastics,8445.57,28,84,0,0.0,251950.33,0.0,Weekly,demand_spike,147.1,196.68,187.17,196.65,195.71,150.13,34,0.0,0.0,0.0,0.0,0.0,0.23,0.0,0.0,0.0,0.0,0.0
India2.0,15D-677-273-A,OIL FILTER HOUSING,4011,4011,CHANDAGROUP PRIVATE LIMITED,1721,3189,156,0,1.85,Amber,23103.44,1890,1038,2,2,58,Engine,23.31,B,P3,Buyer Delta,Machining,11184.45,2928,58,2870,32099371.5,34194433.97,1.67,Daily,healthy,1595.4,1771.63,1949.71,1956.56,1504.12,1849.96,3189,1802.44,251.23,0.0,0.0,0.0,2.0,1.02,0.13,0.0,0.0,0.0
Passenger-Vehicle,06A-624-435-P,CONTROL ARM,4058,4058,AMBLEINC PRIVATE LIMITED,1226,3353,94,0,2.73,Green,15771.89,1361,676,4,3,40,Suspension,1.13,B,P1,Buyer Epsilon,Forging,6662.21,2037,40,1997,13304433.37,22468023.63,1.63,Daily,healthy,1202.86,1186.18,1149.22,1446.16,1335.65,1274.57,3353,2500.02,1530.42,326.66,0.0,0.0,2.79,2.11,1.33,0.23,0.0,0.0
India3.0,06A-183-714-P,SEAT BRACKET,4015,4015,"MEMON,PATHAKANDHANDA PRIVATE LIMITED",640,2568,2,0,4.01,Green,6671.15,1512,542,1,0,6,Interior,4.9,D,P1,Buyer Gamma,Machining,9929.23,2054,6,2048,20335063.04,24648798.54,3.2,Monthly,healthy,598.2,667.71,639.44,589.0,571.99,746.12,2568,2085.27,1643.87,1186.95,768.12,44.73,4.29,3.12,2.57,2.02,1.34,0.06
EV-Program,08K-538-367-C,INTAKE MANIFOLD,4035,4035,BHATT-RAJAN PRIVATE LIMITED,1711,21069,130,0,12.31,Gray,18870.75,9286,6575,3,2,96,Engine,13.33,B,P2,Buyer Epsilon,Forging,9476.71,15861,96,15765,149400333.15,212579296.02,9.21,Daily,excess,1462.72,1822.88,1579.37,1556.8,1972.61,1730.47,21069,19503.53,18035.87,16588.87,15205.11,13897.97,14.4,10.7,11.42,10.66,7.71,8.03
India2.0,12B-826-595-B,TRANSMISSION COVER,4040,4040,SETTYINC PRIVATE LIMITED,2007,673,693,641,0.34,Red,25160.2,302,263,4,1,41,Transmission,23.16,A,B2,Buyer Delta,Plastics,6873.83,565,41,524,3601886.92,4305786.59,0.26,Daily,critical,2008.85,2128.97,2355.06,1996.32,1778.03,2185.41,673,0.0,0.0,0.0,0.0,0.0,0.34,0.0,0.0,0.0,0.0,0.0
Passenger-Vehicle,08K-317-525-P,DOOR PANEL,4005,4005,KAULPLC PRIVATE LIMITED,2446,6730,328,0,2.75,Green,30969.5,3774,2170,4,4,54,Body,10.42,A,N1,Buyer Delta,Machining,2850.56,5944,54,5890,16789798.4,21139598.13,2.41,Weekly,in_transit,2155.9,2580.46,2355.75,2135.07,2237.05,2179.44,6730,4761.1,2858.81,1136.55,0.0,0.0,3.12,1.85,1.21,0.53,0.0,0.0
EV-Program,08K-229-778-B,ENGINE MOUNT,4024,4024,"NAIR,BHALLAANDKARNIK PRIVATE LIMITED",2186,9762,243,0,4.47,Green,28908.48,6209,1850,3,1,61,Engine,11.51,D,N2,Buyer Delta,Plastics,7479.02,8059,61,7998,59817201.96,73863380.69,3.66,Weekly,healthy,2108.36,2350.34,1904.3,2242.58,2481.31,2468.4,9762,7703.26,6143.1,4402.38,2221.36,452.6,4.63,3.28,3.23,1.96,0.9,0.18
Commercial-Vehicle,15D-986-826-C,SEAT BRACKET,4016,4016,"BOASE,BATHANDKARI PRIVATE LIMITED",5253,3491,767,995,0.66,Red,54345.83,1243,1080,6,2,26,Interior,16.79,C,N2,Buyer Delta,Plastics,8003.64,2323,26,2297,18384361.08,31387262.33,0.44,Daily,demand_spike,4730.87,8022.49,8031.79,7007.89,6201.06,8257.39,3491,0.0,0.0,0.0,0.0,0.0,0.74,0.0,0.0,0.0,0.0,0.0
India3.0,06A-301-683-A,BRAKE BRACKET,4031,4031,"RASTOGI,PATHAKANDKANDA PRIVATE LIMITED",31,141,0,0,4.55,Green,355.83,51,40,3,3,96,Braking,8.75,A,P2,Buyer Gamma,Fasteners,2891.07,91,96,0,0.0,347995.99,0.0,Daily,healthy,33.81,29.67,28.31,30.44,36.34,27.64,141,240.94,305.93,351.9,322.28,311.19,4.17,8.12,10.81,11.56,8.87,11.26
Commercial-Vehicle,08K-596-192-A,BODY BRACKET,4026,4026,BHATTI-KAKAR PRIVATE LIMITED,1086,8978,41,0,8.27,Gray,13581.36,5287,2683,4,1,9,Body,5.31,D,B1,Buyer Epsilon,Rubber,11577.33,7970,9,7961,92167124.13,116724490.57,7.33,Weekly,excess,1193.61,1166.55,1011.35,1045.52,1067.56,946.64,8978,7993.45,7162.42,6277.76,5407.68,4642.04,7.52,6.85,7.08,6.0,5.07,4.9
Commercial-Vehicle,15D-349-833-A,BRAKE CALIPER,4042,4042,"CHERIAN,MISRAANDTRIPATHI PRIVATE LIMITED",1886,7357,250,0,3.9,Green,23357.04,4433,1530,0,2,3,Braking,13.38,D,B2,Buyer Epsilon,Rubber,4117.52,5963,3,5960,24540419.2,29586215.14,3.16,Weekly,healthy,1988.84,1870.49,2243.65,1892.9,2019.99,2097.61,7357,5810.12,3640.0,1928.99,23.39,0.0,3.7,3.11,1.62,1.02,0.01,0.0
India3.0,08K-248-489-C,FRAME SUPPORT,4015,4015,"MEMON,PATHAKANDHANDA PRIVATE LIMITED",336,1658,24,0,4.93,Green,3824.85,688,310,2,0,83,Chassis,15.07,B,B2,Buyer Epsilon,Casting,8367.25,998,83,915,7656033.75,14975389.98,2.72,Daily,healthy,304.99,376.25,345.69,370.22,385.1,370.54,1658,1426.17,1217.07,980.45,667.71,500.77,5.44,3.79,3.52,2.65,1.73,1.35
Commercial-Vehicle,08K-170-250-A,CHASSIS BRACKET,4065,4065,SANKARLLC PRIVATE LIMITED,1187,4327,131,0,3.65,Green,15991.64,2287,736,3,1,9,Chassis,1.68,B,P3,Buyer Delta,Machining,10524.01,3023,9,3014,31719366.14,45084646.52,2.54,Monthly,healthy,1011.42,1378.64,1114.55,1418.23,1052.72,1020.27,4327,3240.49,2210.52,918.86,5.34,0.0,4.28,2.35,1.98,0.65,0.01,0.0
EV-Program,04C-462-343-P,GEAR HOUSING,4031,4031,"RASTOGI,PATHAKANDKANDA PRIVATE LIMITED",1845,7185,169,0,3.89,Green,22826.8,2895,1259,2,2,48,Transmission,23.53,C,B1,Buyer Beta,Plastics,2222.01,4154,48,4106,9123573.06,14392971.38,2.23,Monthly,healthy,1898.9,1910.26,2095.19,1726.35,1729.98,2158.24,7185,5734.94,3800.96,2612.34,1261.63,0.0,3.78,3.0,1.81,1.51,0.73,0.0
Passenger-Vehicle,15D-255-600-A,ENGINE MOUNT,4038,4038,"YADAV,LOKEANDOAK PRIVATE LIMITED",386,628,20,0,1.63,Amber,4801.42,275,218,2,2,57,Engine,2.24,D,N2,Buyer Beta,Rubber,440.37,493,57,436,192001.32,271261.77,1.13,Daily,healthy,339.96,357.81,414.88,460.28,392.04,439.31,628,326.15,33.35,0.0,0.0,0.0,1.85,0.91,0.08,0.0,0.0,0.0
Passenger-Vehicle,15D-828-710-A,DOOR PANEL,4008,4008,AHUJA-DUTTA PRIVATE LIMITED,1435,5269,205,0,3.67,Green,18931.6,2406,962,3,1,8,Body,17.64,A,P1,Buyer Epsilon,Machining,11582.77,3368,8,3360,38918107.2,54417779.65,2.34,Monthly,healthy,1570.28,1284.56,1269.63,1236.79,1242.79,1566.78,5269,4146.8,3046.07,2003.08,1050.99,0.0,3.36,3.23,2.4,1.62,0.85,0.0
India3.0,06A-717-649-A,DOOR PANEL<br>,4047,4047,KHATRI-BHARDWAJ PRIVATE LIMITED,1528,4025,101,0,2.63,Green,20084.12,1437,947,0,3,94,Body,8.28,C,P2,Buyer Epsilon,Machining,1694.14,2384,94,2290,3879580.6,6424632.55,1.5,Weekly,healthy,1410.18,1623.5,1625.24,1335.77,1565.68,1674.75,4025,2927.35,1470.44,346.81,0.0,0.0,2.85,1.8,0.9,0.26,0.0,0.0
India2.0,04C-758-621-P,BONNET ASSEMBLY,4012,4012,PARMERLLC PRIVATE LIMITED,1314,4357,67,0,3.32,Green,13948.57,1646,950,0,2,73,Body,24.88,B,B1,Buyer Epsilon,Rubber,6731.47,2596,73,2523,16983498.81,27359378.94,1.92,Monthly,healthy,1315.27,1566.99,1258.42,1409.07,1322.91,1531.91,4357,3211.44,2080.89,864.95,0.0,0.0,3.31,2.05,1.65,0.61,0.0,0.0
Commercial-Vehicle,12B-745-437-C,INTAKE MANIFOLD,4059,4059,"BHARGAVA,KARNIKANDBIR PRIVATE LIMITED",2185,9135,234,0,4.18,Green,29140.72,5725,3640,4,1,5,Engine,3.88,D,P1,Buyer Gamma,Fasteners,10990.13,9365,5,9360,102867616.8,105178884.1,4.28,Daily,healthy,2112.86,2581.44,2183.78,2038.45,1913.04,2462.47,9135,7087.1,5100.38,3570.86,1953.69,0.0,4.32,2.75,2.34,1.75,1.02,0.0
India2.0,06A-108-289-C,CHASSIS BRACKET,4003,4003,"CHAUDRY,CHAHALANDSAMI PRIVATE LIMITED",665,138,378,149,0.21,Red,8009.4,61,22,4,1,50,Chassis,4.74,A,P3,Buyer Gamma,Forging,1177.46,83,50,33,38856.18,175655.92,0.05,Daily,demand_spike,713.73,1088.46,1080.39,1046.92,1259.66,1113.18,138,0.0,0.0,0.0,0.0,0.0,0.19,0.0,0.0,0.0,0.0,0.0
EV-Program,15D-718-414-B,OIL FILTER HOUSING,4002,4002,KAPOORANDSONS PRIVATE LIMITED,907,2231,47,0,2.46,Green,12046.43,1115,609,3,1,92,Engine,4.15,D,P3,Buyer Epsilon,Machining,3627.47,1724,92,1632,5920031.04,8054356.67,1.8,Weekly,healthy,858.58,854.24,855.27,862.0,1086.73,973.48,2231,1499.61,728.42,1.51,0.0,0.0,2.6,1.76,0.85,0.0,0.0,0.0
Commercial-Vehicle,08K-694-429-C,FRAME SUPPORT,4077,4077,GALAGROUP PRIVATE LIMITED,1796,2191,1389,0,1.22,Amber,23427.03,1382,330,5,4,13,Chassis,9.65,C,N1,Buyer Delta,Plastics,9290.24,1712,13,1699,15784117.76,22190596.12,0.95,Daily,low_coverage,1954.46,1585.23,1737.67,1774.44,1843.98,1994.57,2191,890.87,0.0,0.0,0.0,0.0,1.12,0.56,0.0,0.0,0.0,0.0
India3.0,12B-141-476-C,ENGINE MOUNT,4064,4064,GUPTA-CHANDRA PRIVATE LIMITED,599,2436,10,0,4.07,Green,8375.22,1277,433,1,0,93,Engine,6.87,C,P1,Buyer Gamma,Fasteners,3385.25,1710,93,1617,5473949.25,8873244.58,2.7,Weekly,healthy,605.66,657.29,677.98,716.82,569.72,576.31,2436,1928.63,1368.99,919.89,561.12,169.94,4.02,2.93,2.02,1.28,0.98,0.29
India2.0,04C-409-847-C,CONSOLE COVER,4077,4077,GALAGROUP PRIVATE LIMITED,68,139,9,0,2.04,Green,769.56,76,40,4,2,94,Interior,1.19,A,B2,Buyer Beta,Machining,2110.46,116,94,22,46430.12,287949.47,0.32,Weekly,healthy,66.75,66.84,77.54,65.18,68.3,77.1,139,84.6,40.94,125.05,93.49,167.7,2.08,1.27,0.53,1.92,1.37,2.18
Commercial-Vehicle,04C-395-242-C,BRAKE CALIPER,4019,4019,PATLA-GABA PRIVATE LIMITED,2367,10142,121,0,4.28,Green,26606.97,6525,2270,3,3,34,Braking,18.74,D,P3,Buyer Epsilon,Fasteners,226.31,8795,34,8761,1982701.91,2171968.0,3.7,Monthly,healthy,2148.04,2318.99,2165.79,2624.69,2677.49,2040.55,10142,8460.88,6550.47,4570.3,2109.95,498.14,4.72,3.65,3.02,1.74,0.79,0.24
Passenger-Vehicle,15D-299-469-P,CONTROL MODULE,4074,4074,CHANDERANDSONS PRIVATE LIMITED,2901,1322,2083,0,0.46,Red,38383.27,844,320,6,3,58,Electrical,13.7,B,P1,Buyer Delta,Machining,4710.12,1164,58,1106,5209392.72,6522347.49,0.38,Monthly,demand_spike,3333.21,4232.41,4721.42,3740.82,3618.49,3783.56,1322,0.0,0.0,0.0,0.0,0.0,0.4,0.0,0.0,0.0,0.0,0.0
EV-Program,12B-838-825-P,WIRING HARNESS,4001,4001,"CHOUDHURY,BAKSHIANDMAHARAJ PRIVATE LIMITED",2198,728,1538,0,0.33,Red,24428.54,275,239,3,0,90,Electrical,20.63,D,P2,Buyer Alpha,Plastics,10353.21,514,90,424,4389761.04,8103771.76,0.19,Daily,demand_spike,2255.39,2687.68,3499.04,2197.54,2426.77,3112.14,728,0.0,0.0,0.0,0.0,0.0,0.32,0.0,0.0,0.0,0.0,0.0
India2.0,06A-482-677-A,ENGINE MOUNT,4015,4015,"MEMON,PATHAKANDHANDA PRIVATE LIMITED",229,11,130,88,0.05,Red,3153.65,4,3,7,1,88,Engine,14.56,D,P1,Buyer Gamma,Plastics,3110.27,7,88,0,0.0,29083.59,0.0,Daily,critical,246.15,244.49,204.61,220.71,233.91,233.89,11,0.0,0.0,0.0,0.0,0.0,0.04,0.0,0.0,0.0,0.0,0.0
Commercial-Vehicle,15D-777-705-C,FUEL FILTER,4015,4015,"MEMON,PATHAKANDHANDA PRIVATE LIMITED",885,1253,119,0,1.42,Amber,8889.22,493,476,5,6,74,Fuel System,3.96,A,P1,Buyer Delta,Metals,9354.21,969,74,895,8372017.95,10099465.37,1.01,Weekly,low_coverage,754.92,865.14,991.04,951.52,838.14,1046.78,1253,439.24,0.0,0.0,0.0,0.0,1.66,0.51,0.0,0.0,0.0,0.0
EV-Program,06A-406-131-B,SEAT BRACKET,4050,4050,DAVELTD PRIVATE LIMITED,907,2726,20,0,3.01,Green,10930.85,1365,846,1,3,76,Interior,19.66,D,N2,Buyer Beta,Rubber,2243.3,2211,76,2135,4789445.5,6619184.33,2.35,Daily,healthy,892.26,818.39,931.68,907.53,841.72,865.04,2726,2113.41,1440.42,827.42,185.6,0.0,3.06,2.58,1.55,0.91,0.22,0.0
India3.0,12B-941-972-C,DASHBOARD PANEL,4023,4023,MADAN-KANDA PRIVATE LIMITED,1281,4863,132,0,3.8,Green,12975.57,1774,1125,1,3,20,Interior,17.0,B,N1,Buyer Delta,Machining,5630.19,2899,20,2879,16209317.01,25727258.81,2.25,Daily,healthy,1092.67,1221.48,1200.94,1518.51,1354.55,1362.14,4863,3706.87,2760.37,1475.9,527.06,0.0,4.45,3.03,2.3,0.97,0.39,0.0
India2.0,06A-612-215-P,SEAT BRACKET,4067,4067,"BHAGAT,CHAUDHARIANDBHAT PRIVATE LIMITED",2223,10771,311,0,4.85,Green,31022.24,6020,1872,4,1,0,Interior,24.34,B,N2,Buyer Alpha,Rubber,3931.52,7892,0,7892,31027555.84,37895163.38,3.55,Daily,healthy,1975.14,2020.56,2288.43,2521.3,1949.62,2569.27,10771,9112.78,7330.6,5276.52,3896.5,1619.5,5.45,4.51,3.2,2.09,2.0,0.63
Passenger-Vehicle,08K-301-620-A,WATER PUMP,4040,4040,SETTYINC PRIVATE LIMITED,523,6275,2,0,12,Gray,5575.2,3710,1923,0,1,38,Cooling,2.36,C,P2,Buyer Epsilon,Forging,4543.78,5633,38,5595,25422449.1,29541769.65,10.7,Daily,excess,590.35,478.98,529.09,568.39,551.64,484.31,6275,5920.64,5524.27,5090.39,4697.15,4257.18,10.63,12.36,10.44,8.96,8.51,8.79
Commercial-Vehicle,06A-482-328-P,CLUTCH PLATE,4066,4066,ROY-SIBAL PRIVATE LIMITED,2000,4901,99,0,2.45,Green,21844.06,2351,821,0,6,239,Transmission,6.72,B,B1,Buyer Beta,Fasteners,1748.11,3172,239,2933,5127206.63,8392359.94,1.47,Daily,in_transit,1838.68,1954.2,2138.95,2214.11,2364.26,2045.69,4901,3076.72,1010.22,0.0,0.0,0.0,2.67,1.57,0.47,0.0,0.0,0.0
India2.0,12B-782-626-C,SUSPENSION BRACKET,4028,4028,SHANKER-DHAR PRIVATE LIMITED,0,188,1,0,,Gray,0.0,100,65,2,1,12,Suspension,3.94,D,N2,Buyer Beta,Machining,8649.13,165,12,153,1323316.89,1591181.05,,Weekly,zero_demand,0.0,0.0,0.0,0.0,0.0,0.0,188,195.0,276.0,397.0,523.0,567.0,,,,,,
India2.0,08K-813-195-B,INTAKE MANIFOLD,4007,4007,SENPLC PRIVATE LIMITED,857,1798,53,0,2.1,Green,9848.82,863,340,2,4,263,Engine,16.41,D,B2,Buyer Beta,Electronics,981.82,1203,263,940,922910.8,1620881.81,1.1,Monthly,in_transit,841.23,1021.16,904.93,749.65,784.26,1009.78,1798,841.75,155.4,0.0,0.0,0.0,2.14,0.82,0.17,0.0,0.0,0.0
Passenger-Vehicle,04C-561-235-P,CLUTCH PLATE,4007,4007,SENPLC PRIVATE LIMITED,2391,29285,227,0,12.25,Gray,23989.03,10676,11105,4,2,76,Transmission,15.13,C,B2,Buyer Gamma,Machining,1375.42,21781,76,21705,29853491.1,36904101.98,9.08,Monthly,excess,2490.23,2116.26,2139.92,2050.68,2222.09,2753.24,29285,27360.04,25840.28,24147.59,22429.75,19785.11,11.76,12.93,12.08,11.78,10.09,7.19
Passenger-Vehicle,12B-642-976-P,COOLING FAN,4078,4078,RAMAKRISHNANLLC PRIVATE LIMITED,2391,4894,40,0,2.05,Green,29434.1,2110,1782,1,0,56,Cooling,8.14,A,P1,Buyer Gamma,Forging,1391.79,3892,56,3836,5338906.44,5793960.5,1.6,Daily,healthy,2445.65,2100.21,2522.98,2082.65,2826.34,2693.46,4894,3065.42,1077.14,0.0,0.0,0.0,2.0,1.46,0.43,0.0,0.0,0.0
India3.0,08K-681-183-B,OIL FILTER HOUSING,4013,4013,"LALLA,BASSIANDSHARAF PRIVATE LIMITED",294,882,1,0,3,Green,3867.62,323,201,0,0,17,Engine,8.42,D,P1,Buyer Epsilon,Forging,7530.49,524,17,507,3817958.43,7528607.82,1.72,Weekly,healthy,270.22,348.71,326.5,345.41,304.69,315.29,882,602.99,376.28,170.86,0.0,0.0,3.26,1.73,1.15,0.49,0.0,0.0
India2.0,04C-385-487-C,CROSS MEMBER,4069,4069,HANDAANDSONS PRIVATE LIMITED,1822,7970,123,0,4.37,Green,22947.84,5111,3097,0,0,54,Chassis,5.31,A,P1,Buyer Gamma,Fasteners,11768.07,8208,54,8154,95956842.78,105970761.59,4.48,Daily,healthy,1639.33,1631.3,1590.8,1835.16,2074.04,2042.43,7970,6556.37,5240.79,3816.73,1800.63,332.56,4.86,4.02,3.29,2.08,0.87,0.16
EV-Program,06A-903-712-C,FRAME SUPPORT,4046,4046,CHOUDHURYLLC PRIVATE LIMITED,169,416,21,0,2.46,Green,2275.28,249,103,1,3,98,Chassis,17.31,D,N1,Buyer Gamma,Electronics,10123.34,352,98,254,2571328.36,4405827.92,1.5,Weekly,healthy,182.55,183.34,144.12,186.27,153.65,159.38,416,342.67,235.81,149.63,117.39,126.31,2.28,1.87,1.64,0.8,0.76,0.79
EV-Program,12B-358-660-C,BONNET ASSEMBLY,4030,4030,"YOHANNAN,LALLANDSANGHA PRIVATE LIMITED",522,105,92,325,0.2,Red,5397.46,45,39,3,8,80,Body,17.88,B,P1,Buyer Delta,Casting,2460.48,84,80,4,9841.92,275901.53,0.01,Monthly,critical,500.45,511.07,580.1,555.67,551.19,548.83,105,0.0,0.0,0.0,0.0,0.0,0.21,0.0,0.0,0.0,0.0,0.0
India3.0,08K-677-970-C,CONTROL MODULE,4008,4008,AHUJA-DUTTA PRIVATE LIMITED,1955,2584,1287,0,1.32,Amber,25627.2,1589,977,7,4,35,Electrical,5.65,C,B1,Buyer Delta,Casting,263.46,2566,35,2531,666817.26,752752.7,1.29,Daily,low_coverage,1716.75,2180.3,1791.93,2215.21,1975.45,1744.63,2584,949.76,0.0,0.0,0.0,0.0,1.51,0.44,0.0,0.0,0.0,0.0
Passenger-Vehicle,15D-532-228-A,GEAR HOUSING,4062,4062,ZACHARIAANDSONS PRIVATE LIMITED,1224,16668,108,0,13.62,Gray,15438.59,9521,2597,2,2,59,Transmission,16.88,B,B2,Buyer Gamma,Electronics,11973.67,12118,59,12059,144390486.53,227316233.61,9.85,Daily,excess,1437.27,1352.76,1200.36,1324.2,1441.44,1339.95,16668,15555.12,14500.42,13400.17,12270.87,11321.24,11.6,11.5,12.08,10.12,8.51,8.45
India2.0,12B-176-455-B,TRANSMISSION COVER,4029,4029,DEWAN-KOSHY PRIVATE LIMITED,1400,828,1010,0,0.59,Red,17883.65,371,314,8,1,27,Transmission,14.67,C,P1,Buyer Gamma,Rubber,8542.77,685,27,658,5621142.66,7359689.55,0.47,Monthly,demand_spike,1673.55,2162.71,1999.4,1682.54,2407.44,1962.41,828,0.0,0.0,0.0,0.0,0.0,0.49,0.0,0.0,0.0,0.0,0.0
India2.0,12B-104-993-P,COOLING FAN,4017,4017,BUCH-KAUL PRIVATE LIMITED,3862,2479,2275,0,0.64,Red,41127.85,1078,807,7,3,29,Cooling,9.99,D,P1,Buyer Gamma,Electronics,8061.39,1885,29,1856,14961939.84,19275207.19,0.48,Daily,demand_spike,4418.93,5117.83,5169.43,5234.35,4751.39,6333.27,2479,0.0,0.0,0.0,0.0,0.0,0.56,0.0,0.0,0.0,0.0,0.0
India2.0,08K-850-129-P,COOLING FAN,4014,4014,"DASH,RADHAKRISHNANANDBRAR PRIVATE LIMITED",579,1851,25,0,3.2,Green,7828.01,649,401,0,3,170,Cooling,7.89,A,N1,Buyer Delta,Rubber,9715.64,1050,170,880,8549763.2,15426378.72,1.52,Monthly,in_transit,638.37,505.07,641.82,579.76,694.0,667.47,1851,1505.55,982.7,589.74,0.0,0.0,2.9,2.98,1.53,1.02,0.0,0.0
EV-Program,06A-548-710-C,BONNET ASSEMBLY,4030,4030,"YOHANNAN,LALLANDSANGHA PRIVATE LIMITED",2417,1215,1718,0,0.5,Red,33692.9,735,254,4,7,40,Body,19.61,D,B1,Buyer Gamma,Electronics,10823.65,989,40,949,10271643.85,13053117.65,0.39,Weekly,low_coverage,2094.39,2729.56,2481.11,2343.38,2415.8,2348.58,1215,0.0,0.0,0.0,0.0,0.0,0.58,0.0,0.0,0.0,0.0,0.0
India2.0,04C-827-361-P,DASHBOARD PANEL,4017,4017,BUCH-KAUL PRIVATE LIMITED,1905,8346,60,0,4.38,Green,22215.86,4345,3176,2,2,91,Interior,2.06,D,B2,Buyer Beta,Machining,1120.57,7521,91,7430,8325835.1,10347021.95,3.9,Monthly,healthy,1871.29,2138.32,2054.59,1836.47,1862.68,1994.54,8346,6446.86,4755.09,3398.8,1708.24,270.95,4.46,3.01,2.31,1.85,0.92,0.14
Commercial-Vehicle,12B-417-161-P,,4045,4045,NAIKGROUP PRIVATE LIMITED,2302,854,1212,236,0.37,Red,24186.98,407,253,7,3,88,Engine,13.37,D,P3,Buyer Alpha,Machining,5417.45,660,88,572,3098781.4,4996923.72,0.25,Daily,demand_spike,2509.09,3413.65,3132.24,3784.96,3750.56,2872.0,854,0.0,0.0,0.0,0.0,0.0,0.34,0.0,0.0,0.0,0.0,0.0
Passenger-Vehicle,15D-556-134-B,FUEL RAIL,4031,4031,"RASTOGI,PATHAKANDKANDA PRIVATE LIMITED",2411,25814,23,0,10.71,Gray,32167.05,15622,6211,3,1,68,Fuel System,14.36,D,B1,Buyer Alpha,Fasteners,11085.05,21833,68,21765,241266113.25,302162169.77,9.03,Monthly,excess,2137.81,2580.04,2090.84,2720.13,2422.15,2368.27,25814,23847.68,22149.53,19835.09,17566.45,15505.8,12.07,9.24,10.59,7.29,7.25,6.55
India3.0,12B-108-526-B,DOOR PANEL,4003,4003,"CHAUDRY,CHAHALANDSAMI PRIVATE LIMITED",1983,5492,272,0,2.77,Green,23771.36,3144,1315,2,3,98,Body,19.43,D,P2,Buyer Epsilon,Machining,8367.66,4459,98,4361,36491365.26,39480292.23,2.2,Monthly,in_transit,1712.55,2234.74,1955.89,2250.54,2230.31,2181.49,5492,3721.89,1962.81,70.77,0.0,0.0,3.21,1.67,1.0,0.03,0.0,0.0
Passenger-Vehicle,08K-951-104-B,DOOR PANEL,4021,4021,"LOKE,BORAANDGARG PRIVATE LIMITED",3501,2177,2349,0,0.62,Red,47187.2,1170,839,2,3,95,Body,1.14,C,P2,Buyer Delta,Machining,1593.24,2009,95,1914,3049461.36,3493175.6,0.55,Weekly,demand_spike,3973.92,5393.4,5378.32,5813.51,4419.4,3758.44,2177,0.0,0.0,0.0,0.0,0.0,0.55,0.0,0.0,0.0,0.0,0.0
India2.0,12B-677-445-A,SEAT BRACKET,4064,4064,GUPTA-CHANDRA PRIVATE LIMITED,179,698,3,0,3.9,Green,2358.26,268,235,4,7,293,Interior,22.59,A,N1,Buyer Alpha,Fasteners,4019.54,503,293,210,844103.4,3120254.97,1.17,Daily,in_transit,194.32,179.51,181.68,153.98,182.14,195.63,698,560.18,541.8,550.36,525.18,422.05,3.59,3.12,2.98,3.57,2.88,2.16
EV-Program,12B-559-306-C,TRANSMISSION COVER,4071,4071,MALLICKGROUP PRIVATE LIMITED,605,555,61,0,0.92,Red,7123.96,228,206,4,2,48,Transmission,6.74,C,P1,Buyer Beta,Electronics,967.57,434,48,386,373482.02,560771.18,0.64,Weekly,low_coverage,674.1,522.27,641.31,710.27,567.76,557.33,555,183.33,0.0,0.0,0.0,0.0,0.82,0.35,0.0,0.0,0.0,0.0
India2.0,15D-757-590-A,SUSPENSION BRACKET,4045,4045,NAIKGROUP PRIVATE LIMITED,739,2723,65,0,3.68,Green,9861.88,1074,755,3,0,10,Suspension,0.55,D,B2,Buyer Epsilon,Metals,8942.15,1829,10,1819,16265770.85,26534911.07,2.46,Monthly,healthy,773.78,703.71,876.47,791.61,879.56,809.97,2723,2143.61,1522.13,942.67,228.52,0.0,3.52,3.05,1.74,1.19,0.26,0.0
EV-Program,04C-927-199-B,WIRING HARNESS,4007,4007,SENPLC PRIVATE LIMITED,310,3985,8,0,12.85,Gray,3509.49,1607,1517,3,1,75,Electrical,10.54,D,N2,Buyer Gamma,Casting,1535.0,3124,75,3049,4680215.0,6686449.83,9.84,Daily,excess,339.7,303.14,356.06,333.03,272.45,355.87,3985,3814.57,3603.79,3373.89,3283.66,2929.05,11.73,12.58,10.12,10.13,12.05,8.23
India3.0,06A-375-802-B,SHOCK ABSORBER,4018,4018,RAILLC PRIVATE LIMITED,2212,27028,69,0,12.22,Gray,30667.49,13109,7693,3,0,32,Suspension,11.5,A,N2,Buyer Beta,Electronics,1219.87,20802,32,20770,25336699.9,33340314.55,9.39,Daily,excess,2363.39,2495.01,2327.5,2598.68,1992.82,1987.11,27028,24854.53,22606.46,20676.08,18865.99,17036.73,11.44,9.96,9.71,7.96,9.47,8.57
Commercial-Vehicle,12B-793-319-P,FRAME SUPPORT,4058,4058,AMBLEINC PRIVATE LIMITED,0,47,1,0,,Gray,0.0,26,9,2,3,13,Chassis,7.13,B,B1,Buyer Alpha,Electronics,5458.89,35,13,22,120095.58,219938.65,,Monthly,zero_demand,0.0,0.0,0.0,0.0,0.0,0.0,47,121.0,237.0,372.0,467.0,571.0,,,,,,
India2.0,08K-604-316-A,SUSPENSION BRACKET,4027,4027,"MURTY,KALAANDTATA PRIVATE LIMITED",951,3918,136,0,4.12,Green,9646.97,1406,1337,0,2,6,Suspension,10.28,D,P2,Buyer Alpha,Casting,7038.11,2743,6,2737,19263307.07,27058908.92,2.88,Weekly,healthy,928.48,942.98,951.6,1072.4,1066.55,1014.51,3918,3203.1,2379.22,1690.43,867.33,0.0,4.22,3.4,2.5,1.58,0.81,0.0
Commercial-Vehicle,06A-709-250-C,CONTROL MODULE,4046,4046,CHOUDHURYLLC PRIVATE LIMITED,1833,25104,104,0,13.7,Gray,21827.83,15945,5716,4,0,99,Electrical,1.46,C,P3,Buyer Beta,Electronics,1807.89,21661,99,21562,38981724.18,47618507.61,11.76,Monthly,excess,1902.34,1773.92,1617.96,1562.74,1958.54,2127.25,25104,23587.52,22206.22,20810.16,19251.38,17435.81,13.2,13.3,13.72,13.32,9.83,8.2
Passenger-Vehicle,08K-769-435-A,BRAKE BRACKET,4018,4018,RAILLC PRIVATE LIMITED,1258,3520,173,0,2.8,Green,16178.24,1717,1076,0,6,72,Braking,20.59,C,P3,Buyer Beta,Forging,10833.6,2793,72,2721,29478225.6,40353960.61,2.16,Weekly,in_transit,1234.29,1334.69,1114.38,1261.89,1309.84,1370.95,3520,2447.95,1711.05,780.52,0.0,0.0,2.85,1.83,1.54,0.62,0.0,0.0
Commercial-Vehicle,08K-217-730-B,CONTROL MODULE,4027,4027,"MURTY,KALAANDTATA PRIVATE LIMITED",2169,4538,150,0,2.09,Green,25253.11,1667,1498,0,2,40,Electrical,8.14,C,P3,Buyer Delta,Plastics,8897.14,3165,40,3125,27803562.5,38520779.62,1.44,Daily,in_transit,2387.81,2409.36,2537.6,1922.83,2157.82,2310.33,4538,2604.59,295.6,0.0,0.0,0.0,1.9,1.08,0.12,0.0,0.0,0.0
Passenger-Vehicle,12B-128-676-P,CHASSIS BRACKET,4052,4052,"SAMPATH,KAKARANDZACHARIA PRIVATE LIMITED",2038,8259,192,0,4.05,Green,26966.59,5212,2791,2,3,8,Chassis,24.72,D,N1,Buyer Delta,Metals,2349.82,8003,8,7995,18786810.9,20320931.37,3.92,Weekly,healthy,2254.86,2423.63,2147.33,1868.0,2198.35,1754.47,8259,6215.24,4524.4,3082.62,1350.03,143.35,3.66,2.56,2.11,1.65,0.61,0.08
India2.0,04C-282-204-P,DOOR PANEL,4071,4071,MALLICKGROUP PRIVATE LIMITED,860,2767,54,0,3.22,Green,11600.76,1493,748,0,1,100,Body,17.09,A,N1,Buyer Gamma,Forging,5674.95,2241,100,2141,12150067.95,16482465.07,2.49,Monthly,healthy,757.57,1004.48,743.04,966.44,980.31,779.38,2767,2126.03,1515.85,827.69,50.39,0.0,3.65,2.12,2.04,0.86,0.05,0.0
Commercial-Vehicle,04C-626-927-A,FUEL RAIL,4080,4080,"SUR,DUBEYANDGUPTA PRIVATE LIMITED",4054,1796,543,1715,0.44,Red,43732.06,1079,586,2,2,57,Fuel System,7.09,C,N1,Buyer Gamma,Fasteners,6469.4,1665,57,1608,10402795.2,12256092.91,0.4,Daily,demand_spike,4113.67,6026.42,6587.23,6683.31,7640.93,6186.67,1796,0.0,0.0,0.0,0.0,0.0,0.44,0.0,0.0,0.0,0.0,0.0
India2.0,06A-361-935-P,CHASSIS BRACKET,4047,4047,KHATRI-BHARDWAJ PRIVATE LIMITED,1757,7053,188,0,4.01,Green,19776.95,2869,1970,0,1,43,Chassis,22.38,A,N1,Buyer Alpha,Machining,3818.95,4839,43,4796,18315684.2,27584040.47,2.73,Weekly,healthy,1578.45,2049.46,1926.27,1749.41,1556.69,1858.93,7053,5274.48,3443.74,1760.87,322.66,0.0,4.47,2.57,1.79,1.01,0.21,0.0
EV-Program,04C-476-762-A,CLUTCH PLATE,4046,4046,CHOUDHURYLLC PRIVATE LIMITED,666,2848,90,0,4.28,Green,8552.46,1152,1045,4,3,93,Transmission,5.93,C,N2,Buyer Epsilon,Machining,10334.05,2197,93,2104,21742841.2,33076282.82,3.16,Weekly,healthy,785.36,675.48,611.36,775.83,760.13,790.58,2848,2228.2,1891.97,1319.88,646.97,36.7,3.63,3.3,3.09,1.7,0.85,0.05
EV-Program,06A-606-529-B,SUSPENSION BRACKET,4071,4071,MALLICKGROUP PRIVATE LIMITED,2206,1831,1376,0,0.83,Red,22571.15,788,704,6,3,67,Suspension,3.66,B,B1,Buyer Gamma,Metals,8971.04,1492,67,1425,12783732.0,17892105.75,0.65,Daily,low_coverage,2576.16,2020.59,2514.3,2035.33,2291.78,1930.93,1831,327.84,0.0,0.0,0.0,0.0,0.71,0.16,0.0,0.0,0.0,0.0
India3.0,15D-719-350-P,CONSOLE COVER,4017,4017,BUCH-KAUL PRIVATE LIMITED,1850,6959,44,0,3.76,Green,25737.5,2898,1215,2,1,53,Interior,1.08,A,N1,Buyer Epsilon,Forging,1138.75,4113,53,4060,4623325.0,8496412.5,2.19,Weekly,healthy,1981.44,2026.34,1989.26,2001.81,2091.64,2106.98,6959,5284.18,3701.12,2273.63,733.54,0.0,3.51,2.61,1.86,1.14,0.35,0.0
India2.0,06A-131-139-P,INTAKE MANIFOLD,4053,4053,"IYER,MUNIANDRASTOGI PRIVATE LIMITED",0,108,1,0,,Gray,0.0,57,36,0,2,94,Engine,23.14,C,N2,Buyer Epsilon,Metals,1694.26,93,94,0,0.0,164450.33,,Daily,zero_demand,0.0,0.0,0.0,0.0,0.0,0.0,108,204.0,224.0,298.0,306.0,323.0,,,,,,
Passenger-Vehicle,04C-403-866-P,DASHBOARD PANEL,4033,4033,BATTAINC PRIVATE LIMITED,1245,14645,35,0,11.76,Gray,13700.09,8361,2648,2,2,8,Interior,3.68,B,B2,Buyer Gamma,Metals,9088.22,11009,8,11001,99979508.22,148824190.8,8.84,Monthly,excess,1434.1,1222.44,1143.31,1248.01,1421.56,1424.27,14645,13668.25,12751.38,11634.36,10278.45,9007.03,10.21,11.18,11.15,9.32,7.23,6.32
EV-Program,12B-800-639-A,FUEL RAIL,4046,4046,CHOUDHURYLLC PRIVATE LIMITED,2104,8117,101,0,3.86,Green,23093.84,3692,2468,0,2,56,Fuel System,4.33,A,P1,Buyer Gamma,Casting,6695.41,6160,56,6104,40868782.64,62382406.41,2.9,Daily,healthy,2049.07,2133.28,2278.89,1912.12,2336.27,1939.42,8117,6397.1,4422.85,2817.61,852.92,0.0,3.96,3.0,1.94,1.47,0.37,0.0
India3.0,15D-797-158-C,RADIATOR PIPE,4048,4048,BRARINC PRIVATE LIMITED,282,885,34,0,3.14,Green,3681.47,367,310,1,1,56,Cooling,4.44,B,B1,Buyer Beta,Plastics,3962.04,677,56,621,2460426.84,3922286.63,2.2,Daily,healthy,273.17,269.92,248.34,252.54,253.21,253.73,885,709.83,619.67,499.31,423.19,235.01,3.24,2.63,2.5,1.98,1.67,0.93
EV-Program,08K-730-335-P,FRAME SUPPORT,4028,4028,SHANKER-DHAR PRIVATE LIMITED,35,2,7,26,0.06,Red,462.68,0,0,5,5,69,Chassis,17.58,B,B2,Buyer Beta,Rubber,9625.76,0,69,0,0.0,16711.76,0.0,Monthly,critical,33.91,39.93,36.35,32.87,30.31,40.36,2,102.37,160.6,131.44,151.16,260.17,0.06,2.56,4.42,4.0,4.99,6.45
Commercial-Vehicle,04C-414-155-A,WIRING HARNESS,4012,4012,PARMERLLC PRIVATE LIMITED,706,3205,99,0,4.54,Green,9273.07,1202,813,1,0,19,Electrical,12.25,B,P1,Buyer Alpha,Rubber,6235.16,2015,19,1996,12445379.36,17633012.19,2.83,Monthly,healthy,834.06,642.56,845.79,610.61,761.01,762.16,3205,2709.47,2194.65,1689.11,995.11,352.66,3.84,4.22,2.59,2.77,1.31,0.46
Commercial-Vehicle,04C-239-325-P,CONTROL MODULE,4079,4079,MANGAL-SAMPATH PRIVATE LIMITED,0,115,1,0,,Gray,0.0,62,24,0,3,44,Electrical,19.23,A,N2,Buyer Alpha,Plastics,10614.8,86,44,42,445821.6,1384869.63,,Weekly,zero_demand,0.0,0.0,0.0,0.0,0.0,0.0,115,147.0,199.0,205.0,349.0,447.0,,,,,,
India3.0,08K-968-319-C,BONNET ASSEMBLY,4043,4043,"ISSAC,DUAANDPRAKASH PRIVATE LIMITED",444,2159,22,0,4.86,Green,4667.63,841,408,4,2,52,Body,1.88,B,B1,Buyer Epsilon,Metals,5234.08,1249,52,1197,6265193.76,12294499.36,2.7,Monthly,healthy,525.49,442.36,390.39,390.58,486.26,526.49,2159,1866.97,1549.74,1271.16,958.8,542.31,4.11,4.22,3.97,3.25,1.97,1.03
Commercial-Vehicle,15D-170-467-A,DASHBOARD PANEL,4066,4066,ROY-SIBAL PRIVATE LIMITED,1575,1749,951,0,1.11,Amber,16213.98,969,368,1,1,74,Interior,15.55,A,P1,Buyer Beta,Machining,6013.11,1337,74,1263,7594557.93,9565644.51,0.8,Weekly,low_coverage,1750.94,1860.45,1886.52,1456.12,1575.72,1516.04,1749,243.95,0.0,0.0,0.0,0.0,1.0,0.13,0.0,0.0,0.0,0.0
India3.0,06A-357-872-P,FUEL RAIL,4042,4042,"CHERIAN,MISRAANDTRIPATHI PRIVATE LIMITED",329,187,117,25,0.57,Red,3579.23,109,71,8,3,76,Fuel System,3.76,B,N2,Buyer Epsilon,Metals,7624.89,180,76,104,792988.56,1596378.33,0.32,Daily,demand_spike,368.51,558.78,444.74,468.91,520.51,477.17,187,0.0,0.0,0.0,0.0,0.0,0.51,0.0,0.0,0.0,0.0,0.0
India2.0,04C-859-129-A,SUSPENSION BRACKET,4054,4054,"PRAKASH,SARMAANDVARUGHESE PRIVATE LIMITED",2074,20252,57,0,9.76,Gray,21540.26,10757,4465,1,2,62,Suspension,22.51,A,P2,Buyer Alpha,Electronics,11613.78,15222,62,15160,176064904.8,238002367.5,7.31,Weekly,excess,2306.51,2123.23,1907.8,2321.96,2458.33,2251.25,20252,18235.39,16801.3,14862.78,12749.72,10738.33,8.78,8.59,8.81,6.4,5.19,4.77
India3.0,15D-324-474-P,DASHBOARD PANEL,4052,4052,"SAMPATH,KAKARANDZACHARIA PRIVATE LIMITED",836,9320,29,0,11.15,Gray,11136.55,5484,3143,4,1,43,Interior,24.43,B,N2,Buyer Epsilon,Forging,746.55,8627,43,8584,6408385.2,6011635.49,10.27,Monthly,excess,769.42,757.14,864.89,830.63,787.05,930.06,9320,8776.47,7957.08,7315.69,6731.67,6110.86,12.11,11.59,9.2,8.81,8.55,6.57
EV-Program,12B-707-705-P,WIRING HARNESS,4006,4006,"BALA,ISSACANDSAINI PRIVATE LIMITED",295,83,12,200,0.28,Red,3191.48,42,24,5,3,19,Electrical,22.56,D,B2,Buyer Gamma,Forging,2305.9,66,19,47,108377.3,202950.35,0.16,Weekly,critical,260.52,267.62,288.93,285.78,323.29,332.75,83,0.0,0.0,0.0,0.0,0.0,0.32,0.0,0.0,0.0,0.0,0.0
India2.0,15D-388-304-A,BODY BRACKET,4016,4016,"BOASE,BATHANDKARI PRIVATE LIMITED",1977,302,982,693,0.15,Red,22700.25,119,60,5,4,81,Body,23.42,C,P1,Buyer Delta,Forging,3711.65,179,81,98,363741.7,1004630.73,0.05,Monthly,critical,2084.49,1942.87,1799.92,2230.23,2177.96,2008.31,302,0.0,0.0,0.0,0.0,0.0,0.14,0.0,0.0,0.0,0.0,0.0
Passenger-Vehicle,12B-672-555-P,INTAKE MANIFOLD,4079,4079,MANGAL-SAMPATH PRIVATE LIMITED,1827,5837,50,0,3.19,Green,25092.87,2296,1830,0,5,215,Engine,14.32,D,P3,Buyer Delta,Fasteners,6618.88,4126,215,3911,25886439.68,41453376.46,2.14,Weekly,in_transit,1863.54,2187.52,1982.01,1866.78,1786.8,1609.68,5837,4041.79,2276.2,452.43,0.0,0.0,3.13,1.85,1.15,0.24,0.0,0.0
India2.0,08K-931-475-B,BODY BRACKET,4011,4011,CHANDAGROUP PRIVATE LIMITED,1934,3190,194,0,1.65,Amber,25969.51,1452,747,4,2,76,Body,9.34,A,B2,Buyer Alpha,Fasteners,7375.74,2199,76,2123,15658696.02,22016102.65,1.1,Weekly,healthy,1811.41,2016.87,1745.26,2180.39,2023.16,2020.72,3190,1713.25,267.31,0.0,0.0,0.0,1.76,0.85,0.15,0.0,0.0,0.0
EV-Program,12B-692-112-C,FRAME SUPPORT,4075,4075,RAYGROUP PRIVATE LIMITED,907,3474,135,0,3.83,Green,9620.32,1833,834,2,0,56,Chassis,22.72,D,N2,Buyer Epsilon,Rubber,11847.59,2667,56,2611,30934057.49,40184412.67,2.88,Monthly,healthy,892.21,963.51,829.45,874.96,840.88,1077.31,3474,2629.49,1930.16,1288.62,647.43,0.0,3.89,2.73,2.33,1.47,0.77,0.0
Commercial-Vehicle,12B-491-527-P,SEAT BRACKET,4075,4075,RAYGROUP PRIVATE LIMITED,2399,9834,224,0,4.1,Green,30727.96,6073,3920,3,1,95,Interior,11.48,A,B1,Buyer Alpha,Electronics,5845.67,9993,95,9898,57860441.66,54077620.8,4.13,Daily,healthy,2063.88,2641.31,2713.53,2157.71,2432.36,2828.29,9834,7652.77,5197.78,3427.23,1448.11,0.0,4.76,2.9,1.92,1.59,0.6,0.0
Commercial-Vehicle,04C-426-761-P,TRANSMISSION COVER,4080,4080,"SUR,DUBEYANDGUPTA PRIVATE LIMITED",205,323,2,0,1.58,Amber,2702.97,120,109,2,0,40,Transmission,3.65,B,P1,Buyer Alpha,Machining,1965.84,229,40,189,371543.76,565519.63,0.92,Weekly,healthy,240.05,196.37,218.54,237.2,195.96,178.08,323,133.31,0.0,0.0,0.0,0.0,1.35,0.68,0.0,0.0,0.0,0.0
Passenger-Vehicle,08K-694-885-P,CONTROL ARM,4078,4078,RAMAKRISHNANLLC PRIVATE LIMITED,2078,4575,169,0,2.2,Green,28502.37,2734,852,2,2,48,Suspension,2.27,C,N2,Buyer Gamma,Electronics,3451.21,3586,48,3538,12210380.98,13427441.81,1.7,Weekly,healthy,2387.97,2444.3,2480.59,2467.77,2457.26,2376.48,4575,2562.39,415.5,0.0,0.0,0.0,1.92,1.05,0.17,0.0,0.0,0.0
Passenger-Vehicle,06A-665-900-C,BRAKE BRACKET,4009,4009,"SAMI,OAKANDMALL PRIVATE LIMITED",632,221,487,0,0.35,Red,7501.17,120,48,6,0,96,Braking,18.33,A,N2,Buyer Epsilon,Fasteners,9068.68,168,96,72,652944.96,1961970.96,0.11,Daily,demand_spike,662.46,990.69,914.61,739.43,870.84,914.54,221,0.0,0.0,0.0,0.0,0.0,0.33,0.0,0.0,0.0,0.0,0.0
EV-Program,06A-508-525-B,FUEL RAIL,4075,4075,RAYGROUP PRIVATE LIMITED,664,1793,17,0,2.7,Green,8216.45,972,510,3,2,59,Fuel System,0.58,A,P1,Buyer Epsilon,Casting,10884.81,1482,59,1423,15489084.63,17936106.31,2.14,Daily,healthy,708.42,730.58,622.95,589.67,706.52,795.35,1793,1280.26,731.58,258.01,0.0,0.0,2.53,1.75,1.17,0.44,0.0,0.0
Passenger-Vehicle,06A-990-494-A,FRAME SUPPORT,4055,4055,DARA-KOTA PRIVATE LIMITED,955,4223,65,0,4.42,Green,10225.34,1785,956,0,3,78,Chassis,22.86,C,N2,Buyer Beta,Fasteners,904.68,2741,78,2663,2409162.84,4029317.72,2.79,Weekly,healthy,838.15,1034.96,1040.97,960.63,1124.27,867.4,4223,3311.23,2400.89,1598.39,495.15,0.0,5.04,3.2,2.31,1.66,0.44,0.0
Passenger-Vehicle,08K-517-702-A,CLUTCH PLATE,4051,4051,GANDHI-LANKA PRIVATE LIMITED,289,1066,2,0,3.69,Green,3895.62,560,253,1,0,41,Transmission,0.42,B,N2,Buyer Gamma,Machining,10384.41,813,41,772,8016764.52,10145982.0,2.67,Weekly,healthy,245.74,287.31,273.84,265.08,335.41,276.98,1066,812.32,729.06,506.74,326.1,178.21,4.34,2.83,2.66,1.91,0.97,0.64
India2.0,04C-878-795-P,COOLING FAN,4068,4068,NORI-CHOPRA PRIVATE LIMITED,3191,2075,2079,0,0.65,Red,41303.73,1306,391,6,1,85,Cooling,11.9,C,N1,Buyer Alpha,Metals,6270.09,1697,85,1612,10107385.08,14658182.72,0.51,Daily,demand_spike,3048.84,5307.1,5806.11,4381.32,4209.13,4624.78,2075,0.0,0.0,0.0,0.0,0.0,0.68,0.0,0.0,0.0,0.0,0.0
India2.0,04C-973-992-B,ENGINE MOUNT,4014,4014,"DASH,RADHAKRISHNANANDBRAR PRIVATE LIMITED",461,1799,18,0,3.9,Green,6138.53,1026,436,1,0,88,Engine,1.76,B,P1,Buyer Epsilon,Fasteners,10221.14,1462,88,1374,14043846.36,17787842.32,2.98,Monthly,healthy,410.55,486.04,485.76,393.4,512.04,546.32,1799,1492.84,1164.94,918.62,440.07,0.0,4.38,3.07,2.4,2.34,0.86,0.0
Passenger-Vehicle,08K-555-186-C,CHASSIS BRACKET,4022,4022,"KONDA,GADEANDSHERE PRIVATE LIMITED",1046,1792,136,0,1.71,Amber,12722.21,773,326,2,2,79,Chassis,22.14,C,P1,Buyer Gamma,Metals,5833.48,1099,79,1020,5950149.6,10053802.99,0.98,Daily,healthy,1223.22,933.4,1250.53,1145.43,1097.54,1114.81,1792,1200.98,158.85,0.0,0.0,0.0,1.46,1.29,0.13,0.0,0.0,0.0
India2.0,04C-938-511-A,WATER PUMP,4013,4013,"LALLA,BASSIANDSHARAF PRIVATE LIMITED",653,5724,4,0,8.77,Gray,7058.5,2810,2066,0,1,15,Cooling,24.96,D,N2,Buyer Delta,Fasteners,8672.85,4876,15,4861,42158723.85,44896775.22,7.44,Daily,excess,556.3,667.24,557.17,775.46,680.51,632.98,5724,5280.02,4826.23,4218.39,3710.51,3168.91,10.29,7.91,8.66,5.44,5.45,5.01
EV-Program,15D-454-529-C,BRAKE BRACKET,4025,4025,MUTTIGROUP PRIVATE LIMITED,963,3310,33,0,3.44,Green,12875.73,1832,523,0,1,70,Braking,4.21,B,P3,Buyer Delta,Plastics,6533.57,2355,70,2285,14929207.45,23565026.16,2.37,Weekly,healthy,847.17,922.9,822.65,849.84,883.4,903.99,3310,2535.29,1884.28,1242.58,536.56,0.0,3.91,2.75,2.29,1.46,0.61,0.0
Commercial-Vehicle,04C-241-669-C,CONTROL MODULE,4037,4037,APTE-CONTRACTOR PRIVATE LIMITED,1377,4872,149,0,3.54,Green,16620.25,1897,802,3,3,67,Electrical,24.28,B,N2,Buyer Beta,Rubber,7479.69,2699,67,2632,19686544.08,40137652.88,1.91,Daily,healthy,1331.46,1237.93,1174.26,1631.15,1456.42,1645.93,4872,4001.89,3137.87,1890.96,714.25,0.0,3.66,3.23,2.67,1.16,0.49,0.0
India2.0,12B-218-764-C,DOOR PANEL,4011,4011,CHANDAGROUP PRIVATE LIMITED,0,290,0,0,,Gray,0.0,163,105,0,2,55,Body,6.73,A,P3,Buyer Beta,Forging,10891.5,268,55,213,2319889.5,2871941.94,,Weekly,zero_demand,0.0,0.0,0.0,0.0,0.0,0.0,290,365.0,475.0,547.0,605.0,700.0,,,,,,
India2.0,15D-449-971-P,FUEL PIPE,4019,4019,PATLA-GABA PRIVATE LIMITED,277,51,96,130,0.18,Red,2879.52,24,11,4,6,37,Fuel System,19.11,B,N1,Buyer Gamma,Casting,2747.69,35,37,0,0.0,150098.04,0.0,Monthly,critical,272.57,328.45,304.89,329.04,272.37,251.65,51,0.0,0.0,0.0,0.0,0.0,0.19,0.0,0.0,0.0,0.0,0.0
Commercial-Vehicle,04C-589-178-A,WIRING HARNESS,4052,4052,"SAMPATH,KAKARANDZACHARIA PRIVATE LIMITED",1088,4822,127,0,4.43,Green,14349.38,2282,928,0,1,92,Electrical,12.35,A,P3,Buyer Delta,Metals,687.15,3210,92,3118,2142533.7,3073185.9,2.87,Daily,healthy,1011.02,1175.08,1100.88,1213.17,1240.64,1054.88,4822,3944.51,3124.53,2025.49,946.02,105.93,4.77,3.36,2.84,1.67,0.76,0.1
India2.0,15D-239-502-A,BRAKE CALIPER,4041,4041,"LALL,TELLAANDGOKHALE PRIVATE LIMITED",81,390,6,0,4.81,Green,1028.47,159,76,3,0,82,Braking,14.89,B,P1,Buyer Epsilon,Plastics,5055.09,235,82,153,773428.77,2151077.3,1.89,Weekly,healthy,93.35,83.53,86.92,78.0,72.64,76.87,390,413.63,390.01,337.04,316.87,271.1,4.18,4.95,4.49,4.32,4.36,3.53
India2.0,06A-962-127-A,FRAME SUPPORT,4067,4067,"BHAGAT,CHAUDHARIANDBHAT PRIVATE LIMITED",641,2,6,633,0,Red,7888.29,0,0,5,4,49,Chassis,15.72,B,B1,Buyer Delta,Rubber,6754.65,0,49,0,0.0,13725.93,0.0,Monthly,critical,756.67,675.36,745.16,698.55,708.34,669.08,2,0.0,0.0,0.0,0.0,0.0,0.0,0.0,0.0,0.0,0.0,0.0
Passenger-Vehicle,08K-657-411-P,COOLING FAN,4026,4026,BHATTI-KAKAR PRIVATE LIMITED,1583,191,824,568,0.12,Red,19550.37,77,56,6,5,98,Cooling,24.82,C,N2,Buyer Gamma,Metals,4085.32,133,98,35,142986.2,880500.76,0.02,Weekly,critical,1652.53,1435.8,1349.71,1579.16,1594.83,1774.35,191,0.0,0.0,0.0,0.0,0.0,0.12,0.0,0.0,0.0,0.0,0.0
EV-Program,06A-861-924-A,FUEL PIPE,4027,4027,"MURTY,KALAANDTATA PRIVATE LIMITED",1371,2411,181,0,1.76,Amber,16405.81,1091,777,1,2,96,Fuel System,15.23,D,P3,Buyer Beta,Plastics,7718.75,1868,96,1772,13677625.0,17664492.57,1.29,Daily,healthy,1381.46,1297.45,1236.38,1587.7,1312.5,1469.52,2411,1461.32,500.88,0.0,0.0,0.0,1.75,1.13,0.41,0.0,0.0,0.0
India3.0,12B-710-119-P,BRAKE CALIPER,4005,4005,KAULPLC PRIVATE LIMITED,88,59,58,0,0.67,Red,900.0,32,21,3,4,53,Braking,23.92,D,P3,Buyer Beta,Plastics,2911.69,53,53,0,0.0,160483.08,0.0,Daily,low_coverage,81.52,86.55,85.09,102.52,97.46,83.99,59,44.0,93.08,16.11,0.0,18.2,0.72,0.51,1.09,0.16,0.0,0.22
India3.0,15D-615-915-B,RADIATOR PIPE,4037,4037,APTE-CONTRACTOR PRIVATE LIMITED,0,94,1,0,,Gray,0.0,45,25,1,3,16,Cooling,15.79,A,B1,Buyer Alpha,Fasteners,8094.28,70,16,54,437091.12,693241.15,,Monthly,zero_demand,0.0,0.0,0.0,0.0,0.0,0.0,94,195.0,317.0,317.0,377.0,457.0,,,,,,
India2.0,15D-429-607-A,FUEL RAIL,4028,4028,SHANKER-DHAR PRIVATE LIMITED,2085,4392,35,0,2.11,Green,29006.43,2731,1062,3,1,21,Fuel System,2.31,D,N2,Buyer Gamma,Forging,664.3,3793,21,3772,2505739.6,2935397.28,1.81,Weekly,healthy,1824.68,1954.11,1857.54,2143.08,2177.18,2414.9,4392,2881.71,1234.58,0.0,0.0,0.0,2.41,1.47,0.66,0.0,0.0,0.0
India2.0,06A-448-329-B,SEAT BRACKET,4070,4070,"SEN,DEYANDSAMI PRIVATE LIMITED",2279,10900,86,0,4.78,Green,25966.68,4778,2116,2,0,88,Interior,21.57,B,P3,Buyer Beta,Plastics,2289.93,6894,88,6806,15585263.58,21773079.22,2.99,Monthly,healthy,2028.38,2159.96,2559.24,1981.38,2267.31,2686.75,10900,9091.22,7166.48,5505.18,3461.81,1571.34,5.37,4.21,2.8,2.78,1.53,0.58
